página,breakpoint,componente,seletor,propriedade divergente,esperado,atual,diferença,CSS provável responsável
detalhe-anuncio.html,390x844,headers,.app-header.app-header--detail.home-side-meta,padding.top,0,20,20,assets/css/components/shell/desktop-topbar.css :: .home-side-meta | assets/css/components/shell/doke-shell-contract.css :: .app-header | assets/css/components/shell/app-header.css :: .app-header | assets/css/components/shell/mobile-app-shell.css :: .home-side-meta | assets/css/components/shell/mobile-base-stability.css :: .home-side-meta | assets/css/pages/detalhe-anuncio.css :: .app-header | assets/css/pages/detalhe-anuncio-rail-parity.css :: .app-header
detalhe-anuncio.html,390x844,headers,.app-header.app-header--detail.home-side-meta,padding.bottom,0,28,28,assets/css/components/shell/desktop-topbar.css :: .home-side-meta | assets/css/components/shell/doke-shell-contract.css :: .app-header | assets/css/components/shell/app-header.css :: .app-header | assets/css/components/shell/mobile-app-shell.css :: .home-side-meta | assets/css/components/shell/mobile-base-stability.css :: .home-side-meta | assets/css/pages/detalhe-anuncio.css :: .app-header | assets/css/pages/detalhe-anuncio-rail-parity.css :: .app-header
detalhe-anuncio.html,390x844,header inner,.app-header__inner,gap,normal,8px,,assets/css/components/shell/doke-shell-contract.css :: .app-header__inner | assets/css/components/shell/app-header.css :: .app-header__inner | assets/css/pages/detalhe-anuncio.css :: .app-header__inner | assets/css/pages/detalhe-anuncio-rail-parity.css :: .app-header__inner
detalhe-anuncio.html,390x844,header inner,.app-header__inner,row-gap,normal,8px,,assets/css/components/shell/doke-shell-contract.css :: .app-header__inner | assets/css/components/shell/app-header.css :: .app-header__inner | assets/css/pages/detalhe-anuncio.css :: .app-header__inner | assets/css/pages/detalhe-anuncio-rail-parity.css :: .app-header__inner
detalhe-anuncio.html,390x844,header inner,.app-header__inner,column-gap,normal,8px,,assets/css/components/shell/doke-shell-contract.css :: .app-header__inner | assets/css/components/shell/app-header.css :: .app-header__inner | assets/css/pages/detalhe-anuncio.css :: .app-header__inner | assets/css/pages/detalhe-anuncio-rail-parity.css :: .app-header__inner
detalhe-anuncio.html,390x844,containers/rails,.doke-reviews-bar__track,x,26,0,-26,assets/css/patterns/reviews-section.css :: .doke-reviews-bar__track | assets/css/pages/detalhe-anuncio-rail-parity.css :: .doke-reviews-bar__track
detalhe-anuncio.html,390x844,containers/rails,.doke-reviews-bar__track,y,1812.16,0,-1812.16,assets/css/patterns/reviews-section.css :: .doke-reviews-bar__track | assets/css/pages/detalhe-anuncio-rail-parity.css :: .doke-reviews-bar__track
detalhe-anuncio.html,390x844,containers/rails,.doke-reviews-bar__track,width,354,0,-354,assets/css/patterns/reviews-section.css :: .doke-reviews-bar__track | assets/css/pages/detalhe-anuncio-rail-parity.css :: .doke-reviews-bar__track
detalhe-anuncio.html,390x844,containers/rails,.doke-reviews-bar__track,height,36,0,-36,assets/css/patterns/reviews-section.css :: .doke-reviews-bar__track | assets/css/pages/detalhe-anuncio-rail-parity.css :: .doke-reviews-bar__track
detalhe-anuncio.html,390x844,containers/rails,.doke-reviews-bar__track,border-radius,0px,999px,,assets/css/patterns/reviews-section.css :: .doke-reviews-bar__track | assets/css/pages/detalhe-anuncio-rail-parity.css :: .doke-reviews-bar__track
detalhe-anuncio.html,390x844,containers/rails,.doke-reviews-bar__track,font-size,16,13.44,-2.56,assets/css/patterns/reviews-section.css :: .doke-reviews-bar__track | assets/css/pages/detalhe-anuncio-rail-parity.css :: .doke-reviews-bar__track
detalhe-anuncio.html,390x844,containers/rails,.doke-reviews-bar__track,aspect-ratio,9.83,,,assets/css/patterns/reviews-section.css :: .doke-reviews-bar__track | assets/css/pages/detalhe-anuncio-rail-parity.css :: .doke-reviews-bar__track
detalhe-anuncio.html,390x844,containers/rails,.doke-reviews-bar__track,x,26,0,-26,assets/css/patterns/reviews-section.css :: .doke-reviews-bar__track | assets/css/pages/detalhe-anuncio-rail-parity.css :: .doke-reviews-bar__track
detalhe-anuncio.html,390x844,containers/rails,.doke-reviews-bar__track,y,1812.16,0,-1812.16,assets/css/patterns/reviews-section.css :: .doke-reviews-bar__track | assets/css/pages/detalhe-anuncio-rail-parity.css :: .doke-reviews-bar__track
detalhe-anuncio.html,390x844,containers/rails,.doke-reviews-bar__track,width,354,0,-354,assets/css/patterns/reviews-section.css :: .doke-reviews-bar__track | assets/css/pages/detalhe-anuncio-rail-parity.css :: .doke-reviews-bar__track
detalhe-anuncio.html,390x844,containers/rails,.doke-reviews-bar__track,height,36,0,-36,assets/css/patterns/reviews-section.css :: .doke-reviews-bar__track | assets/css/pages/detalhe-anuncio-rail-parity.css :: .doke-reviews-bar__track
detalhe-anuncio.html,390x844,containers/rails,.doke-reviews-bar__track,border-radius,0px,999px,,assets/css/patterns/reviews-section.css :: .doke-reviews-bar__track | assets/css/pages/detalhe-anuncio-rail-parity.css :: .doke-reviews-bar__track
detalhe-anuncio.html,390x844,containers/rails,.doke-reviews-bar__track,font-size,16,13.44,-2.56,assets/css/patterns/reviews-section.css :: .doke-reviews-bar__track | assets/css/pages/detalhe-anuncio-rail-parity.css :: .doke-reviews-bar__track
detalhe-anuncio.html,390x844,containers/rails,.doke-reviews-bar__track,aspect-ratio,9.83,,,assets/css/patterns/reviews-section.css :: .doke-reviews-bar__track | assets/css/pages/detalhe-anuncio-rail-parity.css :: .doke-reviews-bar__track
detalhe-anuncio.html,390x844,containers/rails,.doke-reviews-bar__track,measured-child-gap-x,0,,,assets/css/patterns/reviews-section.css :: .doke-reviews-bar__track | assets/css/pages/detalhe-anuncio-rail-parity.css :: .doke-reviews-bar__track
detalhe-anuncio.html,390x844,containers/rails,.content-rail.doke-scroll-rail.home-media-rail.home-media-rail--workers.detail-related-media-rail,x,26,16,-10,assets/css/components/shell/doke-shell-contract.css :: .content-rail | assets/css/pages/detalhe-anuncio.css :: .content-rail | assets/css/pages/detalhe-anuncio-rail-parity.css :: .content-rail | assets/css/components/cards/marketplace-card-contract.css :: .content-rail
detalhe-anuncio.html,390x844,containers/rails,.content-rail.doke-scroll-rail.home-media-rail.home-media-rail--workers.detail-related-media-rail,y,1932.97,1557.3,-375.67,assets/css/components/shell/doke-shell-contract.css :: .content-rail | assets/css/pages/detalhe-anuncio.css :: .content-rail | assets/css/pages/detalhe-anuncio-rail-parity.css :: .content-rail | assets/css/components/cards/marketplace-card-contract.css :: .content-rail
detalhe-anuncio.html,390x844,containers/rails,.content-rail.doke-scroll-rail.home-media-rail.home-media-rail--workers.detail-related-media-rail,width,354,374,20,assets/css/components/shell/doke-shell-contract.css :: .content-rail | assets/css/pages/detalhe-anuncio.css :: .content-rail | assets/css/pages/detalhe-anuncio-rail-parity.css :: .content-rail | assets/css/components/cards/marketplace-card-contract.css :: .content-rail
detalhe-anuncio.html,390x844,containers/rails,.content-rail.doke-scroll-rail.home-media-rail.home-media-rail--workers.detail-related-media-rail,height,515.42,476.41,-39.01,assets/css/components/shell/doke-shell-contract.css :: .content-rail | assets/css/pages/detalhe-anuncio.css :: .content-rail | assets/css/pages/detalhe-anuncio-rail-parity.css :: .content-rail | assets/css/components/cards/marketplace-card-contract.css :: .content-rail
detalhe-anuncio.html,390x844,containers/rails,.content-rail.doke-scroll-rail.home-media-rail.home-media-rail--workers.detail-related-media-rail,aspect-ratio,0.69,0.79,0.1,assets/css/components/shell/doke-shell-contract.css :: .content-rail | assets/css/pages/detalhe-anuncio.css :: .content-rail | assets/css/pages/detalhe-anuncio-rail-parity.css :: .content-rail | assets/css/components/cards/marketplace-card-contract.css :: .content-rail
detalhe-anuncio.html,390x844,containers/rails,.content-rail.doke-scroll-rail.home-media-rail.home-media-rail--workers.detail-related-media-rail,media.height,148,476.41,328.41,assets/css/components/shell/doke-shell-contract.css :: .content-rail | assets/css/pages/detalhe-anuncio.css :: .content-rail | assets/css/pages/detalhe-anuncio-rail-parity.css :: .content-rail | assets/css/components/cards/marketplace-card-contract.css :: .content-rail
detalhe-anuncio.html,390x844,containers/rails,.content-rail.doke-scroll-rail.home-media-rail.home-media-rail--workers.detail-related-media-rail,media.aspect-ratio,0.72,0.79,0.07,assets/css/components/shell/doke-shell-contract.css :: .content-rail | assets/css/pages/detalhe-anuncio.css :: .content-rail | assets/css/pages/detalhe-anuncio-rail-parity.css :: .content-rail | assets/css/components/cards/marketplace-card-contract.css :: .content-rail
detalhe-anuncio.html,390x844,containers/rails,.short-videos__track.detail-related-workers__track,y,1932.97,1557.3,-375.67,assets/css/pages/detalhe-anuncio.css :: .detail-related-workers__track | assets/css/pages/detalhe-anuncio-rail-parity.css :: .detail-related-workers__track | assets/css/components/cards/marketplace-card-contract.css :: .short-videos__track
detalhe-anuncio.html,390x844,containers/rails,.short-videos__track.detail-related-workers__track,height,515.42,476.41,-39.01,assets/css/pages/detalhe-anuncio.css :: .detail-related-workers__track | assets/css/pages/detalhe-anuncio-rail-parity.css :: .detail-related-workers__track | assets/css/components/cards/marketplace-card-contract.css :: .short-videos__track
detalhe-anuncio.html,390x844,containers/rails,.short-videos__track.detail-related-workers__track,aspect-ratio,0.69,0.74,0.05,assets/css/pages/detalhe-anuncio.css :: .detail-related-workers__track | assets/css/pages/detalhe-anuncio-rail-parity.css :: .detail-related-workers__track | assets/css/components/cards/marketplace-card-contract.css :: .short-videos__track
detalhe-anuncio.html,390x844,containers/rails,.short-videos__track.detail-related-workers__track,gap,14px,10px,-4,assets/css/pages/detalhe-anuncio.css :: .detail-related-workers__track | assets/css/pages/detalhe-anuncio-rail-parity.css :: .detail-related-workers__track | assets/css/components/cards/marketplace-card-contract.css :: .short-videos__track
detalhe-anuncio.html,390x844,containers/rails,.short-videos__track.detail-related-workers__track,row-gap,14px,10px,-4,assets/css/pages/detalhe-anuncio.css :: .detail-related-workers__track | assets/css/pages/detalhe-anuncio-rail-parity.css :: .detail-related-workers__track | assets/css/components/cards/marketplace-card-contract.css :: .short-videos__track
detalhe-anuncio.html,390x844,containers/rails,.short-videos__track.detail-related-workers__track,column-gap,14px,10px,-4,assets/css/pages/detalhe-anuncio.css :: .detail-related-workers__track | assets/css/pages/detalhe-anuncio-rail-parity.css :: .detail-related-workers__track | assets/css/components/cards/marketplace-card-contract.css :: .short-videos__track
detalhe-anuncio.html,390x844,containers/rails,.short-videos__track.detail-related-workers__track,measured-child-gap-x,14,10,-4,assets/css/pages/detalhe-anuncio.css :: .detail-related-workers__track | assets/css/pages/detalhe-anuncio-rail-parity.css :: .detail-related-workers__track | assets/css/components/cards/marketplace-card-contract.css :: .short-videos__track
detalhe-anuncio.html,390x844,containers/rails,.short-videos__track.detail-related-workers__track,media.height,148,233.2,85.2,assets/css/pages/detalhe-anuncio.css :: .detail-related-workers__track | assets/css/pages/detalhe-anuncio-rail-parity.css :: .detail-related-workers__track | assets/css/components/cards/marketplace-card-contract.css :: .short-videos__track
detalhe-anuncio.html,390x844,containers/rails,.short-videos__track.detail-related-workers__track,media.border-radius,0px,16px,,assets/css/pages/detalhe-anuncio.css :: .detail-related-workers__track | assets/css/pages/detalhe-anuncio-rail-parity.css :: .detail-related-workers__track | assets/css/components/cards/marketplace-card-contract.css :: .short-videos__track
detalhe-anuncio.html,390x844,containers/rails,.content-rail.doke-scroll-rail.home-media-rail.home-media-rail--publications.detail-related-media-rail,x,26,16,-10,assets/css/components/shell/doke-shell-contract.css :: .content-rail | assets/css/pages/detalhe-anuncio.css :: .content-rail | assets/css/pages/detalhe-anuncio-rail-parity.css :: .content-rail | assets/css/components/cards/marketplace-card-contract.css :: .content-rail
detalhe-anuncio.html,390x844,containers/rails,.content-rail.doke-scroll-rail.home-media-rail.home-media-rail--publications.detail-related-media-rail,y,2533.2,2121.31,-411.89,assets/css/components/shell/doke-shell-contract.css :: .content-rail | assets/css/pages/detalhe-anuncio.css :: .content-rail | assets/css/pages/detalhe-anuncio-rail-parity.css :: .content-rail | assets/css/components/cards/marketplace-card-contract.css :: .content-rail
detalhe-anuncio.html,390x844,containers/rails,.content-rail.doke-scroll-rail.home-media-rail.home-media-rail--publications.detail-related-media-rail,width,354,358,4,assets/css/components/shell/doke-shell-contract.css :: .content-rail | assets/css/pages/detalhe-anuncio.css :: .content-rail | assets/css/pages/detalhe-anuncio-rail-parity.css :: .content-rail | assets/css/components/cards/marketplace-card-contract.css :: .content-rail
detalhe-anuncio.html,390x844,containers/rails,.content-rail.doke-scroll-rail.home-media-rail.home-media-rail--publications.detail-related-media-rail,height,1919.88,636,-1283.88,assets/css/components/shell/doke-shell-contract.css :: .content-rail | assets/css/pages/detalhe-anuncio.css :: .content-rail | assets/css/pages/detalhe-anuncio-rail-parity.css :: .content-rail | assets/css/components/cards/marketplace-card-contract.css :: .content-rail
detalhe-anuncio.html,390x844,containers/rails,.content-rail.doke-scroll-rail.home-media-rail.home-media-rail--publications.detail-related-media-rail,aspect-ratio,0.18,0.56,0.38,assets/css/components/shell/doke-shell-contract.css :: .content-rail | assets/css/pages/detalhe-anuncio.css :: .content-rail | assets/css/pages/detalhe-anuncio-rail-parity.css :: .content-rail | assets/css/components/cards/marketplace-card-contract.css :: .content-rail
detalhe-anuncio.html,390x844,containers/rails,.content-rail.doke-scroll-rail.home-media-rail.home-media-rail--publications.detail-related-media-rail,media.height,1919.88,636,-1283.88,assets/css/components/shell/doke-shell-contract.css :: .content-rail | assets/css/pages/detalhe-anuncio.css :: .content-rail | assets/css/pages/detalhe-anuncio-rail-parity.css :: .content-rail | assets/css/components/cards/marketplace-card-contract.css :: .content-rail
detalhe-anuncio.html,390x844,containers/rails,.content-rail.doke-scroll-rail.home-media-rail.home-media-rail--publications.detail-related-media-rail,media.aspect-ratio,0.18,0.56,0.38,assets/css/components/shell/doke-shell-contract.css :: .content-rail | assets/css/pages/detalhe-anuncio.css :: .content-rail | assets/css/pages/detalhe-anuncio-rail-parity.css :: .content-rail | assets/css/components/cards/marketplace-card-contract.css :: .content-rail
detalhe-anuncio.html,390x844,containers/rails,.content-rail.doke-scroll-rail.home-media-rail.home-media-rail--publications.detail-related-media-rail,texto cortado,false,true,,assets/css/components/shell/doke-shell-contract.css :: .content-rail | assets/css/pages/detalhe-anuncio.css :: .content-rail | assets/css/pages/detalhe-anuncio-rail-parity.css :: .content-rail | assets/css/components/cards/marketplace-card-contract.css :: .content-rail
detalhe-anuncio.html,390x844,containers/rails,.publication-grid.detail-related-publications__track,y,2533.2,2121.31,-411.89,assets/css/pages/detalhe-anuncio.css :: .detail-related-publications__track | assets/css/pages/detalhe-anuncio-rail-parity.css :: .detail-related-publications__track | assets/css/components/cards/marketplace-card-contract.css :: .publication-grid
detalhe-anuncio.html,390x844,containers/rails,.publication-grid.detail-related-publications__track,width,354,338,-16,assets/css/pages/detalhe-anuncio.css :: .detail-related-publications__track | assets/css/pages/detalhe-anuncio-rail-parity.css :: .detail-related-publications__track | assets/css/components/cards/marketplace-card-contract.css :: .publication-grid
detalhe-anuncio.html,390x844,containers/rails,.publication-grid.detail-related-publications__track,height,1919.88,636,-1283.88,assets/css/pages/detalhe-anuncio.css :: .detail-related-publications__track | assets/css/pages/detalhe-anuncio-rail-parity.css :: .detail-related-publications__track | assets/css/components/cards/marketplace-card-contract.css :: .publication-grid
detalhe-anuncio.html,390x844,containers/rails,.publication-grid.detail-related-publications__track,padding.bottom,0,8,8,assets/css/pages/detalhe-anuncio.css :: .detail-related-publications__track | assets/css/pages/detalhe-anuncio-rail-parity.css :: .detail-related-publications__track | assets/css/components/cards/marketplace-card-contract.css :: .publication-grid
detalhe-anuncio.html,390x844,containers/rails,.publication-grid.detail-related-publications__track,aspect-ratio,0.18,0.53,0.35,assets/css/pages/detalhe-anuncio.css :: .detail-related-publications__track | assets/css/pages/detalhe-anuncio-rail-parity.css :: .detail-related-publications__track | assets/css/components/cards/marketplace-card-contract.css :: .publication-grid
detalhe-anuncio.html,390x844,containers/rails,.publication-grid.detail-related-publications__track,measured-child-gap-x,,12,,assets/css/pages/detalhe-anuncio.css :: .detail-related-publications__track | assets/css/pages/detalhe-anuncio-rail-parity.css :: .detail-related-publications__track | assets/css/components/cards/marketplace-card-contract.css :: .publication-grid
detalhe-anuncio.html,390x844,containers/rails,.publication-grid.detail-related-publications__track,measured-child-gap-y,0,,,assets/css/pages/detalhe-anuncio.css :: .detail-related-publications__track | assets/css/pages/detalhe-anuncio-rail-parity.css :: .detail-related-publications__track | assets/css/components/cards/marketplace-card-contract.css :: .publication-grid
detalhe-anuncio.html,390x844,containers/rails,.publication-grid.detail-related-publications__track,media.height,479.97,164,-315.97,assets/css/pages/detalhe-anuncio.css :: .detail-related-publications__track | assets/css/pages/detalhe-anuncio-rail-parity.css :: .detail-related-publications__track | assets/css/components/cards/marketplace-card-contract.css :: .publication-grid
detalhe-anuncio.html,390x844,containers/rails,.publication-grid.detail-related-publications__track,media.aspect-ratio,0.74,0.99,0.25,assets/css/pages/detalhe-anuncio.css :: .detail-related-publications__track | assets/css/pages/detalhe-anuncio-rail-parity.css :: .detail-related-publications__track | assets/css/components/cards/marketplace-card-contract.css :: .publication-grid
detalhe-anuncio.html,390x844,containers/rails,.publication-grid.detail-related-publications__track,media.border-radius,16px,22px 22px 0px 0px,,assets/css/pages/detalhe-anuncio.css :: .detail-related-publications__track | assets/css/pages/detalhe-anuncio-rail-parity.css :: .detail-related-publications__track | assets/css/components/cards/marketplace-card-contract.css :: .publication-grid
detalhe-anuncio.html,390x844,containers/rails,.publication-grid.detail-related-publications__track,texto cortado,false,true,,assets/css/pages/detalhe-anuncio.css :: .detail-related-publications__track | assets/css/pages/detalhe-anuncio-rail-parity.css :: .detail-related-publications__track | assets/css/components/cards/marketplace-card-contract.css :: .publication-grid
detalhe-anuncio.html,390x844,doke-ad-card,.doke-ad-card.doke-ad-card--similar,x,26,16,-10,assets/css/components/shell/doke-shell-contract.css :: .doke-ad-card | assets/css/pages/detalhe-anuncio.css :: .doke-ad-card | assets/css/pages/detalhe-anuncio-rail-parity.css :: .doke-ad-card | assets/css/components/cards/marketplace-card-contract.css :: .doke-ad-card
detalhe-anuncio.html,390x844,doke-ad-card,.doke-ad-card.doke-ad-card--similar,y,1932.97,2842.92,909.95,assets/css/components/shell/doke-shell-contract.css :: .doke-ad-card | assets/css/pages/detalhe-anuncio.css :: .doke-ad-card | assets/css/pages/detalhe-anuncio-rail-parity.css :: .doke-ad-card | assets/css/components/cards/marketplace-card-contract.css :: .doke-ad-card
detalhe-anuncio.html,390x844,doke-ad-card,.doke-ad-card.doke-ad-card--similar,width,108,174,66,assets/css/components/shell/doke-shell-contract.css :: .doke-ad-card | assets/css/pages/detalhe-anuncio.css :: .doke-ad-card | assets/css/pages/detalhe-anuncio-rail-parity.css :: .doke-ad-card | assets/css/components/cards/marketplace-card-contract.css :: .doke-ad-card
detalhe-anuncio.html,390x844,doke-ad-card,.doke-ad-card.doke-ad-card--similar,height,513.42,356.23,-157.19,assets/css/components/shell/doke-shell-contract.css :: .doke-ad-card | assets/css/pages/detalhe-anuncio.css :: .doke-ad-card | assets/css/pages/detalhe-anuncio-rail-parity.css :: .doke-ad-card | assets/css/components/cards/marketplace-card-contract.css :: .doke-ad-card
detalhe-anuncio.html,390x844,doke-ad-card,.doke-ad-card.doke-ad-card--similar,border-radius,16px,22px,,assets/css/components/shell/doke-shell-contract.css :: .doke-ad-card | assets/css/pages/detalhe-anuncio.css :: .doke-ad-card | assets/css/pages/detalhe-anuncio-rail-parity.css :: .doke-ad-card | assets/css/components/cards/marketplace-card-contract.css :: .doke-ad-card
detalhe-anuncio.html,390x844,doke-ad-card,.doke-ad-card.doke-ad-card--similar,box-shadow,"rgba(19, 48, 82, 0.08) 0px 10px 28px 0px","rgba(19, 48, 82, 0.07) 0px 10px 22px 0px",,assets/css/components/shell/doke-shell-contract.css :: .doke-ad-card | assets/css/pages/detalhe-anuncio.css :: .doke-ad-card | assets/css/pages/detalhe-anuncio-rail-parity.css :: .doke-ad-card | assets/css/components/cards/marketplace-card-contract.css :: .doke-ad-card
detalhe-anuncio.html,390x844,doke-ad-card,.doke-ad-card.doke-ad-card--similar,aspect-ratio,0.21,0.49,0.28,assets/css/components/shell/doke-shell-contract.css :: .doke-ad-card | assets/css/pages/detalhe-anuncio.css :: .doke-ad-card | assets/css/pages/detalhe-anuncio-rail-parity.css :: .doke-ad-card | assets/css/components/cards/marketplace-card-contract.css :: .doke-ad-card
detalhe-anuncio.html,390x844,doke-ad-card,.doke-ad-card.doke-ad-card--similar,media.height,148,118,-30,assets/css/components/shell/doke-shell-contract.css :: .doke-ad-card | assets/css/pages/detalhe-anuncio.css :: .doke-ad-card | assets/css/pages/detalhe-anuncio-rail-parity.css :: .doke-ad-card | assets/css/components/cards/marketplace-card-contract.css :: .doke-ad-card
detalhe-anuncio.html,390x844,doke-ad-card,.doke-ad-card.doke-ad-card--similar,media.aspect-ratio,0.72,1.47,0.75,assets/css/components/shell/doke-shell-contract.css :: .doke-ad-card | assets/css/pages/detalhe-anuncio.css :: .doke-ad-card | assets/css/pages/detalhe-anuncio-rail-parity.css :: .doke-ad-card | assets/css/components/cards/marketplace-card-contract.css :: .doke-ad-card
detalhe-anuncio.html,390x844,doke-ad-card,.doke-ad-card.doke-ad-card--similar,texto cortado,false,true,,assets/css/components/shell/doke-shell-contract.css :: .doke-ad-card | assets/css/pages/detalhe-anuncio.css :: .doke-ad-card | assets/css/pages/detalhe-anuncio-rail-parity.css :: .doke-ad-card | assets/css/components/cards/marketplace-card-contract.css :: .doke-ad-card
detalhe-anuncio.html,390x844,doke-ad-card,.doke-ad-card.doke-ad-card--similar,x,148,0,-148,assets/css/components/shell/doke-shell-contract.css :: .doke-ad-card | assets/css/pages/detalhe-anuncio.css :: .doke-ad-card | assets/css/pages/detalhe-anuncio-rail-parity.css :: .doke-ad-card | assets/css/components/cards/marketplace-card-contract.css :: .doke-ad-card
detalhe-anuncio.html,390x844,doke-ad-card,.doke-ad-card.doke-ad-card--similar,y,1932.97,0,-1932.97,assets/css/components/shell/doke-shell-contract.css :: .doke-ad-card | assets/css/pages/detalhe-anuncio.css :: .doke-ad-card | assets/css/pages/detalhe-anuncio-rail-parity.css :: .doke-ad-card | assets/css/components/cards/marketplace-card-contract.css :: .doke-ad-card
detalhe-anuncio.html,390x844,doke-ad-card,.doke-ad-card.doke-ad-card--similar,width,108,0,-108,assets/css/components/shell/doke-shell-contract.css :: .doke-ad-card | assets/css/pages/detalhe-anuncio.css :: .doke-ad-card | assets/css/pages/detalhe-anuncio-rail-parity.css :: .doke-ad-card | assets/css/components/cards/marketplace-card-contract.css :: .doke-ad-card
detalhe-anuncio.html,390x844,doke-ad-card,.doke-ad-card.doke-ad-card--similar,height,513.42,0,-513.42,assets/css/components/shell/doke-shell-contract.css :: .doke-ad-card | assets/css/pages/detalhe-anuncio.css :: .doke-ad-card | assets/css/pages/detalhe-anuncio-rail-parity.css :: .doke-ad-card | assets/css/components/cards/marketplace-card-contract.css :: .doke-ad-card
detalhe-anuncio.html,390x844,doke-ad-card,.doke-ad-card.doke-ad-card--similar,border-radius,16px,22px,,assets/css/components/shell/doke-shell-contract.css :: .doke-ad-card | assets/css/pages/detalhe-anuncio.css :: .doke-ad-card | assets/css/pages/detalhe-anuncio-rail-parity.css :: .doke-ad-card | assets/css/components/cards/marketplace-card-contract.css :: .doke-ad-card
detalhe-anuncio.html,390x844,doke-ad-card,.doke-ad-card.doke-ad-card--similar,box-shadow,"rgba(19, 48, 82, 0.08) 0px 10px 28px 0px","rgba(19, 48, 82, 0.07) 0px 10px 22px 0px",,assets/css/components/shell/doke-shell-contract.css :: .doke-ad-card | assets/css/pages/detalhe-anuncio.css :: .doke-ad-card | assets/css/pages/detalhe-anuncio-rail-parity.css :: .doke-ad-card | assets/css/components/cards/marketplace-card-contract.css :: .doke-ad-card
detalhe-anuncio.html,390x844,doke-ad-card,.doke-ad-card.doke-ad-card--similar,aspect-ratio,0.21,,,assets/css/components/shell/doke-shell-contract.css :: .doke-ad-card | assets/css/pages/detalhe-anuncio.css :: .doke-ad-card | assets/css/pages/detalhe-anuncio-rail-parity.css :: .doke-ad-card | assets/css/components/cards/marketplace-card-contract.css :: .doke-ad-card
detalhe-anuncio.html,390x844,doke-ad-card,.doke-ad-card.doke-ad-card--similar,measured-child-gap-y,0,,,assets/css/components/shell/doke-shell-contract.css :: .doke-ad-card | assets/css/pages/detalhe-anuncio.css :: .doke-ad-card | assets/css/pages/detalhe-anuncio-rail-parity.css :: .doke-ad-card | assets/css/components/cards/marketplace-card-contract.css :: .doke-ad-card
detalhe-anuncio.html,390x844,doke-ad-card,.doke-ad-card.doke-ad-card--similar,media.height,148,0,-148,assets/css/components/shell/doke-shell-contract.css :: .doke-ad-card | assets/css/pages/detalhe-anuncio.css :: .doke-ad-card | assets/css/pages/detalhe-anuncio-rail-parity.css :: .doke-ad-card | assets/css/components/cards/marketplace-card-contract.css :: .doke-ad-card
detalhe-anuncio.html,390x844,doke-ad-card,.doke-ad-card.doke-ad-card--similar,media.aspect-ratio,0.72,,,assets/css/components/shell/doke-shell-contract.css :: .doke-ad-card | assets/css/pages/detalhe-anuncio.css :: .doke-ad-card | assets/css/pages/detalhe-anuncio-rail-parity.css :: .doke-ad-card | assets/css/components/cards/marketplace-card-contract.css :: .doke-ad-card
detalhe-anuncio.html,390x844,doke-ad-card,.doke-ad-card.doke-ad-card--similar,x,270,200,-70,assets/css/components/shell/doke-shell-contract.css :: .doke-ad-card | assets/css/pages/detalhe-anuncio.css :: .doke-ad-card | assets/css/pages/detalhe-anuncio-rail-parity.css :: .doke-ad-card | assets/css/components/cards/marketplace-card-contract.css :: .doke-ad-card
detalhe-anuncio.html,390x844,doke-ad-card,.doke-ad-card.doke-ad-card--similar,y,1932.97,2842.92,909.95,assets/css/components/shell/doke-shell-contract.css :: .doke-ad-card | assets/css/pages/detalhe-anuncio.css :: .doke-ad-card | assets/css/pages/detalhe-anuncio-rail-parity.css :: .doke-ad-card | assets/css/components/cards/marketplace-card-contract.css :: .doke-ad-card
detalhe-anuncio.html,390x844,doke-ad-card,.doke-ad-card.doke-ad-card--similar,width,108,174,66,assets/css/components/shell/doke-shell-contract.css :: .doke-ad-card | assets/css/pages/detalhe-anuncio.css :: .doke-ad-card | assets/css/pages/detalhe-anuncio-rail-parity.css :: .doke-ad-card | assets/css/components/cards/marketplace-card-contract.css :: .doke-ad-card
detalhe-anuncio.html,390x844,doke-ad-card,.doke-ad-card.doke-ad-card--similar,height,513.42,356.23,-157.19,assets/css/components/shell/doke-shell-contract.css :: .doke-ad-card | assets/css/pages/detalhe-anuncio.css :: .doke-ad-card | assets/css/pages/detalhe-anuncio-rail-parity.css :: .doke-ad-card | assets/css/components/cards/marketplace-card-contract.css :: .doke-ad-card
detalhe-anuncio.html,390x844,doke-ad-card,.doke-ad-card.doke-ad-card--similar,border-radius,16px,22px,,assets/css/components/shell/doke-shell-contract.css :: .doke-ad-card | assets/css/pages/detalhe-anuncio.css :: .doke-ad-card | assets/css/pages/detalhe-anuncio-rail-parity.css :: .doke-ad-card | assets/css/components/cards/marketplace-card-contract.css :: .doke-ad-card
detalhe-anuncio.html,390x844,doke-ad-card,.doke-ad-card.doke-ad-card--similar,box-shadow,"rgba(19, 48, 82, 0.08) 0px 10px 28px 0px","rgba(19, 48, 82, 0.07) 0px 10px 22px 0px",,assets/css/components/shell/doke-shell-contract.css :: .doke-ad-card | assets/css/pages/detalhe-anuncio.css :: .doke-ad-card | assets/css/pages/detalhe-anuncio-rail-parity.css :: .doke-ad-card | assets/css/components/cards/marketplace-card-contract.css :: .doke-ad-card
detalhe-anuncio.html,390x844,doke-ad-card,.doke-ad-card.doke-ad-card--similar,aspect-ratio,0.21,0.49,0.28,assets/css/components/shell/doke-shell-contract.css :: .doke-ad-card | assets/css/pages/detalhe-anuncio.css :: .doke-ad-card | assets/css/pages/detalhe-anuncio-rail-parity.css :: .doke-ad-card | assets/css/components/cards/marketplace-card-contract.css :: .doke-ad-card
detalhe-anuncio.html,390x844,doke-ad-card,.doke-ad-card.doke-ad-card--similar,media.height,148,118,-30,assets/css/components/shell/doke-shell-contract.css :: .doke-ad-card | assets/css/pages/detalhe-anuncio.css :: .doke-ad-card | assets/css/pages/detalhe-anuncio-rail-parity.css :: .doke-ad-card | assets/css/components/cards/marketplace-card-contract.css :: .doke-ad-card
detalhe-anuncio.html,390x844,doke-ad-card,.doke-ad-card.doke-ad-card--similar,media.aspect-ratio,0.72,1.47,0.75,assets/css/components/shell/doke-shell-contract.css :: .doke-ad-card | assets/css/pages/detalhe-anuncio.css :: .doke-ad-card | assets/css/pages/detalhe-anuncio-rail-parity.css :: .doke-ad-card | assets/css/components/cards/marketplace-card-contract.css :: .doke-ad-card
detalhe-anuncio.html,390x844,doke-ad-card,.doke-ad-card.doke-ad-card--similar,texto cortado,false,true,,assets/css/components/shell/doke-shell-contract.css :: .doke-ad-card | assets/css/pages/detalhe-anuncio.css :: .doke-ad-card | assets/css/pages/detalhe-anuncio-rail-parity.css :: .doke-ad-card | assets/css/components/cards/marketplace-card-contract.css :: .doke-ad-card
detalhe-anuncio.html,390x844,doke-ad-card,.doke-ad-card.doke-ad-card--similar,x,26,384,358,assets/css/components/shell/doke-shell-contract.css :: .doke-ad-card | assets/css/pages/detalhe-anuncio.css :: .doke-ad-card | assets/css/pages/detalhe-anuncio-rail-parity.css :: .doke-ad-card | assets/css/components/cards/marketplace-card-contract.css :: .doke-ad-card
detalhe-anuncio.html,390x844,doke-ad-card,.doke-ad-card.doke-ad-card--similar,y,4999.7,2842.92,-2156.78,assets/css/components/shell/doke-shell-contract.css :: .doke-ad-card | assets/css/pages/detalhe-anuncio.css :: .doke-ad-card | assets/css/pages/detalhe-anuncio-rail-parity.css :: .doke-ad-card | assets/css/components/cards/marketplace-card-contract.css :: .doke-ad-card
detalhe-anuncio.html,390x844,doke-ad-card,.doke-ad-card.doke-ad-card--similar,width,16.66,174,157.34,assets/css/components/shell/doke-shell-contract.css :: .doke-ad-card | assets/css/pages/detalhe-anuncio.css :: .doke-ad-card | assets/css/pages/detalhe-anuncio-rail-parity.css :: .doke-ad-card | assets/css/components/cards/marketplace-card-contract.css :: .doke-ad-card
detalhe-anuncio.html,390x844,doke-ad-card,.doke-ad-card.doke-ad-card--similar,height,514.05,356.23,-157.82,assets/css/components/shell/doke-shell-contract.css :: .doke-ad-card | assets/css/pages/detalhe-anuncio.css :: .doke-ad-card | assets/css/pages/detalhe-anuncio-rail-parity.css :: .doke-ad-card | assets/css/components/cards/marketplace-card-contract.css :: .doke-ad-card
detalhe-anuncio.html,390x844,doke-ad-card,.doke-ad-card.doke-ad-card--similar,border-radius,16px,22px,,assets/css/components/shell/doke-shell-contract.css :: .doke-ad-card | assets/css/pages/detalhe-anuncio.css :: .doke-ad-card | assets/css/pages/detalhe-anuncio-rail-parity.css :: .doke-ad-card | assets/css/components/cards/marketplace-card-contract.css :: .doke-ad-card
detalhe-anuncio.html,390x844,doke-ad-card,.doke-ad-card.doke-ad-card--similar,box-shadow,"rgba(19, 48, 82, 0.08) 0px 10px 28px 0px","rgba(19, 48, 82, 0.07) 0px 10px 22px 0px",,assets/css/components/shell/doke-shell-contract.css :: .doke-ad-card | assets/css/pages/detalhe-anuncio.css :: .doke-ad-card | assets/css/pages/detalhe-anuncio-rail-parity.css :: .doke-ad-card | assets/css/components/cards/marketplace-card-contract.css :: .doke-ad-card
detalhe-anuncio.html,390x844,doke-ad-card,.doke-ad-card.doke-ad-card--similar,aspect-ratio,0.03,0.49,0.46,assets/css/components/shell/doke-shell-contract.css :: .doke-ad-card | assets/css/pages/detalhe-anuncio.css :: .doke-ad-card | assets/css/pages/detalhe-anuncio-rail-parity.css :: .doke-ad-card | assets/css/components/cards/marketplace-card-contract.css :: .doke-ad-card
detalhe-anuncio.html,390x844,doke-ad-card,.doke-ad-card.doke-ad-card--similar,media.height,148,118,-30,assets/css/components/shell/doke-shell-contract.css :: .doke-ad-card | assets/css/pages/detalhe-anuncio.css :: .doke-ad-card | assets/css/pages/detalhe-anuncio-rail-parity.css :: .doke-ad-card | assets/css/components/cards/marketplace-card-contract.css :: .doke-ad-card
detalhe-anuncio.html,390x844,doke-ad-card,.doke-ad-card.doke-ad-card--similar,media.aspect-ratio,0.1,1.47,1.37,assets/css/components/shell/doke-shell-contract.css :: .doke-ad-card | assets/css/pages/detalhe-anuncio.css :: .doke-ad-card | assets/css/pages/detalhe-anuncio-rail-parity.css :: .doke-ad-card | assets/css/components/cards/marketplace-card-contract.css :: .doke-ad-card
detalhe-anuncio.html,390x844,doke-ad-card,.doke-ad-card.doke-ad-card--similar,texto cortado,false,true,,assets/css/components/shell/doke-shell-contract.css :: .doke-ad-card | assets/css/pages/detalhe-anuncio.css :: .doke-ad-card | assets/css/pages/detalhe-anuncio-rail-parity.css :: .doke-ad-card | assets/css/components/cards/marketplace-card-contract.css :: .doke-ad-card
detalhe-anuncio.html,390x844,publication-card,.publication-card.publication-card--photo.doke-card,y,4537.89,2121.31,-2416.58,assets/css/components/shell/doke-shell-contract.css :: .doke-card | assets/css/components/shell/mobile-base-stability.css :: .doke-card | assets/css/components/cards/publication-card.css :: .publication-card | assets/css/pages/detalhe-anuncio.css :: .publication-card | assets/css/pages/detalhe-anuncio-rail-parity.css :: .publication-card | assets/css/components/cards/marketplace-card-contract.css :: .publication-card
detalhe-anuncio.html,390x844,publication-card,.publication-card.publication-card--photo.doke-card,width,354,163,-191,assets/css/components/shell/doke-shell-contract.css :: .doke-card | assets/css/components/shell/mobile-base-stability.css :: .doke-card | assets/css/components/cards/publication-card.css :: .publication-card | assets/css/pages/detalhe-anuncio.css :: .publication-card | assets/css/pages/detalhe-anuncio-rail-parity.css :: .publication-card | assets/css/components/cards/marketplace-card-contract.css :: .publication-card
detalhe-anuncio.html,390x844,publication-card,.publication-card.publication-card--photo.doke-card,height,330,308,-22,assets/css/components/shell/doke-shell-contract.css :: .doke-card | assets/css/components/shell/mobile-base-stability.css :: .doke-card | assets/css/components/cards/publication-card.css :: .publication-card | assets/css/pages/detalhe-anuncio.css :: .publication-card | assets/css/pages/detalhe-anuncio-rail-parity.css :: .publication-card | assets/css/components/cards/marketplace-card-contract.css :: .publication-card
detalhe-anuncio.html,390x844,publication-card,.publication-card.publication-card--photo.doke-card,border-radius,16px,22px,,assets/css/components/shell/doke-shell-contract.css :: .doke-card | assets/css/components/shell/mobile-base-stability.css :: .doke-card | assets/css/components/cards/publication-card.css :: .publication-card | assets/css/pages/detalhe-anuncio.css :: .publication-card | assets/css/pages/detalhe-anuncio-rail-parity.css :: .publication-card | assets/css/components/cards/marketplace-card-contract.css :: .publication-card
detalhe-anuncio.html,390x844,publication-card,.publication-card.publication-card--photo.doke-card,box-shadow,"rgba(19, 48, 82, 0.08) 0px 10px 28px 0px","rgba(19, 48, 82, 0.07) 0px 10px 22px 0px",,assets/css/components/shell/doke-shell-contract.css :: .doke-card | assets/css/components/shell/mobile-base-stability.css :: .doke-card | assets/css/components/cards/publication-card.css :: .publication-card | assets/css/pages/detalhe-anuncio.css :: .publication-card | assets/css/pages/detalhe-anuncio-rail-parity.css :: .publication-card | assets/css/components/cards/marketplace-card-contract.css :: .publication-card
detalhe-anuncio.html,390x844,publication-card,.publication-card.publication-card--photo.doke-card,aspect-ratio,1.07,0.53,-0.54,assets/css/components/shell/doke-shell-contract.css :: .doke-card | assets/css/components/shell/mobile-base-stability.css :: .doke-card | assets/css/components/cards/publication-card.css :: .publication-card | assets/css/pages/detalhe-anuncio.css :: .publication-card | assets/css/pages/detalhe-anuncio-rail-parity.css :: .publication-card | assets/css/components/cards/marketplace-card-contract.css :: .publication-card
detalhe-anuncio.html,390x844,publication-card,.publication-card.publication-card--photo.doke-card,media.aspect-ratio,2.15,0.99,-1.16,assets/css/components/shell/doke-shell-contract.css :: .doke-card | assets/css/components/shell/mobile-base-stability.css :: .doke-card | assets/css/components/cards/publication-card.css :: .publication-card | assets/css/pages/detalhe-anuncio.css :: .publication-card | assets/css/pages/detalhe-anuncio-rail-parity.css :: .publication-card | assets/css/components/cards/marketplace-card-contract.css :: .publication-card
detalhe-anuncio.html,390x844,publication-card,.publication-card.publication-card--photo.doke-card,media.border-radius,10px,22px 22px 0px 0px,,assets/css/components/shell/doke-shell-contract.css :: .doke-card | assets/css/components/shell/mobile-base-stability.css :: .doke-card | assets/css/components/cards/publication-card.css :: .publication-card | assets/css/pages/detalhe-anuncio.css :: .publication-card | assets/css/pages/detalhe-anuncio-rail-parity.css :: .publication-card | assets/css/components/cards/marketplace-card-contract.css :: .publication-card
detalhe-anuncio.html,390x844,publication-card,.publication-card.publication-card--photo.doke-card,texto cortado,false,true,,assets/css/components/shell/doke-shell-contract.css :: .doke-card | assets/css/components/shell/mobile-base-stability.css :: .doke-card | assets/css/components/cards/publication-card.css :: .publication-card | assets/css/pages/detalhe-anuncio.css :: .publication-card | assets/css/pages/detalhe-anuncio-rail-parity.css :: .publication-card | assets/css/components/cards/marketplace-card-contract.css :: .publication-card
detalhe-anuncio.html,390x844,publication-card,.publication-card.publication-card--video.doke-card,x,394,201,-193,assets/css/components/shell/doke-shell-contract.css :: .doke-card | assets/css/components/shell/mobile-base-stability.css :: .doke-card | assets/css/components/cards/publication-card.css :: .publication-card | assets/css/pages/detalhe-anuncio.css :: .publication-card | assets/css/pages/detalhe-anuncio-rail-parity.css :: .publication-card | assets/css/components/cards/marketplace-card-contract.css :: .publication-card
detalhe-anuncio.html,390x844,publication-card,.publication-card.publication-card--video.doke-card,y,4537.89,2121.31,-2416.58,assets/css/components/shell/doke-shell-contract.css :: .doke-card | assets/css/components/shell/mobile-base-stability.css :: .doke-card | assets/css/components/cards/publication-card.css :: .publication-card | assets/css/pages/detalhe-anuncio.css :: .publication-card | assets/css/pages/detalhe-anuncio-rail-parity.css :: .publication-card | assets/css/components/cards/marketplace-card-contract.css :: .publication-card
detalhe-anuncio.html,390x844,publication-card,.publication-card.publication-card--video.doke-card,width,354,163,-191,assets/css/components/shell/doke-shell-contract.css :: .doke-card | assets/css/components/shell/mobile-base-stability.css :: .doke-card | assets/css/components/cards/publication-card.css :: .publication-card | assets/css/pages/detalhe-anuncio.css :: .publication-card | assets/css/pages/detalhe-anuncio-rail-parity.css :: .publication-card | assets/css/components/cards/marketplace-card-contract.css :: .publication-card
detalhe-anuncio.html,390x844,publication-card,.publication-card.publication-card--video.doke-card,height,330,308,-22,assets/css/components/shell/doke-shell-contract.css :: .doke-card | assets/css/components/shell/mobile-base-stability.css :: .doke-card | assets/css/components/cards/publication-card.css :: .publication-card | assets/css/pages/detalhe-anuncio.css :: .publication-card | assets/css/pages/detalhe-anuncio-rail-parity.css :: .publication-card | assets/css/components/cards/marketplace-card-contract.css :: .publication-card
detalhe-anuncio.html,390x844,publication-card,.publication-card.publication-card--video.doke-card,border-radius,16px,22px,,assets/css/components/shell/doke-shell-contract.css :: .doke-card | assets/css/components/shell/mobile-base-stability.css :: .doke-card | assets/css/components/cards/publication-card.css :: .publication-card | assets/css/pages/detalhe-anuncio.css :: .publication-card | assets/css/pages/detalhe-anuncio-rail-parity.css :: .publication-card | assets/css/components/cards/marketplace-card-contract.css :: .publication-card
detalhe-anuncio.html,390x844,publication-card,.publication-card.publication-card--video.doke-card,box-shadow,"rgba(19, 48, 82, 0.08) 0px 10px 28px 0px","rgba(19, 48, 82, 0.07) 0px 10px 22px 0px",,assets/css/components/shell/doke-shell-contract.css :: .doke-card | assets/css/components/shell/mobile-base-stability.css :: .doke-card | assets/css/components/cards/publication-card.css :: .publication-card | assets/css/pages/detalhe-anuncio.css :: .publication-card | assets/css/pages/detalhe-anuncio-rail-parity.css :: .publication-card | assets/css/components/cards/marketplace-card-contract.css :: .publication-card
detalhe-anuncio.html,390x844,publication-card,.publication-card.publication-card--video.doke-card,aspect-ratio,1.07,0.53,-0.54,assets/css/components/shell/doke-shell-contract.css :: .doke-card | assets/css/components/shell/mobile-base-stability.css :: .doke-card | assets/css/components/cards/publication-card.css :: .publication-card | assets/css/pages/detalhe-anuncio.css :: .publication-card | assets/css/pages/detalhe-anuncio-rail-parity.css :: .publication-card | assets/css/components/cards/marketplace-card-contract.css :: .publication-card
detalhe-anuncio.html,390x844,publication-card,.publication-card.publication-card--video.doke-card,media.aspect-ratio,2.15,0.99,-1.16,assets/css/components/shell/doke-shell-contract.css :: .doke-card | assets/css/components/shell/mobile-base-stability.css :: .doke-card | assets/css/components/cards/publication-card.css :: .publication-card | assets/css/pages/detalhe-anuncio.css :: .publication-card | assets/css/pages/detalhe-anuncio-rail-parity.css :: .publication-card | assets/css/components/cards/marketplace-card-contract.css :: .publication-card
detalhe-anuncio.html,390x844,publication-card,.publication-card.publication-card--video.doke-card,media.border-radius,10px,22px 22px 0px 0px,,assets/css/components/shell/doke-shell-contract.css :: .doke-card | assets/css/components/shell/mobile-base-stability.css :: .doke-card | assets/css/components/cards/publication-card.css :: .publication-card | assets/css/pages/detalhe-anuncio.css :: .publication-card | assets/css/pages/detalhe-anuncio-rail-parity.css :: .publication-card | assets/css/components/cards/marketplace-card-contract.css :: .publication-card
detalhe-anuncio.html,390x844,publication-card,.publication-card.publication-card--video.doke-card,texto cortado,false,true,,assets/css/components/shell/doke-shell-contract.css :: .doke-card | assets/css/components/shell/mobile-base-stability.css :: .doke-card | assets/css/components/cards/publication-card.css :: .publication-card | assets/css/pages/detalhe-anuncio.css :: .publication-card | assets/css/pages/detalhe-anuncio-rail-parity.css :: .publication-card | assets/css/components/cards/marketplace-card-contract.css :: .publication-card
detalhe-anuncio.html,390x844,publication-card,.publication-card.publication-card--before-after.doke-card,x,762,26,-736,assets/css/components/shell/doke-shell-contract.css :: .doke-card | assets/css/components/shell/mobile-base-stability.css :: .doke-card | assets/css/components/cards/publication-card.css :: .publication-card | assets/css/pages/detalhe-anuncio.css :: .publication-card | assets/css/pages/detalhe-anuncio-rail-parity.css :: .publication-card | assets/css/components/cards/marketplace-card-contract.css :: .publication-card
detalhe-anuncio.html,390x844,publication-card,.publication-card.publication-card--before-after.doke-card,y,4537.89,2441.31,-2096.58,assets/css/components/shell/doke-shell-contract.css :: .doke-card | assets/css/components/shell/mobile-base-stability.css :: .doke-card | assets/css/components/cards/publication-card.css :: .publication-card | assets/css/pages/detalhe-anuncio.css :: .publication-card | assets/css/pages/detalhe-anuncio-rail-parity.css :: .publication-card | assets/css/components/cards/marketplace-card-contract.css :: .publication-card
detalhe-anuncio.html,390x844,publication-card,.publication-card.publication-card--before-after.doke-card,width,354,163,-191,assets/css/components/shell/doke-shell-contract.css :: .doke-card | assets/css/components/shell/mobile-base-stability.css :: .doke-card | assets/css/components/cards/publication-card.css :: .publication-card | assets/css/pages/detalhe-anuncio.css :: .publication-card | assets/css/pages/detalhe-anuncio-rail-parity.css :: .publication-card | assets/css/components/cards/marketplace-card-contract.css :: .publication-card
detalhe-anuncio.html,390x844,publication-card,.publication-card.publication-card--before-after.doke-card,height,330,308,-22,assets/css/components/shell/doke-shell-contract.css :: .doke-card | assets/css/components/shell/mobile-base-stability.css :: .doke-card | assets/css/components/cards/publication-card.css :: .publication-card | assets/css/pages/detalhe-anuncio.css :: .publication-card | assets/css/pages/detalhe-anuncio-rail-parity.css :: .publication-card | assets/css/components/cards/marketplace-card-contract.css :: .publication-card
detalhe-anuncio.html,390x844,publication-card,.publication-card.publication-card--before-after.doke-card,border-radius,16px,22px,,assets/css/components/shell/doke-shell-contract.css :: .doke-card | assets/css/components/shell/mobile-base-stability.css :: .doke-card | assets/css/components/cards/publication-card.css :: .publication-card | assets/css/pages/detalhe-anuncio.css :: .publication-card | assets/css/pages/detalhe-anuncio-rail-parity.css :: .publication-card | assets/css/components/cards/marketplace-card-contract.css :: .publication-card
detalhe-anuncio.html,390x844,publication-card,.publication-card.publication-card--before-after.doke-card,box-shadow,"rgba(19, 48, 82, 0.08) 0px 10px 28px 0px","rgba(19, 48, 82, 0.07) 0px 10px 22px 0px",,assets/css/components/shell/doke-shell-contract.css :: .doke-card | assets/css/components/shell/mobile-base-stability.css :: .doke-card | assets/css/components/cards/publication-card.css :: .publication-card | assets/css/pages/detalhe-anuncio.css :: .publication-card | assets/css/pages/detalhe-anuncio-rail-parity.css :: .publication-card | assets/css/components/cards/marketplace-card-contract.css :: .publication-card
detalhe-anuncio.html,390x844,publication-card,.publication-card.publication-card--before-after.doke-card,aspect-ratio,1.07,0.53,-0.54,assets/css/components/shell/doke-shell-contract.css :: .doke-card | assets/css/components/shell/mobile-base-stability.css :: .doke-card | assets/css/components/cards/publication-card.css :: .publication-card | assets/css/pages/detalhe-anuncio.css :: .publication-card | assets/css/pages/detalhe-anuncio-rail-parity.css :: .publication-card | assets/css/components/cards/marketplace-card-contract.css :: .publication-card
detalhe-anuncio.html,390x844,publication-card,.publication-card.publication-card--before-after.doke-card,media.aspect-ratio,2.15,0.99,-1.16,assets/css/components/shell/doke-shell-contract.css :: .doke-card | assets/css/components/shell/mobile-base-stability.css :: .doke-card | assets/css/components/cards/publication-card.css :: .publication-card | assets/css/pages/detalhe-anuncio.css :: .publication-card | assets/css/pages/detalhe-anuncio-rail-parity.css :: .publication-card | assets/css/components/cards/marketplace-card-contract.css :: .publication-card
detalhe-anuncio.html,390x844,publication-card,.publication-card.publication-card--before-after.doke-card,media.border-radius,10px,22px 22px 0px 0px,,assets/css/components/shell/doke-shell-contract.css :: .doke-card | assets/css/components/shell/mobile-base-stability.css :: .doke-card | assets/css/components/cards/publication-card.css :: .publication-card | assets/css/pages/detalhe-anuncio.css :: .publication-card | assets/css/pages/detalhe-anuncio-rail-parity.css :: .publication-card | assets/css/components/cards/marketplace-card-contract.css :: .publication-card
detalhe-anuncio.html,390x844,publication-card,.publication-card.publication-card--before-after.doke-card,texto cortado,false,true,,assets/css/components/shell/doke-shell-contract.css :: .doke-card | assets/css/components/shell/mobile-base-stability.css :: .doke-card | assets/css/components/cards/publication-card.css :: .publication-card | assets/css/pages/detalhe-anuncio.css :: .publication-card | assets/css/pages/detalhe-anuncio-rail-parity.css :: .publication-card | assets/css/components/cards/marketplace-card-contract.css :: .publication-card
detalhe-anuncio.html,390x844,video-card / worker card,.video-card.video-card--one.doke-card.doke-worker-card.doke-media-card,y,2533.2,1557.3,-975.9,assets/css/components/shell/doke-shell-contract.css :: .doke-card | assets/css/components/shell/mobile-base-stability.css :: .doke-card | assets/css/components/cards/worker-card.css :: .video-card | assets/css/pages/detalhe-anuncio.css :: .video-card | assets/css/pages/detalhe-anuncio-rail-parity.css :: .video-card | assets/css/components/cards/marketplace-card-contract.css :: .video-card
detalhe-anuncio.html,390x844,video-card / worker card,.video-card.video-card--one.doke-card.doke-worker-card.doke-media-card,width,354,172,-182,assets/css/components/shell/doke-shell-contract.css :: .doke-card | assets/css/components/shell/mobile-base-stability.css :: .doke-card | assets/css/components/cards/worker-card.css :: .video-card | assets/css/pages/detalhe-anuncio.css :: .video-card | assets/css/pages/detalhe-anuncio-rail-parity.css :: .video-card | assets/css/components/cards/marketplace-card-contract.css :: .video-card
detalhe-anuncio.html,390x844,video-card / worker card,.video-card.video-card--one.doke-card.doke-worker-card.doke-media-card,height,479.97,233.2,-246.77,assets/css/components/shell/doke-shell-contract.css :: .doke-card | assets/css/components/shell/mobile-base-stability.css :: .doke-card | assets/css/components/cards/worker-card.css :: .video-card | assets/css/pages/detalhe-anuncio.css :: .video-card | assets/css/pages/detalhe-anuncio-rail-parity.css :: .video-card | assets/css/components/cards/marketplace-card-contract.css :: .video-card
detalhe-anuncio.html,390x844,video-card / worker card,.video-card.video-card--one.doke-card.doke-worker-card.doke-media-card,box-shadow,"rgba(19, 48, 82, 0.08) 0px 10px 28px 0px","rgba(15, 45, 75, 0.08) 0px 10px 22px 0px",,assets/css/components/shell/doke-shell-contract.css :: .doke-card | assets/css/components/shell/mobile-base-stability.css :: .doke-card | assets/css/components/cards/worker-card.css :: .video-card | assets/css/pages/detalhe-anuncio.css :: .video-card | assets/css/pages/detalhe-anuncio-rail-parity.css :: .video-card | assets/css/components/cards/marketplace-card-contract.css :: .video-card
detalhe-anuncio.html,390x844,video-card / worker card,.video-card.video-card--one.doke-card.doke-worker-card.doke-media-card,media.height,479.97,233.2,-246.77,assets/css/components/shell/doke-shell-contract.css :: .doke-card | assets/css/components/shell/mobile-base-stability.css :: .doke-card | assets/css/components/cards/worker-card.css :: .video-card | assets/css/pages/detalhe-anuncio.css :: .video-card | assets/css/pages/detalhe-anuncio-rail-parity.css :: .video-card | assets/css/components/cards/marketplace-card-contract.css :: .video-card
detalhe-anuncio.html,390x844,video-card / worker card,.video-card.video-card--two.doke-card.doke-worker-card.doke-media-card,x,26,208,182,assets/css/components/shell/doke-shell-contract.css :: .doke-card | assets/css/components/shell/mobile-base-stability.css :: .doke-card | assets/css/components/cards/worker-card.css :: .video-card | assets/css/pages/detalhe-anuncio.css :: .video-card | assets/css/pages/detalhe-anuncio-rail-parity.css :: .video-card | assets/css/components/cards/marketplace-card-contract.css :: .video-card
detalhe-anuncio.html,390x844,video-card / worker card,.video-card.video-card--two.doke-card.doke-worker-card.doke-media-card,y,3013.17,1557.3,-1455.87,assets/css/components/shell/doke-shell-contract.css :: .doke-card | assets/css/components/shell/mobile-base-stability.css :: .doke-card | assets/css/components/cards/worker-card.css :: .video-card | assets/css/pages/detalhe-anuncio.css :: .video-card | assets/css/pages/detalhe-anuncio-rail-parity.css :: .video-card | assets/css/components/cards/marketplace-card-contract.css :: .video-card
detalhe-anuncio.html,390x844,video-card / worker card,.video-card.video-card--two.doke-card.doke-worker-card.doke-media-card,width,354,172,-182,assets/css/components/shell/doke-shell-contract.css :: .doke-card | assets/css/components/shell/mobile-base-stability.css :: .doke-card | assets/css/components/cards/worker-card.css :: .video-card | assets/css/pages/detalhe-anuncio.css :: .video-card | assets/css/pages/detalhe-anuncio-rail-parity.css :: .video-card | assets/css/components/cards/marketplace-card-contract.css :: .video-card
detalhe-anuncio.html,390x844,video-card / worker card,.video-card.video-card--two.doke-card.doke-worker-card.doke-media-card,height,479.97,233.2,-246.77,assets/css/components/shell/doke-shell-contract.css :: .doke-card | assets/css/components/shell/mobile-base-stability.css :: .doke-card | assets/css/components/cards/worker-card.css :: .video-card | assets/css/pages/detalhe-anuncio.css :: .video-card | assets/css/pages/detalhe-anuncio-rail-parity.css :: .video-card | assets/css/components/cards/marketplace-card-contract.css :: .video-card
detalhe-anuncio.html,390x844,video-card / worker card,.video-card.video-card--two.doke-card.doke-worker-card.doke-media-card,box-shadow,"rgba(19, 48, 82, 0.08) 0px 10px 28px 0px","rgba(15, 45, 75, 0.08) 0px 10px 22px 0px",,assets/css/components/shell/doke-shell-contract.css :: .doke-card | assets/css/components/shell/mobile-base-stability.css :: .doke-card | assets/css/components/cards/worker-card.css :: .video-card | assets/css/pages/detalhe-anuncio.css :: .video-card | assets/css/pages/detalhe-anuncio-rail-parity.css :: .video-card | assets/css/components/cards/marketplace-card-contract.css :: .video-card
detalhe-anuncio.html,390x844,video-card / worker card,.video-card.video-card--two.doke-card.doke-worker-card.doke-media-card,media.height,479.97,233.2,-246.77,assets/css/components/shell/doke-shell-contract.css :: .doke-card | assets/css/components/shell/mobile-base-stability.css :: .doke-card | assets/css/components/cards/worker-card.css :: .video-card | assets/css/pages/detalhe-anuncio.css :: .video-card | assets/css/pages/detalhe-anuncio-rail-parity.css :: .video-card | assets/css/components/cards/marketplace-card-contract.css :: .video-card
detalhe-anuncio.html,390x844,video-card / worker card,.video-card.video-card--three.doke-card.doke-worker-card.doke-media-card,y,3493.14,1800.5,-1692.64,assets/css/components/shell/doke-shell-contract.css :: .doke-card | assets/css/components/shell/mobile-base-stability.css :: .doke-card | assets/css/components/cards/worker-card.css :: .video-card | assets/css/pages/detalhe-anuncio.css :: .video-card | assets/css/pages/detalhe-anuncio-rail-parity.css :: .video-card | assets/css/components/cards/marketplace-card-contract.css :: .video-card
detalhe-anuncio.html,390x844,video-card / worker card,.video-card.video-card--three.doke-card.doke-worker-card.doke-media-card,width,354,172,-182,assets/css/components/shell/doke-shell-contract.css :: .doke-card | assets/css/components/shell/mobile-base-stability.css :: .doke-card | assets/css/components/cards/worker-card.css :: .video-card | assets/css/pages/detalhe-anuncio.css :: .video-card | assets/css/pages/detalhe-anuncio-rail-parity.css :: .video-card | assets/css/components/cards/marketplace-card-contract.css :: .video-card
detalhe-anuncio.html,390x844,video-card / worker card,.video-card.video-card--three.doke-card.doke-worker-card.doke-media-card,height,479.97,233.2,-246.77,assets/css/components/shell/doke-shell-contract.css :: .doke-card | assets/css/components/shell/mobile-base-stability.css :: .doke-card | assets/css/components/cards/worker-card.css :: .video-card | assets/css/pages/detalhe-anuncio.css :: .video-card | assets/css/pages/detalhe-anuncio-rail-parity.css :: .video-card | assets/css/components/cards/marketplace-card-contract.css :: .video-card
detalhe-anuncio.html,390x844,video-card / worker card,.video-card.video-card--three.doke-card.doke-worker-card.doke-media-card,box-shadow,"rgba(19, 48, 82, 0.08) 0px 10px 28px 0px","rgba(15, 45, 75, 0.08) 0px 10px 22px 0px",,assets/css/components/shell/doke-shell-contract.css :: .doke-card | assets/css/components/shell/mobile-base-stability.css :: .doke-card | assets/css/components/cards/worker-card.css :: .video-card | assets/css/pages/detalhe-anuncio.css :: .video-card | assets/css/pages/detalhe-anuncio-rail-parity.css :: .video-card | assets/css/components/cards/marketplace-card-contract.css :: .video-card
detalhe-anuncio.html,390x844,video-card / worker card,.video-card.video-card--three.doke-card.doke-worker-card.doke-media-card,media.height,479.97,233.2,-246.77,assets/css/components/shell/doke-shell-contract.css :: .doke-card | assets/css/components/shell/mobile-base-stability.css :: .doke-card | assets/css/components/cards/worker-card.css :: .video-card | assets/css/pages/detalhe-anuncio.css :: .video-card | assets/css/pages/detalhe-anuncio-rail-parity.css :: .video-card | assets/css/components/cards/marketplace-card-contract.css :: .video-card
detalhe-anuncio.html,390x844,video-card / worker card,.video-card.video-card--four.doke-card.doke-worker-card.doke-media-card,x,26,208,182,assets/css/components/shell/doke-shell-contract.css :: .doke-card | assets/css/components/shell/mobile-base-stability.css :: .doke-card | assets/css/components/cards/worker-card.css :: .video-card | assets/css/pages/detalhe-anuncio.css :: .video-card | assets/css/pages/detalhe-anuncio-rail-parity.css :: .video-card | assets/css/components/cards/marketplace-card-contract.css :: .video-card
detalhe-anuncio.html,390x844,video-card / worker card,.video-card.video-card--four.doke-card.doke-worker-card.doke-media-card,y,3973.11,1800.5,-2172.61,assets/css/components/shell/doke-shell-contract.css :: .doke-card | assets/css/components/shell/mobile-base-stability.css :: .doke-card | assets/css/components/cards/worker-card.css :: .video-card | assets/css/pages/detalhe-anuncio.css :: .video-card | assets/css/pages/detalhe-anuncio-rail-parity.css :: .video-card | assets/css/components/cards/marketplace-card-contract.css :: .video-card
detalhe-anuncio.html,390x844,video-card / worker card,.video-card.video-card--four.doke-card.doke-worker-card.doke-media-card,width,354,172,-182,assets/css/components/shell/doke-shell-contract.css :: .doke-card | assets/css/components/shell/mobile-base-stability.css :: .doke-card | assets/css/components/cards/worker-card.css :: .video-card | assets/css/pages/detalhe-anuncio.css :: .video-card | assets/css/pages/detalhe-anuncio-rail-parity.css :: .video-card | assets/css/components/cards/marketplace-card-contract.css :: .video-card
detalhe-anuncio.html,390x844,video-card / worker card,.video-card.video-card--four.doke-card.doke-worker-card.doke-media-card,height,479.97,233.2,-246.77,assets/css/components/shell/doke-shell-contract.css :: .doke-card | assets/css/components/shell/mobile-base-stability.css :: .doke-card | assets/css/components/cards/worker-card.css :: .video-card | assets/css/pages/detalhe-anuncio.css :: .video-card | assets/css/pages/detalhe-anuncio-rail-parity.css :: .video-card | assets/css/components/cards/marketplace-card-contract.css :: .video-card
detalhe-anuncio.html,390x844,video-card / worker card,.video-card.video-card--four.doke-card.doke-worker-card.doke-media-card,box-shadow,"rgba(19, 48, 82, 0.08) 0px 10px 28px 0px","rgba(15, 45, 75, 0.08) 0px 10px 22px 0px",,assets/css/components/shell/doke-shell-contract.css :: .doke-card | assets/css/components/shell/mobile-base-stability.css :: .doke-card | assets/css/components/cards/worker-card.css :: .video-card | assets/css/pages/detalhe-anuncio.css :: .video-card | assets/css/pages/detalhe-anuncio-rail-parity.css :: .video-card | assets/css/components/cards/marketplace-card-contract.css :: .video-card
detalhe-anuncio.html,390x844,video-card / worker card,.video-card.video-card--four.doke-card.doke-worker-card.doke-media-card,media.height,479.97,233.2,-246.77,assets/css/components/shell/doke-shell-contract.css :: .doke-card | assets/css/components/shell/mobile-base-stability.css :: .doke-card | assets/css/components/cards/worker-card.css :: .video-card | assets/css/pages/detalhe-anuncio.css :: .video-card | assets/css/pages/detalhe-anuncio-rail-parity.css :: .video-card | assets/css/components/cards/marketplace-card-contract.css :: .video-card
detalhe-anuncio.html,390x844,review cards,.detail-mobile-review-card,x,26,16,-10,assets/css/pages/detalhe-anuncio.css :: .detail-mobile-review-card
detalhe-anuncio.html,390x844,review cards,.detail-mobile-review-card,y,4537.89,1355.31,-3182.58,assets/css/pages/detalhe-anuncio.css :: .detail-mobile-review-card
detalhe-anuncio.html,390x844,review cards,.detail-mobile-review-card,width,354,358,4,assets/css/pages/detalhe-anuncio.css :: .detail-mobile-review-card
detalhe-anuncio.html,390x844,review cards,.detail-mobile-review-card,height,330,124.38,-205.62,assets/css/pages/detalhe-anuncio.css :: .detail-mobile-review-card
detalhe-anuncio.html,390x844,review cards,.detail-mobile-review-card,padding.top,0,14,14,assets/css/pages/detalhe-anuncio.css :: .detail-mobile-review-card
detalhe-anuncio.html,390x844,review cards,.detail-mobile-review-card,padding.right,0,16,16,assets/css/pages/detalhe-anuncio.css :: .detail-mobile-review-card
detalhe-anuncio.html,390x844,review cards,.detail-mobile-review-card,padding.bottom,0,14,14,assets/css/pages/detalhe-anuncio.css :: .detail-mobile-review-card
detalhe-anuncio.html,390x844,review cards,.detail-mobile-review-card,padding.left,0,16,16,assets/css/pages/detalhe-anuncio.css :: .detail-mobile-review-card
detalhe-anuncio.html,390x844,review cards,.detail-mobile-review-card,border-radius,16px,18px,,assets/css/pages/detalhe-anuncio.css :: .detail-mobile-review-card
detalhe-anuncio.html,390x844,review cards,.detail-mobile-review-card,box-shadow,"rgba(19, 48, 82, 0.08) 0px 10px 28px 0px","rgba(15, 45, 75, 0.04) 0px 8px 20px 0px",,assets/css/pages/detalhe-anuncio.css :: .detail-mobile-review-card
detalhe-anuncio.html,390x844,review cards,.detail-mobile-review-card,aspect-ratio,1.07,2.88,1.81,assets/css/pages/detalhe-anuncio.css :: .detail-mobile-review-card
detalhe-anuncio.html,390x844,review cards,.detail-mobile-review-card,gap,normal,8px,,assets/css/pages/detalhe-anuncio.css :: .detail-mobile-review-card
detalhe-anuncio.html,390x844,review cards,.detail-mobile-review-card,row-gap,normal,8px,,assets/css/pages/detalhe-anuncio.css :: .detail-mobile-review-card
detalhe-anuncio.html,390x844,review cards,.detail-mobile-review-card,column-gap,normal,8px,,assets/css/pages/detalhe-anuncio.css :: .detail-mobile-review-card
detalhe-anuncio.html,390x844,review cards,.detail-mobile-review-card,measured-child-gap-y,0,18,18,assets/css/pages/detalhe-anuncio.css :: .detail-mobile-review-card
detalhe-anuncio.html,390x844,review cards,.detail-mobile-review-card,media.height,164,,,assets/css/pages/detalhe-anuncio.css :: .detail-mobile-review-card
detalhe-anuncio.html,390x844,review cards,.detail-mobile-review-card,media.aspect-ratio,2.15,,,assets/css/pages/detalhe-anuncio.css :: .detail-mobile-review-card
detalhe-anuncio.html,390x844,review cards,.detail-mobile-review-card,media.border-radius,10px,,,assets/css/pages/detalhe-anuncio.css :: .detail-mobile-review-card
detalhe-anuncio.html,390x844,review cards,.detail-mobile-review-card__top,x,394,33,-361,assets/css/pages/detalhe-anuncio.css :: .detail-mobile-review-card__top
detalhe-anuncio.html,390x844,review cards,.detail-mobile-review-card__top,y,4537.89,1370.31,-3167.58,assets/css/pages/detalhe-anuncio.css :: .detail-mobile-review-card__top
detalhe-anuncio.html,390x844,review cards,.detail-mobile-review-card__top,width,354,324,-30,assets/css/pages/detalhe-anuncio.css :: .detail-mobile-review-card__top
detalhe-anuncio.html,390x844,review cards,.detail-mobile-review-card__top,height,330,34,-296,assets/css/pages/detalhe-anuncio.css :: .detail-mobile-review-card__top
detalhe-anuncio.html,390x844,review cards,.detail-mobile-review-card__top,border-radius,16px,0px,,assets/css/pages/detalhe-anuncio.css :: .detail-mobile-review-card__top
detalhe-anuncio.html,390x844,review cards,.detail-mobile-review-card__top,box-shadow,"rgba(19, 48, 82, 0.08) 0px 10px 28px 0px",none,,assets/css/pages/detalhe-anuncio.css :: .detail-mobile-review-card__top
detalhe-anuncio.html,390x844,review cards,.detail-mobile-review-card__top,aspect-ratio,1.07,9.53,8.46,assets/css/pages/detalhe-anuncio.css :: .detail-mobile-review-card__top
detalhe-anuncio.html,390x844,review cards,.detail-mobile-review-card__top,gap,normal,10px,,assets/css/pages/detalhe-anuncio.css :: .detail-mobile-review-card__top
detalhe-anuncio.html,390x844,review cards,.detail-mobile-review-card__top,row-gap,normal,10px,,assets/css/pages/detalhe-anuncio.css :: .detail-mobile-review-card__top
detalhe-anuncio.html,390x844,review cards,.detail-mobile-review-card__top,column-gap,normal,10px,,assets/css/pages/detalhe-anuncio.css :: .detail-mobile-review-card__top
detalhe-anuncio.html,390x844,review cards,.detail-mobile-review-card__top,measured-child-gap-x,,10,,assets/css/pages/detalhe-anuncio.css :: .detail-mobile-review-card__top
detalhe-anuncio.html,390x844,review cards,.detail-mobile-review-card__top,measured-child-gap-y,0,,,assets/css/pages/detalhe-anuncio.css :: .detail-mobile-review-card__top
detalhe-anuncio.html,390x844,review cards,.detail-mobile-review-card__top,media.height,164,,,assets/css/pages/detalhe-anuncio.css :: .detail-mobile-review-card__top
detalhe-anuncio.html,390x844,review cards,.detail-mobile-review-card__top,media.aspect-ratio,2.15,,,assets/css/pages/detalhe-anuncio.css :: .detail-mobile-review-card__top
detalhe-anuncio.html,390x844,review cards,.detail-mobile-review-card__top,media.border-radius,10px,,,assets/css/pages/detalhe-anuncio.css :: .detail-mobile-review-card__top
detalhe-anuncio.html,390x844,review cards,.detail-mobile-review-card__avatar,x,762,33,-729,assets/css/pages/detalhe-anuncio.css :: .detail-mobile-review-card__avatar
detalhe-anuncio.html,390x844,review cards,.detail-mobile-review-card__avatar,y,4537.89,1370.31,-3167.58,assets/css/pages/detalhe-anuncio.css :: .detail-mobile-review-card__avatar
detalhe-anuncio.html,390x844,review cards,.detail-mobile-review-card__avatar,width,354,34,-320,assets/css/pages/detalhe-anuncio.css :: .detail-mobile-review-card__avatar
detalhe-anuncio.html,390x844,review cards,.detail-mobile-review-card__avatar,height,330,34,-296,assets/css/pages/detalhe-anuncio.css :: .detail-mobile-review-card__avatar
detalhe-anuncio.html,390x844,review cards,.detail-mobile-review-card__avatar,border-radius,16px,999px,,assets/css/pages/detalhe-anuncio.css :: .detail-mobile-review-card__avatar
detalhe-anuncio.html,390x844,review cards,.detail-mobile-review-card__avatar,box-shadow,"rgba(19, 48, 82, 0.08) 0px 10px 28px 0px",none,,assets/css/pages/detalhe-anuncio.css :: .detail-mobile-review-card__avatar
detalhe-anuncio.html,390x844,review cards,.detail-mobile-review-card__avatar,font-size,16,11.52,-4.48,assets/css/pages/detalhe-anuncio.css :: .detail-mobile-review-card__avatar
detalhe-anuncio.html,390x844,review cards,.detail-mobile-review-card__avatar,aspect-ratio,1.07,1,-0.07,assets/css/pages/detalhe-anuncio.css :: .detail-mobile-review-card__avatar
detalhe-anuncio.html,390x844,review cards,.detail-mobile-review-card__avatar,measured-child-gap-y,0,,,assets/css/pages/detalhe-anuncio.css :: .detail-mobile-review-card__avatar
detalhe-anuncio.html,390x844,review cards,.detail-mobile-review-card__avatar,media.height,164,,,assets/css/pages/detalhe-anuncio.css :: .detail-mobile-review-card__avatar
detalhe-anuncio.html,390x844,review cards,.detail-mobile-review-card__avatar,media.aspect-ratio,2.15,,,assets/css/pages/detalhe-anuncio.css :: .detail-mobile-review-card__avatar
detalhe-anuncio.html,390x844,review cards,.detail-mobile-review-card__avatar,media.border-radius,10px,,,assets/css/pages/detalhe-anuncio.css :: .detail-mobile-review-card__avatar
detalhe-anuncio.html,608x926,headers,.app-header.app-header--detail.home-side-meta,x,8,0,-8,assets/css/components/shell/desktop-topbar.css :: .home-side-meta | assets/css/components/shell/doke-shell-contract.css :: .app-header | assets/css/components/shell/app-header.css :: .app-header | assets/css/components/shell/mobile-app-shell.css :: .home-side-meta | assets/css/components/shell/mobile-base-stability.css :: .home-side-meta | assets/css/pages/detalhe-anuncio.css :: .app-header | assets/css/pages/detalhe-anuncio-rail-parity.css :: .app-header
detalhe-anuncio.html,608x926,headers,.app-header.app-header--detail.home-side-meta,y,8,0,-8,assets/css/components/shell/desktop-topbar.css :: .home-side-meta | assets/css/components/shell/doke-shell-contract.css :: .app-header | assets/css/components/shell/app-header.css :: .app-header | assets/css/components/shell/mobile-app-shell.css :: .home-side-meta | assets/css/components/shell/mobile-base-stability.css :: .home-side-meta | assets/css/pages/detalhe-anuncio.css :: .app-header | assets/css/pages/detalhe-anuncio-rail-parity.css :: .app-header
detalhe-anuncio.html,608x926,headers,.app-header.app-header--detail.home-side-meta,height,86,96,10,assets/css/components/shell/desktop-topbar.css :: .home-side-meta | assets/css/components/shell/doke-shell-contract.css :: .app-header | assets/css/components/shell/app-header.css :: .app-header | assets/css/components/shell/mobile-app-shell.css :: .home-side-meta | assets/css/components/shell/mobile-base-stability.css :: .home-side-meta | assets/css/pages/detalhe-anuncio.css :: .app-header | assets/css/pages/detalhe-anuncio-rail-parity.css :: .app-header
detalhe-anuncio.html,608x926,headers,.app-header.app-header--detail.home-side-meta,padding.right,0,12,12,assets/css/components/shell/desktop-topbar.css :: .home-side-meta | assets/css/components/shell/doke-shell-contract.css :: .app-header | assets/css/components/shell/app-header.css :: .app-header | assets/css/components/shell/mobile-app-shell.css :: .home-side-meta | assets/css/components/shell/mobile-base-stability.css :: .home-side-meta | assets/css/pages/detalhe-anuncio.css :: .app-header | assets/css/pages/detalhe-anuncio-rail-parity.css :: .app-header
detalhe-anuncio.html,608x926,headers,.app-header.app-header--detail.home-side-meta,padding.bottom,10,28,18,assets/css/components/shell/desktop-topbar.css :: .home-side-meta | assets/css/components/shell/doke-shell-contract.css :: .app-header | assets/css/components/shell/app-header.css :: .app-header | assets/css/components/shell/mobile-app-shell.css :: .home-side-meta | assets/css/components/shell/mobile-base-stability.css :: .home-side-meta | assets/css/pages/detalhe-anuncio.css :: .app-header | assets/css/pages/detalhe-anuncio-rail-parity.css :: .app-header
detalhe-anuncio.html,608x926,headers,.app-header.app-header--detail.home-side-meta,padding.left,0,12,12,assets/css/components/shell/desktop-topbar.css :: .home-side-meta | assets/css/components/shell/doke-shell-contract.css :: .app-header | assets/css/components/shell/app-header.css :: .app-header | assets/css/components/shell/mobile-app-shell.css :: .home-side-meta | assets/css/components/shell/mobile-base-stability.css :: .home-side-meta | assets/css/pages/detalhe-anuncio.css :: .app-header | assets/css/pages/detalhe-anuncio-rail-parity.css :: .app-header
detalhe-anuncio.html,608x926,headers,.app-header.app-header--detail.home-side-meta,aspect-ratio,7.07,6.33,-0.74,assets/css/components/shell/desktop-topbar.css :: .home-side-meta | assets/css/components/shell/doke-shell-contract.css :: .app-header | assets/css/components/shell/app-header.css :: .app-header | assets/css/components/shell/mobile-app-shell.css :: .home-side-meta | assets/css/components/shell/mobile-base-stability.css :: .home-side-meta | assets/css/pages/detalhe-anuncio.css :: .app-header | assets/css/pages/detalhe-anuncio-rail-parity.css :: .app-header
detalhe-anuncio.html,608x926,headers,.app-header.app-header--detail.home-side-meta,texto cortado,false,true,,assets/css/components/shell/desktop-topbar.css :: .home-side-meta | assets/css/components/shell/doke-shell-contract.css :: .app-header | assets/css/components/shell/app-header.css :: .app-header | assets/css/components/shell/mobile-app-shell.css :: .home-side-meta | assets/css/components/shell/mobile-base-stability.css :: .home-side-meta | assets/css/pages/detalhe-anuncio.css :: .app-header | assets/css/pages/detalhe-anuncio-rail-parity.css :: .app-header
detalhe-anuncio.html,608x926,header inner,.app-header__inner,x,26,30,4,assets/css/components/shell/doke-shell-contract.css :: .app-header__inner | assets/css/components/shell/app-header.css :: .app-header__inner | assets/css/pages/detalhe-anuncio.css :: .app-header__inner | assets/css/pages/detalhe-anuncio-rail-parity.css :: .app-header__inner
detalhe-anuncio.html,608x926,header inner,.app-header__inner,y,26,20,-6,assets/css/components/shell/doke-shell-contract.css :: .app-header__inner | assets/css/components/shell/app-header.css :: .app-header__inner | assets/css/pages/detalhe-anuncio.css :: .app-header__inner | assets/css/pages/detalhe-anuncio-rail-parity.css :: .app-header__inner
detalhe-anuncio.html,608x926,header inner,.app-header__inner,width,572,548,-24,assets/css/components/shell/doke-shell-contract.css :: .app-header__inner | assets/css/components/shell/app-header.css :: .app-header__inner | assets/css/pages/detalhe-anuncio.css :: .app-header__inner | assets/css/pages/detalhe-anuncio-rail-parity.css :: .app-header__inner
detalhe-anuncio.html,608x926,header inner,.app-header__inner,height,48,52,4,assets/css/components/shell/doke-shell-contract.css :: .app-header__inner | assets/css/components/shell/app-header.css :: .app-header__inner | assets/css/pages/detalhe-anuncio.css :: .app-header__inner | assets/css/pages/detalhe-anuncio-rail-parity.css :: .app-header__inner
detalhe-anuncio.html,608x926,header inner,.app-header__inner,aspect-ratio,11.92,10.54,-1.38,assets/css/components/shell/doke-shell-contract.css :: .app-header__inner | assets/css/components/shell/app-header.css :: .app-header__inner | assets/css/pages/detalhe-anuncio.css :: .app-header__inner | assets/css/pages/detalhe-anuncio-rail-parity.css :: .app-header__inner
detalhe-anuncio.html,608x926,header inner,.app-header__inner,texto cortado,false,true,,assets/css/components/shell/doke-shell-contract.css :: .app-header__inner | assets/css/components/shell/app-header.css :: .app-header__inner | assets/css/pages/detalhe-anuncio.css :: .app-header__inner | assets/css/pages/detalhe-anuncio-rail-parity.css :: .app-header__inner
detalhe-anuncio.html,608x926,containers/rails,.doke-reviews-bar__track,x,26,404.31,378.31,assets/css/patterns/reviews-section.css :: .doke-reviews-bar__track | assets/css/pages/detalhe-anuncio-rail-parity.css :: .doke-reviews-bar__track
detalhe-anuncio.html,608x926,containers/rails,.doke-reviews-bar__track,y,352.23,1823.08,1470.85,assets/css/patterns/reviews-section.css :: .doke-reviews-bar__track | assets/css/pages/detalhe-anuncio-rail-parity.css :: .doke-reviews-bar__track
detalhe-anuncio.html,608x926,containers/rails,.doke-reviews-bar__track,width,572,127.69,-444.31,assets/css/patterns/reviews-section.css :: .doke-reviews-bar__track | assets/css/pages/detalhe-anuncio-rail-parity.css :: .doke-reviews-bar__track
detalhe-anuncio.html,608x926,containers/rails,.doke-reviews-bar__track,height,124,7,-117,assets/css/patterns/reviews-section.css :: .doke-reviews-bar__track | assets/css/pages/detalhe-anuncio-rail-parity.css :: .doke-reviews-bar__track
detalhe-anuncio.html,608x926,containers/rails,.doke-reviews-bar__track,border-radius,0px,999px,,assets/css/patterns/reviews-section.css :: .doke-reviews-bar__track | assets/css/pages/detalhe-anuncio-rail-parity.css :: .doke-reviews-bar__track
detalhe-anuncio.html,608x926,containers/rails,.doke-reviews-bar__track,font-size,16,11.52,-4.48,assets/css/patterns/reviews-section.css :: .doke-reviews-bar__track | assets/css/pages/detalhe-anuncio-rail-parity.css :: .doke-reviews-bar__track
detalhe-anuncio.html,608x926,containers/rails,.doke-reviews-bar__track,aspect-ratio,4.61,18.24,13.63,assets/css/patterns/reviews-section.css :: .doke-reviews-bar__track | assets/css/pages/detalhe-anuncio-rail-parity.css :: .doke-reviews-bar__track
detalhe-anuncio.html,608x926,containers/rails,.doke-reviews-bar__track,gap,0px,normal,,assets/css/patterns/reviews-section.css :: .doke-reviews-bar__track | assets/css/pages/detalhe-anuncio-rail-parity.css :: .doke-reviews-bar__track
detalhe-anuncio.html,608x926,containers/rails,.doke-reviews-bar__track,row-gap,0px,normal,,assets/css/patterns/reviews-section.css :: .doke-reviews-bar__track | assets/css/pages/detalhe-anuncio-rail-parity.css :: .doke-reviews-bar__track
detalhe-anuncio.html,608x926,containers/rails,.doke-reviews-bar__track,column-gap,0px,normal,,assets/css/patterns/reviews-section.css :: .doke-reviews-bar__track | assets/css/pages/detalhe-anuncio-rail-parity.css :: .doke-reviews-bar__track
detalhe-anuncio.html,608x926,containers/rails,.doke-reviews-bar__track,x,26,404.31,378.31,assets/css/patterns/reviews-section.css :: .doke-reviews-bar__track | assets/css/pages/detalhe-anuncio-rail-parity.css :: .doke-reviews-bar__track
detalhe-anuncio.html,608x926,containers/rails,.doke-reviews-bar__track,y,352.23,1843.08,1490.85,assets/css/patterns/reviews-section.css :: .doke-reviews-bar__track | assets/css/pages/detalhe-anuncio-rail-parity.css :: .doke-reviews-bar__track
detalhe-anuncio.html,608x926,containers/rails,.doke-reviews-bar__track,width,572,127.69,-444.31,assets/css/patterns/reviews-section.css :: .doke-reviews-bar__track | assets/css/pages/detalhe-anuncio-rail-parity.css :: .doke-reviews-bar__track
detalhe-anuncio.html,608x926,containers/rails,.doke-reviews-bar__track,height,124,7,-117,assets/css/patterns/reviews-section.css :: .doke-reviews-bar__track | assets/css/pages/detalhe-anuncio-rail-parity.css :: .doke-reviews-bar__track
detalhe-anuncio.html,608x926,containers/rails,.doke-reviews-bar__track,border-radius,0px,999px,,assets/css/patterns/reviews-section.css :: .doke-reviews-bar__track | assets/css/pages/detalhe-anuncio-rail-parity.css :: .doke-reviews-bar__track
detalhe-anuncio.html,608x926,containers/rails,.doke-reviews-bar__track,font-size,16,11.52,-4.48,assets/css/patterns/reviews-section.css :: .doke-reviews-bar__track | assets/css/pages/detalhe-anuncio-rail-parity.css :: .doke-reviews-bar__track
detalhe-anuncio.html,608x926,containers/rails,.doke-reviews-bar__track,aspect-ratio,4.61,18.24,13.63,assets/css/patterns/reviews-section.css :: .doke-reviews-bar__track | assets/css/pages/detalhe-anuncio-rail-parity.css :: .doke-reviews-bar__track
detalhe-anuncio.html,608x926,containers/rails,.doke-reviews-bar__track,gap,14px,normal,,assets/css/patterns/reviews-section.css :: .doke-reviews-bar__track | assets/css/pages/detalhe-anuncio-rail-parity.css :: .doke-reviews-bar__track
detalhe-anuncio.html,608x926,containers/rails,.doke-reviews-bar__track,row-gap,14px,normal,,assets/css/patterns/reviews-section.css :: .doke-reviews-bar__track | assets/css/pages/detalhe-anuncio-rail-parity.css :: .doke-reviews-bar__track
detalhe-anuncio.html,608x926,containers/rails,.doke-reviews-bar__track,column-gap,14px,normal,,assets/css/patterns/reviews-section.css :: .doke-reviews-bar__track | assets/css/pages/detalhe-anuncio-rail-parity.css :: .doke-reviews-bar__track
detalhe-anuncio.html,608x926,containers/rails,.doke-reviews-bar__track,measured-child-gap-x,14,,,assets/css/patterns/reviews-section.css :: .doke-reviews-bar__track | assets/css/pages/detalhe-anuncio-rail-parity.css :: .doke-reviews-bar__track
detalhe-anuncio.html,608x926,containers/rails,.content-rail.doke-scroll-rail.home-media-rail.home-media-rail--workers.detail-related-media-rail,y,577.81,2780.88,2203.07,assets/css/components/shell/doke-shell-contract.css :: .content-rail | assets/css/pages/detalhe-anuncio.css :: .content-rail | assets/css/pages/detalhe-anuncio-rail-parity.css :: .content-rail | assets/css/components/cards/marketplace-card-contract.css :: .content-rail
detalhe-anuncio.html,608x926,containers/rails,.content-rail.doke-scroll-rail.home-media-rail.home-media-rail--workers.detail-related-media-rail,width,572,560,-12,assets/css/components/shell/doke-shell-contract.css :: .content-rail | assets/css/pages/detalhe-anuncio.css :: .content-rail | assets/css/pages/detalhe-anuncio-rail-parity.css :: .content-rail | assets/css/components/cards/marketplace-card-contract.css :: .content-rail
detalhe-anuncio.html,608x926,containers/rails,.content-rail.doke-scroll-rail.home-media-rail.home-media-rail--workers.detail-related-media-rail,height,1818.56,772,-1046.56,assets/css/components/shell/doke-shell-contract.css :: .content-rail | assets/css/pages/detalhe-anuncio.css :: .content-rail | assets/css/pages/detalhe-anuncio-rail-parity.css :: .content-rail | assets/css/components/cards/marketplace-card-contract.css :: .content-rail
detalhe-anuncio.html,608x926,containers/rails,.content-rail.doke-scroll-rail.home-media-rail.home-media-rail--workers.detail-related-media-rail,aspect-ratio,0.31,0.73,0.42,assets/css/components/shell/doke-shell-contract.css :: .content-rail | assets/css/pages/detalhe-anuncio.css :: .content-rail | assets/css/pages/detalhe-anuncio-rail-parity.css :: .content-rail | assets/css/components/cards/marketplace-card-contract.css :: .content-rail
detalhe-anuncio.html,608x926,containers/rails,.content-rail.doke-scroll-rail.home-media-rail.home-media-rail--workers.detail-related-media-rail,media.height,178,772,594,assets/css/components/shell/doke-shell-contract.css :: .content-rail | assets/css/pages/detalhe-anuncio.css :: .content-rail | assets/css/pages/detalhe-anuncio-rail-parity.css :: .content-rail | assets/css/components/cards/marketplace-card-contract.css :: .content-rail
detalhe-anuncio.html,608x926,containers/rails,.content-rail.doke-scroll-rail.home-media-rail.home-media-rail--workers.detail-related-media-rail,media.aspect-ratio,3.2,0.73,-2.47,assets/css/components/shell/doke-shell-contract.css :: .content-rail | assets/css/pages/detalhe-anuncio.css :: .content-rail | assets/css/pages/detalhe-anuncio-rail-parity.css :: .content-rail | assets/css/components/cards/marketplace-card-contract.css :: .content-rail
detalhe-anuncio.html,608x926,containers/rails,.content-rail.doke-scroll-rail.home-media-rail.home-media-rail--workers.detail-related-media-rail,overflow horizontal interno,false,true,6,assets/css/components/shell/doke-shell-contract.css :: .content-rail | assets/css/pages/detalhe-anuncio.css :: .content-rail | assets/css/pages/detalhe-anuncio-rail-parity.css :: .content-rail | assets/css/components/cards/marketplace-card-contract.css :: .content-rail
detalhe-anuncio.html,608x926,containers/rails,.short-videos__track.detail-related-workers__track,x,26,18,-8,assets/css/pages/detalhe-anuncio.css :: .detail-related-workers__track | assets/css/pages/detalhe-anuncio-rail-parity.css :: .detail-related-workers__track | assets/css/components/cards/marketplace-card-contract.css :: .short-videos__track
detalhe-anuncio.html,608x926,containers/rails,.short-videos__track.detail-related-workers__track,y,577.81,2780.88,2203.07,assets/css/pages/detalhe-anuncio.css :: .detail-related-workers__track | assets/css/pages/detalhe-anuncio-rail-parity.css :: .detail-related-workers__track | assets/css/components/cards/marketplace-card-contract.css :: .short-videos__track
detalhe-anuncio.html,608x926,containers/rails,.short-videos__track.detail-related-workers__track,height,1818.56,772,-1046.56,assets/css/pages/detalhe-anuncio.css :: .detail-related-workers__track | assets/css/pages/detalhe-anuncio-rail-parity.css :: .detail-related-workers__track | assets/css/components/cards/marketplace-card-contract.css :: .short-videos__track
detalhe-anuncio.html,608x926,containers/rails,.short-videos__track.detail-related-workers__track,aspect-ratio,0.31,0.74,0.43,assets/css/pages/detalhe-anuncio.css :: .detail-related-workers__track | assets/css/pages/detalhe-anuncio-rail-parity.css :: .detail-related-workers__track | assets/css/components/cards/marketplace-card-contract.css :: .short-videos__track
detalhe-anuncio.html,608x926,containers/rails,.short-videos__track.detail-related-workers__track,gap,18.24px,10px,-8.24,assets/css/pages/detalhe-anuncio.css :: .detail-related-workers__track | assets/css/pages/detalhe-anuncio-rail-parity.css :: .detail-related-workers__track | assets/css/components/cards/marketplace-card-contract.css :: .short-videos__track
detalhe-anuncio.html,608x926,containers/rails,.short-videos__track.detail-related-workers__track,row-gap,18.24px,10px,-8.24,assets/css/pages/detalhe-anuncio.css :: .detail-related-workers__track | assets/css/pages/detalhe-anuncio-rail-parity.css :: .detail-related-workers__track | assets/css/components/cards/marketplace-card-contract.css :: .short-videos__track
detalhe-anuncio.html,608x926,containers/rails,.short-videos__track.detail-related-workers__track,column-gap,18.24px,10px,-8.24,assets/css/pages/detalhe-anuncio.css :: .detail-related-workers__track | assets/css/pages/detalhe-anuncio-rail-parity.css :: .detail-related-workers__track | assets/css/components/cards/marketplace-card-contract.css :: .short-videos__track
detalhe-anuncio.html,608x926,containers/rails,.short-videos__track.detail-related-workers__track,measured-child-gap-x,,10,,assets/css/pages/detalhe-anuncio.css :: .detail-related-workers__track | assets/css/pages/detalhe-anuncio-rail-parity.css :: .detail-related-workers__track | assets/css/components/cards/marketplace-card-contract.css :: .short-videos__track
detalhe-anuncio.html,608x926,containers/rails,.short-videos__track.detail-related-workers__track,measured-child-gap-y,18.23,,,assets/css/pages/detalhe-anuncio.css :: .detail-related-workers__track | assets/css/pages/detalhe-anuncio-rail-parity.css :: .detail-related-workers__track | assets/css/components/cards/marketplace-card-contract.css :: .short-videos__track
detalhe-anuncio.html,608x926,containers/rails,.short-videos__track.detail-related-workers__track,media.height,178,381,203,assets/css/pages/detalhe-anuncio.css :: .detail-related-workers__track | assets/css/pages/detalhe-anuncio-rail-parity.css :: .detail-related-workers__track | assets/css/components/cards/marketplace-card-contract.css :: .short-videos__track
detalhe-anuncio.html,608x926,containers/rails,.short-videos__track.detail-related-workers__track,media.aspect-ratio,3.2,0.74,-2.46,assets/css/pages/detalhe-anuncio.css :: .detail-related-workers__track | assets/css/pages/detalhe-anuncio-rail-parity.css :: .detail-related-workers__track | assets/css/components/cards/marketplace-card-contract.css :: .short-videos__track
detalhe-anuncio.html,608x926,containers/rails,.short-videos__track.detail-related-workers__track,media.border-radius,0px,16px,,assets/css/pages/detalhe-anuncio.css :: .detail-related-workers__track | assets/css/pages/detalhe-anuncio-rail-parity.css :: .detail-related-workers__track | assets/css/components/cards/marketplace-card-contract.css :: .short-videos__track
detalhe-anuncio.html,608x926,containers/rails,.content-rail.doke-scroll-rail.home-media-rail.home-media-rail--publications.detail-related-media-rail,y,2469.95,3646.48,1176.53,assets/css/components/shell/doke-shell-contract.css :: .content-rail | assets/css/pages/detalhe-anuncio.css :: .content-rail | assets/css/pages/detalhe-anuncio-rail-parity.css :: .content-rail | assets/css/components/cards/marketplace-card-contract.css :: .content-rail
detalhe-anuncio.html,608x926,containers/rails,.content-rail.doke-scroll-rail.home-media-rail.home-media-rail--publications.detail-related-media-rail,width,572,560,-12,assets/css/components/shell/doke-shell-contract.css :: .content-rail | assets/css/pages/detalhe-anuncio.css :: .content-rail | assets/css/pages/detalhe-anuncio-rail-parity.css :: .content-rail | assets/css/components/cards/marketplace-card-contract.css :: .content-rail
detalhe-anuncio.html,608x926,containers/rails,.content-rail.doke-scroll-rail.home-media-rail.home-media-rail--publications.detail-related-media-rail,height,3102.19,636,-2466.19,assets/css/components/shell/doke-shell-contract.css :: .content-rail | assets/css/pages/detalhe-anuncio.css :: .content-rail | assets/css/pages/detalhe-anuncio-rail-parity.css :: .content-rail | assets/css/components/cards/marketplace-card-contract.css :: .content-rail
detalhe-anuncio.html,608x926,containers/rails,.content-rail.doke-scroll-rail.home-media-rail.home-media-rail--publications.detail-related-media-rail,aspect-ratio,0.18,0.88,0.7,assets/css/components/shell/doke-shell-contract.css :: .content-rail | assets/css/pages/detalhe-anuncio.css :: .content-rail | assets/css/pages/detalhe-anuncio-rail-parity.css :: .content-rail | assets/css/components/cards/marketplace-card-contract.css :: .content-rail
detalhe-anuncio.html,608x926,containers/rails,.content-rail.doke-scroll-rail.home-media-rail.home-media-rail--publications.detail-related-media-rail,media.height,3102.19,636,-2466.19,assets/css/components/shell/doke-shell-contract.css :: .content-rail | assets/css/pages/detalhe-anuncio.css :: .content-rail | assets/css/pages/detalhe-anuncio-rail-parity.css :: .content-rail | assets/css/components/cards/marketplace-card-contract.css :: .content-rail
detalhe-anuncio.html,608x926,containers/rails,.content-rail.doke-scroll-rail.home-media-rail.home-media-rail--publications.detail-related-media-rail,media.aspect-ratio,0.18,0.88,0.7,assets/css/components/shell/doke-shell-contract.css :: .content-rail | assets/css/pages/detalhe-anuncio.css :: .content-rail | assets/css/pages/detalhe-anuncio-rail-parity.css :: .content-rail | assets/css/components/cards/marketplace-card-contract.css :: .content-rail
detalhe-anuncio.html,608x926,containers/rails,.publication-grid.detail-related-publications__track,y,2469.95,3646.48,1176.53,assets/css/pages/detalhe-anuncio.css :: .detail-related-publications__track | assets/css/pages/detalhe-anuncio-rail-parity.css :: .detail-related-publications__track | assets/css/components/cards/marketplace-card-contract.css :: .publication-grid
detalhe-anuncio.html,608x926,containers/rails,.publication-grid.detail-related-publications__track,width,572,556,-16,assets/css/pages/detalhe-anuncio.css :: .detail-related-publications__track | assets/css/pages/detalhe-anuncio-rail-parity.css :: .detail-related-publications__track | assets/css/components/cards/marketplace-card-contract.css :: .publication-grid
detalhe-anuncio.html,608x926,containers/rails,.publication-grid.detail-related-publications__track,height,3102.19,636,-2466.19,assets/css/pages/detalhe-anuncio.css :: .detail-related-publications__track | assets/css/pages/detalhe-anuncio-rail-parity.css :: .detail-related-publications__track | assets/css/components/cards/marketplace-card-contract.css :: .publication-grid
detalhe-anuncio.html,608x926,containers/rails,.publication-grid.detail-related-publications__track,padding.bottom,0,8,8,assets/css/pages/detalhe-anuncio.css :: .detail-related-publications__track | assets/css/pages/detalhe-anuncio-rail-parity.css :: .detail-related-publications__track | assets/css/components/cards/marketplace-card-contract.css :: .publication-grid
detalhe-anuncio.html,608x926,containers/rails,.publication-grid.detail-related-publications__track,aspect-ratio,0.18,0.87,0.69,assets/css/pages/detalhe-anuncio.css :: .detail-related-publications__track | assets/css/pages/detalhe-anuncio-rail-parity.css :: .detail-related-publications__track | assets/css/components/cards/marketplace-card-contract.css :: .publication-grid
detalhe-anuncio.html,608x926,containers/rails,.publication-grid.detail-related-publications__track,measured-child-gap-x,,12,,assets/css/pages/detalhe-anuncio.css :: .detail-related-publications__track | assets/css/pages/detalhe-anuncio-rail-parity.css :: .detail-related-publications__track | assets/css/components/cards/marketplace-card-contract.css :: .publication-grid
detalhe-anuncio.html,608x926,containers/rails,.publication-grid.detail-related-publications__track,measured-child-gap-y,0,,,assets/css/pages/detalhe-anuncio.css :: .detail-related-publications__track | assets/css/pages/detalhe-anuncio-rail-parity.css :: .detail-related-publications__track | assets/css/components/cards/marketplace-card-contract.css :: .publication-grid
detalhe-anuncio.html,608x926,containers/rails,.publication-grid.detail-related-publications__track,media.height,775.55,164,-611.55,assets/css/pages/detalhe-anuncio.css :: .detail-related-publications__track | assets/css/pages/detalhe-anuncio-rail-parity.css :: .detail-related-publications__track | assets/css/components/cards/marketplace-card-contract.css :: .publication-grid
detalhe-anuncio.html,608x926,containers/rails,.publication-grid.detail-related-publications__track,media.aspect-ratio,0.74,1.66,0.92,assets/css/pages/detalhe-anuncio.css :: .detail-related-publications__track | assets/css/pages/detalhe-anuncio-rail-parity.css :: .detail-related-publications__track | assets/css/components/cards/marketplace-card-contract.css :: .publication-grid
detalhe-anuncio.html,608x926,containers/rails,.publication-grid.detail-related-publications__track,media.border-radius,16px,22px 22px 0px 0px,,assets/css/pages/detalhe-anuncio.css :: .detail-related-publications__track | assets/css/pages/detalhe-anuncio-rail-parity.css :: .detail-related-publications__track | assets/css/components/cards/marketplace-card-contract.css :: .publication-grid
detalhe-anuncio.html,608x926,doke-ad-card,.doke-ad-card.doke-ad-card--similar,y,577.81,4374.09,3796.28,assets/css/components/shell/doke-shell-contract.css :: .doke-ad-card | assets/css/pages/detalhe-anuncio.css :: .doke-ad-card | assets/css/pages/detalhe-anuncio-rail-parity.css :: .doke-ad-card | assets/css/components/cards/marketplace-card-contract.css :: .doke-ad-card
detalhe-anuncio.html,608x926,doke-ad-card,.doke-ad-card.doke-ad-card--similar,width,572,274,-298,assets/css/components/shell/doke-shell-contract.css :: .doke-ad-card | assets/css/pages/detalhe-anuncio.css :: .doke-ad-card | assets/css/pages/detalhe-anuncio-rail-parity.css :: .doke-ad-card | assets/css/components/cards/marketplace-card-contract.css :: .doke-ad-card
detalhe-anuncio.html,608x926,doke-ad-card,.doke-ad-card.doke-ad-card--similar,height,578.88,350.23,-228.65,assets/css/components/shell/doke-shell-contract.css :: .doke-ad-card | assets/css/pages/detalhe-anuncio.css :: .doke-ad-card | assets/css/pages/detalhe-anuncio-rail-parity.css :: .doke-ad-card | assets/css/components/cards/marketplace-card-contract.css :: .doke-ad-card
detalhe-anuncio.html,608x926,doke-ad-card,.doke-ad-card.doke-ad-card--similar,border-radius,24px,22px,,assets/css/components/shell/doke-shell-contract.css :: .doke-ad-card | assets/css/pages/detalhe-anuncio.css :: .doke-ad-card | assets/css/pages/detalhe-anuncio-rail-parity.css :: .doke-ad-card | assets/css/components/cards/marketplace-card-contract.css :: .doke-ad-card
detalhe-anuncio.html,608x926,doke-ad-card,.doke-ad-card.doke-ad-card--similar,box-shadow,"rgba(19, 48, 82, 0.08) 0px 10px 28px 0px","rgba(19, 48, 82, 0.07) 0px 10px 22px 0px",,assets/css/components/shell/doke-shell-contract.css :: .doke-ad-card | assets/css/pages/detalhe-anuncio.css :: .doke-ad-card | assets/css/pages/detalhe-anuncio-rail-parity.css :: .doke-ad-card | assets/css/components/cards/marketplace-card-contract.css :: .doke-ad-card
detalhe-anuncio.html,608x926,doke-ad-card,.doke-ad-card.doke-ad-card--similar,aspect-ratio,0.99,0.78,-0.21,assets/css/components/shell/doke-shell-contract.css :: .doke-ad-card | assets/css/pages/detalhe-anuncio.css :: .doke-ad-card | assets/css/pages/detalhe-anuncio-rail-parity.css :: .doke-ad-card | assets/css/components/cards/marketplace-card-contract.css :: .doke-ad-card
detalhe-anuncio.html,608x926,doke-ad-card,.doke-ad-card.doke-ad-card--similar,media.height,178,118,-60,assets/css/components/shell/doke-shell-contract.css :: .doke-ad-card | assets/css/pages/detalhe-anuncio.css :: .doke-ad-card | assets/css/pages/detalhe-anuncio-rail-parity.css :: .doke-ad-card | assets/css/components/cards/marketplace-card-contract.css :: .doke-ad-card
detalhe-anuncio.html,608x926,doke-ad-card,.doke-ad-card.doke-ad-card--similar,media.aspect-ratio,3.2,2.32,-0.88,assets/css/components/shell/doke-shell-contract.css :: .doke-ad-card | assets/css/pages/detalhe-anuncio.css :: .doke-ad-card | assets/css/pages/detalhe-anuncio-rail-parity.css :: .doke-ad-card | assets/css/components/cards/marketplace-card-contract.css :: .doke-ad-card
detalhe-anuncio.html,608x926,doke-ad-card,.doke-ad-card.doke-ad-card--similar,x,26,0,-26,assets/css/components/shell/doke-shell-contract.css :: .doke-ad-card | assets/css/pages/detalhe-anuncio.css :: .doke-ad-card | assets/css/pages/detalhe-anuncio-rail-parity.css :: .doke-ad-card | assets/css/components/cards/marketplace-card-contract.css :: .doke-ad-card
detalhe-anuncio.html,608x926,doke-ad-card,.doke-ad-card.doke-ad-card--similar,y,1174.92,0,-1174.92,assets/css/components/shell/doke-shell-contract.css :: .doke-ad-card | assets/css/pages/detalhe-anuncio.css :: .doke-ad-card | assets/css/pages/detalhe-anuncio-rail-parity.css :: .doke-ad-card | assets/css/components/cards/marketplace-card-contract.css :: .doke-ad-card
detalhe-anuncio.html,608x926,doke-ad-card,.doke-ad-card.doke-ad-card--similar,width,572,0,-572,assets/css/components/shell/doke-shell-contract.css :: .doke-ad-card | assets/css/pages/detalhe-anuncio.css :: .doke-ad-card | assets/css/pages/detalhe-anuncio-rail-parity.css :: .doke-ad-card | assets/css/components/cards/marketplace-card-contract.css :: .doke-ad-card
detalhe-anuncio.html,608x926,doke-ad-card,.doke-ad-card.doke-ad-card--similar,height,584.89,0,-584.89,assets/css/components/shell/doke-shell-contract.css :: .doke-ad-card | assets/css/pages/detalhe-anuncio.css :: .doke-ad-card | assets/css/pages/detalhe-anuncio-rail-parity.css :: .doke-ad-card | assets/css/components/cards/marketplace-card-contract.css :: .doke-ad-card
detalhe-anuncio.html,608x926,doke-ad-card,.doke-ad-card.doke-ad-card--similar,border-radius,24px,22px,,assets/css/components/shell/doke-shell-contract.css :: .doke-ad-card | assets/css/pages/detalhe-anuncio.css :: .doke-ad-card | assets/css/pages/detalhe-anuncio-rail-parity.css :: .doke-ad-card | assets/css/components/cards/marketplace-card-contract.css :: .doke-ad-card
detalhe-anuncio.html,608x926,doke-ad-card,.doke-ad-card.doke-ad-card--similar,box-shadow,"rgba(19, 48, 82, 0.08) 0px 10px 28px 0px","rgba(19, 48, 82, 0.07) 0px 10px 22px 0px",,assets/css/components/shell/doke-shell-contract.css :: .doke-ad-card | assets/css/pages/detalhe-anuncio.css :: .doke-ad-card | assets/css/pages/detalhe-anuncio-rail-parity.css :: .doke-ad-card | assets/css/components/cards/marketplace-card-contract.css :: .doke-ad-card
detalhe-anuncio.html,608x926,doke-ad-card,.doke-ad-card.doke-ad-card--similar,aspect-ratio,0.98,,,assets/css/components/shell/doke-shell-contract.css :: .doke-ad-card | assets/css/pages/detalhe-anuncio.css :: .doke-ad-card | assets/css/pages/detalhe-anuncio-rail-parity.css :: .doke-ad-card | assets/css/components/cards/marketplace-card-contract.css :: .doke-ad-card
detalhe-anuncio.html,608x926,doke-ad-card,.doke-ad-card.doke-ad-card--similar,measured-child-gap-y,0,,,assets/css/components/shell/doke-shell-contract.css :: .doke-ad-card | assets/css/pages/detalhe-anuncio.css :: .doke-ad-card | assets/css/pages/detalhe-anuncio-rail-parity.css :: .doke-ad-card | assets/css/components/cards/marketplace-card-contract.css :: .doke-ad-card
detalhe-anuncio.html,608x926,doke-ad-card,.doke-ad-card.doke-ad-card--similar,media.height,178,0,-178,assets/css/components/shell/doke-shell-contract.css :: .doke-ad-card | assets/css/pages/detalhe-anuncio.css :: .doke-ad-card | assets/css/pages/detalhe-anuncio-rail-parity.css :: .doke-ad-card | assets/css/components/cards/marketplace-card-contract.css :: .doke-ad-card
detalhe-anuncio.html,608x926,doke-ad-card,.doke-ad-card.doke-ad-card--similar,media.aspect-ratio,3.2,,,assets/css/components/shell/doke-shell-contract.css :: .doke-ad-card | assets/css/pages/detalhe-anuncio.css :: .doke-ad-card | assets/css/pages/detalhe-anuncio-rail-parity.css :: .doke-ad-card | assets/css/components/cards/marketplace-card-contract.css :: .doke-ad-card
detalhe-anuncio.html,608x926,doke-ad-card,.doke-ad-card.doke-ad-card--similar,x,26,310,284,assets/css/components/shell/doke-shell-contract.css :: .doke-ad-card | assets/css/pages/detalhe-anuncio.css :: .doke-ad-card | assets/css/pages/detalhe-anuncio-rail-parity.css :: .doke-ad-card | assets/css/components/cards/marketplace-card-contract.css :: .doke-ad-card
detalhe-anuncio.html,608x926,doke-ad-card,.doke-ad-card.doke-ad-card--similar,y,1778.05,4374.09,2596.04,assets/css/components/shell/doke-shell-contract.css :: .doke-ad-card | assets/css/pages/detalhe-anuncio.css :: .doke-ad-card | assets/css/pages/detalhe-anuncio-rail-parity.css :: .doke-ad-card | assets/css/components/cards/marketplace-card-contract.css :: .doke-ad-card
detalhe-anuncio.html,608x926,doke-ad-card,.doke-ad-card.doke-ad-card--similar,width,572,274,-298,assets/css/components/shell/doke-shell-contract.css :: .doke-ad-card | assets/css/pages/detalhe-anuncio.css :: .doke-ad-card | assets/css/pages/detalhe-anuncio-rail-parity.css :: .doke-ad-card | assets/css/components/cards/marketplace-card-contract.css :: .doke-ad-card
detalhe-anuncio.html,608x926,doke-ad-card,.doke-ad-card.doke-ad-card--similar,height,618.33,350.23,-268.1,assets/css/components/shell/doke-shell-contract.css :: .doke-ad-card | assets/css/pages/detalhe-anuncio.css :: .doke-ad-card | assets/css/pages/detalhe-anuncio-rail-parity.css :: .doke-ad-card | assets/css/components/cards/marketplace-card-contract.css :: .doke-ad-card
detalhe-anuncio.html,608x926,doke-ad-card,.doke-ad-card.doke-ad-card--similar,border-radius,24px,22px,,assets/css/components/shell/doke-shell-contract.css :: .doke-ad-card | assets/css/pages/detalhe-anuncio.css :: .doke-ad-card | assets/css/pages/detalhe-anuncio-rail-parity.css :: .doke-ad-card | assets/css/components/cards/marketplace-card-contract.css :: .doke-ad-card
detalhe-anuncio.html,608x926,doke-ad-card,.doke-ad-card.doke-ad-card--similar,box-shadow,"rgba(19, 48, 82, 0.08) 0px 10px 28px 0px","rgba(19, 48, 82, 0.07) 0px 10px 22px 0px",,assets/css/components/shell/doke-shell-contract.css :: .doke-ad-card | assets/css/pages/detalhe-anuncio.css :: .doke-ad-card | assets/css/pages/detalhe-anuncio-rail-parity.css :: .doke-ad-card | assets/css/components/cards/marketplace-card-contract.css :: .doke-ad-card
detalhe-anuncio.html,608x926,doke-ad-card,.doke-ad-card.doke-ad-card--similar,aspect-ratio,0.93,0.78,-0.15,assets/css/components/shell/doke-shell-contract.css :: .doke-ad-card | assets/css/pages/detalhe-anuncio.css :: .doke-ad-card | assets/css/pages/detalhe-anuncio-rail-parity.css :: .doke-ad-card | assets/css/components/cards/marketplace-card-contract.css :: .doke-ad-card
detalhe-anuncio.html,608x926,doke-ad-card,.doke-ad-card.doke-ad-card--similar,media.height,178,118,-60,assets/css/components/shell/doke-shell-contract.css :: .doke-ad-card | assets/css/pages/detalhe-anuncio.css :: .doke-ad-card | assets/css/pages/detalhe-anuncio-rail-parity.css :: .doke-ad-card | assets/css/components/cards/marketplace-card-contract.css :: .doke-ad-card
detalhe-anuncio.html,608x926,doke-ad-card,.doke-ad-card.doke-ad-card--similar,media.aspect-ratio,3.2,2.32,-0.88,assets/css/components/shell/doke-shell-contract.css :: .doke-ad-card | assets/css/pages/detalhe-anuncio.css :: .doke-ad-card | assets/css/pages/detalhe-anuncio-rail-parity.css :: .doke-ad-card | assets/css/components/cards/marketplace-card-contract.css :: .doke-ad-card
detalhe-anuncio.html,608x926,doke-ad-card,.doke-ad-card.doke-ad-card--similar,texto cortado,false,true,,assets/css/components/shell/doke-shell-contract.css :: .doke-ad-card | assets/css/pages/detalhe-anuncio.css :: .doke-ad-card | assets/css/pages/detalhe-anuncio-rail-parity.css :: .doke-ad-card | assets/css/components/cards/marketplace-card-contract.css :: .doke-ad-card
detalhe-anuncio.html,608x926,doke-ad-card,.doke-ad-card.doke-ad-card--similar,x,26,596,570,assets/css/components/shell/doke-shell-contract.css :: .doke-ad-card | assets/css/pages/detalhe-anuncio.css :: .doke-ad-card | assets/css/pages/detalhe-anuncio-rail-parity.css :: .doke-ad-card | assets/css/components/cards/marketplace-card-contract.css :: .doke-ad-card
detalhe-anuncio.html,608x926,doke-ad-card,.doke-ad-card.doke-ad-card--similar,y,6078.72,4374.09,-1704.63,assets/css/components/shell/doke-shell-contract.css :: .doke-ad-card | assets/css/pages/detalhe-anuncio.css :: .doke-ad-card | assets/css/pages/detalhe-anuncio-rail-parity.css :: .doke-ad-card | assets/css/components/cards/marketplace-card-contract.css :: .doke-ad-card
detalhe-anuncio.html,608x926,doke-ad-card,.doke-ad-card.doke-ad-card--similar,width,34.83,274,239.17,assets/css/components/shell/doke-shell-contract.css :: .doke-ad-card | assets/css/pages/detalhe-anuncio.css :: .doke-ad-card | assets/css/pages/detalhe-anuncio-rail-parity.css :: .doke-ad-card | assets/css/components/cards/marketplace-card-contract.css :: .doke-ad-card
detalhe-anuncio.html,608x926,doke-ad-card,.doke-ad-card.doke-ad-card--similar,height,542.05,350.23,-191.82,assets/css/components/shell/doke-shell-contract.css :: .doke-ad-card | assets/css/pages/detalhe-anuncio.css :: .doke-ad-card | assets/css/pages/detalhe-anuncio-rail-parity.css :: .doke-ad-card | assets/css/components/cards/marketplace-card-contract.css :: .doke-ad-card
detalhe-anuncio.html,608x926,doke-ad-card,.doke-ad-card.doke-ad-card--similar,border-radius,24px,22px,,assets/css/components/shell/doke-shell-contract.css :: .doke-ad-card | assets/css/pages/detalhe-anuncio.css :: .doke-ad-card | assets/css/pages/detalhe-anuncio-rail-parity.css :: .doke-ad-card | assets/css/components/cards/marketplace-card-contract.css :: .doke-ad-card
detalhe-anuncio.html,608x926,doke-ad-card,.doke-ad-card.doke-ad-card--similar,box-shadow,"rgba(19, 48, 82, 0.08) 0px 10px 28px 0px","rgba(19, 48, 82, 0.07) 0px 10px 22px 0px",,assets/css/components/shell/doke-shell-contract.css :: .doke-ad-card | assets/css/pages/detalhe-anuncio.css :: .doke-ad-card | assets/css/pages/detalhe-anuncio-rail-parity.css :: .doke-ad-card | assets/css/components/cards/marketplace-card-contract.css :: .doke-ad-card
detalhe-anuncio.html,608x926,doke-ad-card,.doke-ad-card.doke-ad-card--similar,aspect-ratio,0.06,0.78,0.72,assets/css/components/shell/doke-shell-contract.css :: .doke-ad-card | assets/css/pages/detalhe-anuncio.css :: .doke-ad-card | assets/css/pages/detalhe-anuncio-rail-parity.css :: .doke-ad-card | assets/css/components/cards/marketplace-card-contract.css :: .doke-ad-card
detalhe-anuncio.html,608x926,doke-ad-card,.doke-ad-card.doke-ad-card--similar,media.height,178,118,-60,assets/css/components/shell/doke-shell-contract.css :: .doke-ad-card | assets/css/pages/detalhe-anuncio.css :: .doke-ad-card | assets/css/pages/detalhe-anuncio-rail-parity.css :: .doke-ad-card | assets/css/components/cards/marketplace-card-contract.css :: .doke-ad-card
detalhe-anuncio.html,608x926,doke-ad-card,.doke-ad-card.doke-ad-card--similar,media.aspect-ratio,0.18,2.32,2.14,assets/css/components/shell/doke-shell-contract.css :: .doke-ad-card | assets/css/pages/detalhe-anuncio.css :: .doke-ad-card | assets/css/pages/detalhe-anuncio-rail-parity.css :: .doke-ad-card | assets/css/components/cards/marketplace-card-contract.css :: .doke-ad-card
detalhe-anuncio.html,608x926,doke-ad-card,.doke-ad-card.doke-ad-card--similar,texto cortado,false,true,,assets/css/components/shell/doke-shell-contract.css :: .doke-ad-card | assets/css/pages/detalhe-anuncio.css :: .doke-ad-card | assets/css/pages/detalhe-anuncio-rail-parity.css :: .doke-ad-card | assets/css/components/cards/marketplace-card-contract.css :: .doke-ad-card
detalhe-anuncio.html,608x926,publication-card,.publication-card.publication-card--photo.doke-card,y,5645.72,3646.48,-1999.24,assets/css/components/shell/doke-shell-contract.css :: .doke-card | assets/css/components/shell/mobile-base-stability.css :: .doke-card | assets/css/components/cards/publication-card.css :: .publication-card | assets/css/pages/detalhe-anuncio.css :: .publication-card | assets/css/pages/detalhe-anuncio-rail-parity.css :: .publication-card | assets/css/components/cards/marketplace-card-contract.css :: .publication-card
detalhe-anuncio.html,608x926,publication-card,.publication-card.publication-card--photo.doke-card,width,572,272,-300,assets/css/components/shell/doke-shell-contract.css :: .doke-card | assets/css/components/shell/mobile-base-stability.css :: .doke-card | assets/css/components/cards/publication-card.css :: .publication-card | assets/css/pages/detalhe-anuncio.css :: .publication-card | assets/css/pages/detalhe-anuncio-rail-parity.css :: .publication-card | assets/css/components/cards/marketplace-card-contract.css :: .publication-card
detalhe-anuncio.html,608x926,publication-card,.publication-card.publication-card--photo.doke-card,height,330,308,-22,assets/css/components/shell/doke-shell-contract.css :: .doke-card | assets/css/components/shell/mobile-base-stability.css :: .doke-card | assets/css/components/cards/publication-card.css :: .publication-card | assets/css/pages/detalhe-anuncio.css :: .publication-card | assets/css/pages/detalhe-anuncio-rail-parity.css :: .publication-card | assets/css/components/cards/marketplace-card-contract.css :: .publication-card
detalhe-anuncio.html,608x926,publication-card,.publication-card.publication-card--photo.doke-card,border-radius,16px,22px,,assets/css/components/shell/doke-shell-contract.css :: .doke-card | assets/css/components/shell/mobile-base-stability.css :: .doke-card | assets/css/components/cards/publication-card.css :: .publication-card | assets/css/pages/detalhe-anuncio.css :: .publication-card | assets/css/pages/detalhe-anuncio-rail-parity.css :: .publication-card | assets/css/components/cards/marketplace-card-contract.css :: .publication-card
detalhe-anuncio.html,608x926,publication-card,.publication-card.publication-card--photo.doke-card,box-shadow,"rgba(19, 48, 82, 0.08) 0px 10px 28px 0px","rgba(19, 48, 82, 0.07) 0px 10px 22px 0px",,assets/css/components/shell/doke-shell-contract.css :: .doke-card | assets/css/components/shell/mobile-base-stability.css :: .doke-card | assets/css/components/cards/publication-card.css :: .publication-card | assets/css/pages/detalhe-anuncio.css :: .publication-card | assets/css/pages/detalhe-anuncio-rail-parity.css :: .publication-card | assets/css/components/cards/marketplace-card-contract.css :: .publication-card
detalhe-anuncio.html,608x926,publication-card,.publication-card.publication-card--photo.doke-card,aspect-ratio,1.73,0.88,-0.85,assets/css/components/shell/doke-shell-contract.css :: .doke-card | assets/css/components/shell/mobile-base-stability.css :: .doke-card | assets/css/components/cards/publication-card.css :: .publication-card | assets/css/pages/detalhe-anuncio.css :: .publication-card | assets/css/pages/detalhe-anuncio-rail-parity.css :: .publication-card | assets/css/components/cards/marketplace-card-contract.css :: .publication-card
detalhe-anuncio.html,608x926,publication-card,.publication-card.publication-card--photo.doke-card,media.aspect-ratio,3.35,1.66,-1.69,assets/css/components/shell/doke-shell-contract.css :: .doke-card | assets/css/components/shell/mobile-base-stability.css :: .doke-card | assets/css/components/cards/publication-card.css :: .publication-card | assets/css/pages/detalhe-anuncio.css :: .publication-card | assets/css/pages/detalhe-anuncio-rail-parity.css :: .publication-card | assets/css/components/cards/marketplace-card-contract.css :: .publication-card
detalhe-anuncio.html,608x926,publication-card,.publication-card.publication-card--photo.doke-card,media.border-radius,10px,22px 22px 0px 0px,,assets/css/components/shell/doke-shell-contract.css :: .doke-card | assets/css/components/shell/mobile-base-stability.css :: .doke-card | assets/css/components/cards/publication-card.css :: .publication-card | assets/css/pages/detalhe-anuncio.css :: .publication-card | assets/css/pages/detalhe-anuncio-rail-parity.css :: .publication-card | assets/css/components/cards/marketplace-card-contract.css :: .publication-card
detalhe-anuncio.html,608x926,publication-card,.publication-card.publication-card--video.doke-card,x,612,310,-302,assets/css/components/shell/doke-shell-contract.css :: .doke-card | assets/css/components/shell/mobile-base-stability.css :: .doke-card | assets/css/components/cards/publication-card.css :: .publication-card | assets/css/pages/detalhe-anuncio.css :: .publication-card | assets/css/pages/detalhe-anuncio-rail-parity.css :: .publication-card | assets/css/components/cards/marketplace-card-contract.css :: .publication-card
detalhe-anuncio.html,608x926,publication-card,.publication-card.publication-card--video.doke-card,y,5645.72,3646.48,-1999.24,assets/css/components/shell/doke-shell-contract.css :: .doke-card | assets/css/components/shell/mobile-base-stability.css :: .doke-card | assets/css/components/cards/publication-card.css :: .publication-card | assets/css/pages/detalhe-anuncio.css :: .publication-card | assets/css/pages/detalhe-anuncio-rail-parity.css :: .publication-card | assets/css/components/cards/marketplace-card-contract.css :: .publication-card
detalhe-anuncio.html,608x926,publication-card,.publication-card.publication-card--video.doke-card,width,572,272,-300,assets/css/components/shell/doke-shell-contract.css :: .doke-card | assets/css/components/shell/mobile-base-stability.css :: .doke-card | assets/css/components/cards/publication-card.css :: .publication-card | assets/css/pages/detalhe-anuncio.css :: .publication-card | assets/css/pages/detalhe-anuncio-rail-parity.css :: .publication-card | assets/css/components/cards/marketplace-card-contract.css :: .publication-card
detalhe-anuncio.html,608x926,publication-card,.publication-card.publication-card--video.doke-card,height,330,308,-22,assets/css/components/shell/doke-shell-contract.css :: .doke-card | assets/css/components/shell/mobile-base-stability.css :: .doke-card | assets/css/components/cards/publication-card.css :: .publication-card | assets/css/pages/detalhe-anuncio.css :: .publication-card | assets/css/pages/detalhe-anuncio-rail-parity.css :: .publication-card | assets/css/components/cards/marketplace-card-contract.css :: .publication-card
detalhe-anuncio.html,608x926,publication-card,.publication-card.publication-card--video.doke-card,border-radius,16px,22px,,assets/css/components/shell/doke-shell-contract.css :: .doke-card | assets/css/components/shell/mobile-base-stability.css :: .doke-card | assets/css/components/cards/publication-card.css :: .publication-card | assets/css/pages/detalhe-anuncio.css :: .publication-card | assets/css/pages/detalhe-anuncio-rail-parity.css :: .publication-card | assets/css/components/cards/marketplace-card-contract.css :: .publication-card
detalhe-anuncio.html,608x926,publication-card,.publication-card.publication-card--video.doke-card,box-shadow,"rgba(19, 48, 82, 0.08) 0px 10px 28px 0px","rgba(19, 48, 82, 0.07) 0px 10px 22px 0px",,assets/css/components/shell/doke-shell-contract.css :: .doke-card | assets/css/components/shell/mobile-base-stability.css :: .doke-card | assets/css/components/cards/publication-card.css :: .publication-card | assets/css/pages/detalhe-anuncio.css :: .publication-card | assets/css/pages/detalhe-anuncio-rail-parity.css :: .publication-card | assets/css/components/cards/marketplace-card-contract.css :: .publication-card
detalhe-anuncio.html,608x926,publication-card,.publication-card.publication-card--video.doke-card,aspect-ratio,1.73,0.88,-0.85,assets/css/components/shell/doke-shell-contract.css :: .doke-card | assets/css/components/shell/mobile-base-stability.css :: .doke-card | assets/css/components/cards/publication-card.css :: .publication-card | assets/css/pages/detalhe-anuncio.css :: .publication-card | assets/css/pages/detalhe-anuncio-rail-parity.css :: .publication-card | assets/css/components/cards/marketplace-card-contract.css :: .publication-card
detalhe-anuncio.html,608x926,publication-card,.publication-card.publication-card--video.doke-card,media.aspect-ratio,3.35,1.66,-1.69,assets/css/components/shell/doke-shell-contract.css :: .doke-card | assets/css/components/shell/mobile-base-stability.css :: .doke-card | assets/css/components/cards/publication-card.css :: .publication-card | assets/css/pages/detalhe-anuncio.css :: .publication-card | assets/css/pages/detalhe-anuncio-rail-parity.css :: .publication-card | assets/css/components/cards/marketplace-card-contract.css :: .publication-card
detalhe-anuncio.html,608x926,publication-card,.publication-card.publication-card--video.doke-card,media.border-radius,10px,22px 22px 0px 0px,,assets/css/components/shell/doke-shell-contract.css :: .doke-card | assets/css/components/shell/mobile-base-stability.css :: .doke-card | assets/css/components/cards/publication-card.css :: .publication-card | assets/css/pages/detalhe-anuncio.css :: .publication-card | assets/css/pages/detalhe-anuncio-rail-parity.css :: .publication-card | assets/css/components/cards/marketplace-card-contract.css :: .publication-card
detalhe-anuncio.html,608x926,publication-card,.publication-card.publication-card--before-after.doke-card,x,1198,26,-1172,assets/css/components/shell/doke-shell-contract.css :: .doke-card | assets/css/components/shell/mobile-base-stability.css :: .doke-card | assets/css/components/cards/publication-card.css :: .publication-card | assets/css/pages/detalhe-anuncio.css :: .publication-card | assets/css/pages/detalhe-anuncio-rail-parity.css :: .publication-card | assets/css/components/cards/marketplace-card-contract.css :: .publication-card
detalhe-anuncio.html,608x926,publication-card,.publication-card.publication-card--before-after.doke-card,y,5645.72,3966.48,-1679.24,assets/css/components/shell/doke-shell-contract.css :: .doke-card | assets/css/components/shell/mobile-base-stability.css :: .doke-card | assets/css/components/cards/publication-card.css :: .publication-card | assets/css/pages/detalhe-anuncio.css :: .publication-card | assets/css/pages/detalhe-anuncio-rail-parity.css :: .publication-card | assets/css/components/cards/marketplace-card-contract.css :: .publication-card
detalhe-anuncio.html,608x926,publication-card,.publication-card.publication-card--before-after.doke-card,width,572,272,-300,assets/css/components/shell/doke-shell-contract.css :: .doke-card | assets/css/components/shell/mobile-base-stability.css :: .doke-card | assets/css/components/cards/publication-card.css :: .publication-card | assets/css/pages/detalhe-anuncio.css :: .publication-card | assets/css/pages/detalhe-anuncio-rail-parity.css :: .publication-card | assets/css/components/cards/marketplace-card-contract.css :: .publication-card
detalhe-anuncio.html,608x926,publication-card,.publication-card.publication-card--before-after.doke-card,height,330,308,-22,assets/css/components/shell/doke-shell-contract.css :: .doke-card | assets/css/components/shell/mobile-base-stability.css :: .doke-card | assets/css/components/cards/publication-card.css :: .publication-card | assets/css/pages/detalhe-anuncio.css :: .publication-card | assets/css/pages/detalhe-anuncio-rail-parity.css :: .publication-card | assets/css/components/cards/marketplace-card-contract.css :: .publication-card
detalhe-anuncio.html,608x926,publication-card,.publication-card.publication-card--before-after.doke-card,border-radius,16px,22px,,assets/css/components/shell/doke-shell-contract.css :: .doke-card | assets/css/components/shell/mobile-base-stability.css :: .doke-card | assets/css/components/cards/publication-card.css :: .publication-card | assets/css/pages/detalhe-anuncio.css :: .publication-card | assets/css/pages/detalhe-anuncio-rail-parity.css :: .publication-card | assets/css/components/cards/marketplace-card-contract.css :: .publication-card
detalhe-anuncio.html,608x926,publication-card,.publication-card.publication-card--before-after.doke-card,box-shadow,"rgba(19, 48, 82, 0.08) 0px 10px 28px 0px","rgba(19, 48, 82, 0.07) 0px 10px 22px 0px",,assets/css/components/shell/doke-shell-contract.css :: .doke-card | assets/css/components/shell/mobile-base-stability.css :: .doke-card | assets/css/components/cards/publication-card.css :: .publication-card | assets/css/pages/detalhe-anuncio.css :: .publication-card | assets/css/pages/detalhe-anuncio-rail-parity.css :: .publication-card | assets/css/components/cards/marketplace-card-contract.css :: .publication-card
detalhe-anuncio.html,608x926,publication-card,.publication-card.publication-card--before-after.doke-card,aspect-ratio,1.73,0.88,-0.85,assets/css/components/shell/doke-shell-contract.css :: .doke-card | assets/css/components/shell/mobile-base-stability.css :: .doke-card | assets/css/components/cards/publication-card.css :: .publication-card | assets/css/pages/detalhe-anuncio.css :: .publication-card | assets/css/pages/detalhe-anuncio-rail-parity.css :: .publication-card | assets/css/components/cards/marketplace-card-contract.css :: .publication-card
detalhe-anuncio.html,608x926,publication-card,.publication-card.publication-card--before-after.doke-card,media.aspect-ratio,3.35,1.66,-1.69,assets/css/components/shell/doke-shell-contract.css :: .doke-card | assets/css/components/shell/mobile-base-stability.css :: .doke-card | assets/css/components/cards/publication-card.css :: .publication-card | assets/css/pages/detalhe-anuncio.css :: .publication-card | assets/css/pages/detalhe-anuncio-rail-parity.css :: .publication-card | assets/css/components/cards/marketplace-card-contract.css :: .publication-card
detalhe-anuncio.html,608x926,publication-card,.publication-card.publication-card--before-after.doke-card,media.border-radius,10px,22px 22px 0px 0px,,assets/css/components/shell/doke-shell-contract.css :: .doke-card | assets/css/components/shell/mobile-base-stability.css :: .doke-card | assets/css/components/cards/publication-card.css :: .publication-card | assets/css/pages/detalhe-anuncio.css :: .publication-card | assets/css/pages/detalhe-anuncio-rail-parity.css :: .publication-card | assets/css/components/cards/marketplace-card-contract.css :: .publication-card
detalhe-anuncio.html,608x926,video-card / worker card,.video-card.video-card--one.doke-card.doke-worker-card.doke-media-card,x,26,18,-8,assets/css/components/shell/doke-shell-contract.css :: .doke-card | assets/css/components/shell/mobile-base-stability.css :: .doke-card | assets/css/components/cards/worker-card.css :: .video-card | assets/css/pages/detalhe-anuncio.css :: .video-card | assets/css/pages/detalhe-anuncio-rail-parity.css :: .video-card | assets/css/components/cards/marketplace-card-contract.css :: .video-card
detalhe-anuncio.html,608x926,video-card / worker card,.video-card.video-card--one.doke-card.doke-worker-card.doke-media-card,y,2469.95,2780.88,310.93,assets/css/components/shell/doke-shell-contract.css :: .doke-card | assets/css/components/shell/mobile-base-stability.css :: .doke-card | assets/css/components/cards/worker-card.css :: .video-card | assets/css/pages/detalhe-anuncio.css :: .video-card | assets/css/pages/detalhe-anuncio-rail-parity.css :: .video-card | assets/css/components/cards/marketplace-card-contract.css :: .video-card
detalhe-anuncio.html,608x926,video-card / worker card,.video-card.video-card--one.doke-card.doke-worker-card.doke-media-card,width,572,281,-291,assets/css/components/shell/doke-shell-contract.css :: .doke-card | assets/css/components/shell/mobile-base-stability.css :: .doke-card | assets/css/components/cards/worker-card.css :: .video-card | assets/css/pages/detalhe-anuncio.css :: .video-card | assets/css/pages/detalhe-anuncio-rail-parity.css :: .video-card | assets/css/components/cards/marketplace-card-contract.css :: .video-card
detalhe-anuncio.html,608x926,video-card / worker card,.video-card.video-card--one.doke-card.doke-worker-card.doke-media-card,height,775.55,381,-394.55,assets/css/components/shell/doke-shell-contract.css :: .doke-card | assets/css/components/shell/mobile-base-stability.css :: .doke-card | assets/css/components/cards/worker-card.css :: .video-card | assets/css/pages/detalhe-anuncio.css :: .video-card | assets/css/pages/detalhe-anuncio-rail-parity.css :: .video-card | assets/css/components/cards/marketplace-card-contract.css :: .video-card
detalhe-anuncio.html,608x926,video-card / worker card,.video-card.video-card--one.doke-card.doke-worker-card.doke-media-card,box-shadow,"rgba(19, 48, 82, 0.08) 0px 10px 28px 0px","rgba(15, 45, 75, 0.08) 0px 10px 22px 0px",,assets/css/components/shell/doke-shell-contract.css :: .doke-card | assets/css/components/shell/mobile-base-stability.css :: .doke-card | assets/css/components/cards/worker-card.css :: .video-card | assets/css/pages/detalhe-anuncio.css :: .video-card | assets/css/pages/detalhe-anuncio-rail-parity.css :: .video-card | assets/css/components/cards/marketplace-card-contract.css :: .video-card
detalhe-anuncio.html,608x926,video-card / worker card,.video-card.video-card--one.doke-card.doke-worker-card.doke-media-card,media.height,775.55,381,-394.55,assets/css/components/shell/doke-shell-contract.css :: .doke-card | assets/css/components/shell/mobile-base-stability.css :: .doke-card | assets/css/components/cards/worker-card.css :: .video-card | assets/css/pages/detalhe-anuncio.css :: .video-card | assets/css/pages/detalhe-anuncio-rail-parity.css :: .video-card | assets/css/components/cards/marketplace-card-contract.css :: .video-card
detalhe-anuncio.html,608x926,video-card / worker card,.video-card.video-card--two.doke-card.doke-worker-card.doke-media-card,x,26,309,283,assets/css/components/shell/doke-shell-contract.css :: .doke-card | assets/css/components/shell/mobile-base-stability.css :: .doke-card | assets/css/components/cards/worker-card.css :: .video-card | assets/css/pages/detalhe-anuncio.css :: .video-card | assets/css/pages/detalhe-anuncio-rail-parity.css :: .video-card | assets/css/components/cards/marketplace-card-contract.css :: .video-card
detalhe-anuncio.html,608x926,video-card / worker card,.video-card.video-card--two.doke-card.doke-worker-card.doke-media-card,y,3245.5,2780.88,-464.62,assets/css/components/shell/doke-shell-contract.css :: .doke-card | assets/css/components/shell/mobile-base-stability.css :: .doke-card | assets/css/components/cards/worker-card.css :: .video-card | assets/css/pages/detalhe-anuncio.css :: .video-card | assets/css/pages/detalhe-anuncio-rail-parity.css :: .video-card | assets/css/components/cards/marketplace-card-contract.css :: .video-card
detalhe-anuncio.html,608x926,video-card / worker card,.video-card.video-card--two.doke-card.doke-worker-card.doke-media-card,width,572,281,-291,assets/css/components/shell/doke-shell-contract.css :: .doke-card | assets/css/components/shell/mobile-base-stability.css :: .doke-card | assets/css/components/cards/worker-card.css :: .video-card | assets/css/pages/detalhe-anuncio.css :: .video-card | assets/css/pages/detalhe-anuncio-rail-parity.css :: .video-card | assets/css/components/cards/marketplace-card-contract.css :: .video-card
detalhe-anuncio.html,608x926,video-card / worker card,.video-card.video-card--two.doke-card.doke-worker-card.doke-media-card,height,775.55,381,-394.55,assets/css/components/shell/doke-shell-contract.css :: .doke-card | assets/css/components/shell/mobile-base-stability.css :: .doke-card | assets/css/components/cards/worker-card.css :: .video-card | assets/css/pages/detalhe-anuncio.css :: .video-card | assets/css/pages/detalhe-anuncio-rail-parity.css :: .video-card | assets/css/components/cards/marketplace-card-contract.css :: .video-card
detalhe-anuncio.html,608x926,video-card / worker card,.video-card.video-card--two.doke-card.doke-worker-card.doke-media-card,box-shadow,"rgba(19, 48, 82, 0.08) 0px 10px 28px 0px","rgba(15, 45, 75, 0.08) 0px 10px 22px 0px",,assets/css/components/shell/doke-shell-contract.css :: .doke-card | assets/css/components/shell/mobile-base-stability.css :: .doke-card | assets/css/components/cards/worker-card.css :: .video-card | assets/css/pages/detalhe-anuncio.css :: .video-card | assets/css/pages/detalhe-anuncio-rail-parity.css :: .video-card | assets/css/components/cards/marketplace-card-contract.css :: .video-card
detalhe-anuncio.html,608x926,video-card / worker card,.video-card.video-card--two.doke-card.doke-worker-card.doke-media-card,media.height,775.55,381,-394.55,assets/css/components/shell/doke-shell-contract.css :: .doke-card | assets/css/components/shell/mobile-base-stability.css :: .doke-card | assets/css/components/cards/worker-card.css :: .video-card | assets/css/pages/detalhe-anuncio.css :: .video-card | assets/css/pages/detalhe-anuncio-rail-parity.css :: .video-card | assets/css/components/cards/marketplace-card-contract.css :: .video-card
detalhe-anuncio.html,608x926,video-card / worker card,.video-card.video-card--three.doke-card.doke-worker-card.doke-media-card,x,26,18,-8,assets/css/components/shell/doke-shell-contract.css :: .doke-card | assets/css/components/shell/mobile-base-stability.css :: .doke-card | assets/css/components/cards/worker-card.css :: .video-card | assets/css/pages/detalhe-anuncio.css :: .video-card | assets/css/pages/detalhe-anuncio-rail-parity.css :: .video-card | assets/css/components/cards/marketplace-card-contract.css :: .video-card
detalhe-anuncio.html,608x926,video-card / worker card,.video-card.video-card--three.doke-card.doke-worker-card.doke-media-card,y,4021.05,3171.88,-849.17,assets/css/components/shell/doke-shell-contract.css :: .doke-card | assets/css/components/shell/mobile-base-stability.css :: .doke-card | assets/css/components/cards/worker-card.css :: .video-card | assets/css/pages/detalhe-anuncio.css :: .video-card | assets/css/pages/detalhe-anuncio-rail-parity.css :: .video-card | assets/css/components/cards/marketplace-card-contract.css :: .video-card
detalhe-anuncio.html,608x926,video-card / worker card,.video-card.video-card--three.doke-card.doke-worker-card.doke-media-card,width,572,281,-291,assets/css/components/shell/doke-shell-contract.css :: .doke-card | assets/css/components/shell/mobile-base-stability.css :: .doke-card | assets/css/components/cards/worker-card.css :: .video-card | assets/css/pages/detalhe-anuncio.css :: .video-card | assets/css/pages/detalhe-anuncio-rail-parity.css :: .video-card | assets/css/components/cards/marketplace-card-contract.css :: .video-card
detalhe-anuncio.html,608x926,video-card / worker card,.video-card.video-card--three.doke-card.doke-worker-card.doke-media-card,height,775.55,381,-394.55,assets/css/components/shell/doke-shell-contract.css :: .doke-card | assets/css/components/shell/mobile-base-stability.css :: .doke-card | assets/css/components/cards/worker-card.css :: .video-card | assets/css/pages/detalhe-anuncio.css :: .video-card | assets/css/pages/detalhe-anuncio-rail-parity.css :: .video-card | assets/css/components/cards/marketplace-card-contract.css :: .video-card
detalhe-anuncio.html,608x926,video-card / worker card,.video-card.video-card--three.doke-card.doke-worker-card.doke-media-card,box-shadow,"rgba(19, 48, 82, 0.08) 0px 10px 28px 0px","rgba(15, 45, 75, 0.08) 0px 10px 22px 0px",,assets/css/components/shell/doke-shell-contract.css :: .doke-card | assets/css/components/shell/mobile-base-stability.css :: .doke-card | assets/css/components/cards/worker-card.css :: .video-card | assets/css/pages/detalhe-anuncio.css :: .video-card | assets/css/pages/detalhe-anuncio-rail-parity.css :: .video-card | assets/css/components/cards/marketplace-card-contract.css :: .video-card
detalhe-anuncio.html,608x926,video-card / worker card,.video-card.video-card--three.doke-card.doke-worker-card.doke-media-card,media.height,775.55,381,-394.55,assets/css/components/shell/doke-shell-contract.css :: .doke-card | assets/css/components/shell/mobile-base-stability.css :: .doke-card | assets/css/components/cards/worker-card.css :: .video-card | assets/css/pages/detalhe-anuncio.css :: .video-card | assets/css/pages/detalhe-anuncio-rail-parity.css :: .video-card | assets/css/components/cards/marketplace-card-contract.css :: .video-card
detalhe-anuncio.html,608x926,video-card / worker card,.video-card.video-card--four.doke-card.doke-worker-card.doke-media-card,x,26,309,283,assets/css/components/shell/doke-shell-contract.css :: .doke-card | assets/css/components/shell/mobile-base-stability.css :: .doke-card | assets/css/components/cards/worker-card.css :: .video-card | assets/css/pages/detalhe-anuncio.css :: .video-card | assets/css/pages/detalhe-anuncio-rail-parity.css :: .video-card | assets/css/components/cards/marketplace-card-contract.css :: .video-card
detalhe-anuncio.html,608x926,video-card / worker card,.video-card.video-card--four.doke-card.doke-worker-card.doke-media-card,y,4796.59,3171.88,-1624.71,assets/css/components/shell/doke-shell-contract.css :: .doke-card | assets/css/components/shell/mobile-base-stability.css :: .doke-card | assets/css/components/cards/worker-card.css :: .video-card | assets/css/pages/detalhe-anuncio.css :: .video-card | assets/css/pages/detalhe-anuncio-rail-parity.css :: .video-card | assets/css/components/cards/marketplace-card-contract.css :: .video-card
detalhe-anuncio.html,608x926,video-card / worker card,.video-card.video-card--four.doke-card.doke-worker-card.doke-media-card,width,572,281,-291,assets/css/components/shell/doke-shell-contract.css :: .doke-card | assets/css/components/shell/mobile-base-stability.css :: .doke-card | assets/css/components/cards/worker-card.css :: .video-card | assets/css/pages/detalhe-anuncio.css :: .video-card | assets/css/pages/detalhe-anuncio-rail-parity.css :: .video-card | assets/css/components/cards/marketplace-card-contract.css :: .video-card
detalhe-anuncio.html,608x926,video-card / worker card,.video-card.video-card--four.doke-card.doke-worker-card.doke-media-card,height,775.55,381,-394.55,assets/css/components/shell/doke-shell-contract.css :: .doke-card | assets/css/components/shell/mobile-base-stability.css :: .doke-card | assets/css/components/cards/worker-card.css :: .video-card | assets/css/pages/detalhe-anuncio.css :: .video-card | assets/css/pages/detalhe-anuncio-rail-parity.css :: .video-card | assets/css/components/cards/marketplace-card-contract.css :: .video-card
detalhe-anuncio.html,608x926,video-card / worker card,.video-card.video-card--four.doke-card.doke-worker-card.doke-media-card,box-shadow,"rgba(19, 48, 82, 0.08) 0px 10px 28px 0px","rgba(15, 45, 75, 0.08) 0px 10px 22px 0px",,assets/css/components/shell/doke-shell-contract.css :: .doke-card | assets/css/components/shell/mobile-base-stability.css :: .doke-card | assets/css/components/cards/worker-card.css :: .video-card | assets/css/pages/detalhe-anuncio.css :: .video-card | assets/css/pages/detalhe-anuncio-rail-parity.css :: .video-card | assets/css/components/cards/marketplace-card-contract.css :: .video-card
detalhe-anuncio.html,608x926,video-card / worker card,.video-card.video-card--four.doke-card.doke-worker-card.doke-media-card,media.height,775.55,381,-394.55,assets/css/components/shell/doke-shell-contract.css :: .doke-card | assets/css/components/shell/mobile-base-stability.css :: .doke-card | assets/css/components/cards/worker-card.css :: .video-card | assets/css/pages/detalhe-anuncio.css :: .video-card | assets/css/pages/detalhe-anuncio-rail-parity.css :: .video-card | assets/css/components/cards/marketplace-card-contract.css :: .video-card
detalhe-anuncio.html,608x926,review cards,.detail-mobile-review-card,x,26,0,-26,assets/css/pages/detalhe-anuncio.css :: .detail-mobile-review-card
detalhe-anuncio.html,608x926,review cards,.detail-mobile-review-card,y,5645.72,0,-5645.72,assets/css/pages/detalhe-anuncio.css :: .detail-mobile-review-card
detalhe-anuncio.html,608x926,review cards,.detail-mobile-review-card,width,572,0,-572,assets/css/pages/detalhe-anuncio.css :: .detail-mobile-review-card
detalhe-anuncio.html,608x926,review cards,.detail-mobile-review-card,height,330,0,-330,assets/css/pages/detalhe-anuncio.css :: .detail-mobile-review-card
detalhe-anuncio.html,608x926,review cards,.detail-mobile-review-card,padding.top,0,14,14,assets/css/pages/detalhe-anuncio.css :: .detail-mobile-review-card
detalhe-anuncio.html,608x926,review cards,.detail-mobile-review-card,padding.right,0,16,16,assets/css/pages/detalhe-anuncio.css :: .detail-mobile-review-card
detalhe-anuncio.html,608x926,review cards,.detail-mobile-review-card,padding.bottom,0,14,14,assets/css/pages/detalhe-anuncio.css :: .detail-mobile-review-card
detalhe-anuncio.html,608x926,review cards,.detail-mobile-review-card,padding.left,0,16,16,assets/css/pages/detalhe-anuncio.css :: .detail-mobile-review-card
detalhe-anuncio.html,608x926,review cards,.detail-mobile-review-card,border-radius,16px,18px,,assets/css/pages/detalhe-anuncio.css :: .detail-mobile-review-card
detalhe-anuncio.html,608x926,review cards,.detail-mobile-review-card,box-shadow,"rgba(19, 48, 82, 0.08) 0px 10px 28px 0px","rgba(15, 45, 75, 0.04) 0px 8px 20px 0px",,assets/css/pages/detalhe-anuncio.css :: .detail-mobile-review-card
detalhe-anuncio.html,608x926,review cards,.detail-mobile-review-card,aspect-ratio,1.73,,,assets/css/pages/detalhe-anuncio.css :: .detail-mobile-review-card
detalhe-anuncio.html,608x926,review cards,.detail-mobile-review-card,gap,normal,8px,,assets/css/pages/detalhe-anuncio.css :: .detail-mobile-review-card
detalhe-anuncio.html,608x926,review cards,.detail-mobile-review-card,row-gap,normal,8px,,assets/css/pages/detalhe-anuncio.css :: .detail-mobile-review-card
detalhe-anuncio.html,608x926,review cards,.detail-mobile-review-card,column-gap,normal,8px,,assets/css/pages/detalhe-anuncio.css :: .detail-mobile-review-card
detalhe-anuncio.html,608x926,review cards,.detail-mobile-review-card,measured-child-gap-y,0,,,assets/css/pages/detalhe-anuncio.css :: .detail-mobile-review-card
detalhe-anuncio.html,608x926,review cards,.detail-mobile-review-card,media.height,164,,,assets/css/pages/detalhe-anuncio.css :: .detail-mobile-review-card
detalhe-anuncio.html,608x926,review cards,.detail-mobile-review-card,media.aspect-ratio,3.35,,,assets/css/pages/detalhe-anuncio.css :: .detail-mobile-review-card
detalhe-anuncio.html,608x926,review cards,.detail-mobile-review-card,media.border-radius,10px,,,assets/css/pages/detalhe-anuncio.css :: .detail-mobile-review-card
detalhe-anuncio.html,608x926,review cards,.detail-mobile-review-card__top,x,612,0,-612,assets/css/pages/detalhe-anuncio.css :: .detail-mobile-review-card__top
detalhe-anuncio.html,608x926,review cards,.detail-mobile-review-card__top,y,5645.72,0,-5645.72,assets/css/pages/detalhe-anuncio.css :: .detail-mobile-review-card__top
detalhe-anuncio.html,608x926,review cards,.detail-mobile-review-card__top,width,572,0,-572,assets/css/pages/detalhe-anuncio.css :: .detail-mobile-review-card__top
detalhe-anuncio.html,608x926,review cards,.detail-mobile-review-card__top,height,330,0,-330,assets/css/pages/detalhe-anuncio.css :: .detail-mobile-review-card__top
detalhe-anuncio.html,608x926,review cards,.detail-mobile-review-card__top,border-radius,16px,0px,,assets/css/pages/detalhe-anuncio.css :: .detail-mobile-review-card__top
detalhe-anuncio.html,608x926,review cards,.detail-mobile-review-card__top,box-shadow,"rgba(19, 48, 82, 0.08) 0px 10px 28px 0px",none,,assets/css/pages/detalhe-anuncio.css :: .detail-mobile-review-card__top
detalhe-anuncio.html,608x926,review cards,.detail-mobile-review-card__top,aspect-ratio,1.73,,,assets/css/pages/detalhe-anuncio.css :: .detail-mobile-review-card__top
detalhe-anuncio.html,608x926,review cards,.detail-mobile-review-card__top,gap,normal,10px,,assets/css/pages/detalhe-anuncio.css :: .detail-mobile-review-card__top
detalhe-anuncio.html,608x926,review cards,.detail-mobile-review-card__top,row-gap,normal,10px,,assets/css/pages/detalhe-anuncio.css :: .detail-mobile-review-card__top
detalhe-anuncio.html,608x926,review cards,.detail-mobile-review-card__top,column-gap,normal,10px,,assets/css/pages/detalhe-anuncio.css :: .detail-mobile-review-card__top
detalhe-anuncio.html,608x926,review cards,.detail-mobile-review-card__top,measured-child-gap-y,0,,,assets/css/pages/detalhe-anuncio.css :: .detail-mobile-review-card__top
detalhe-anuncio.html,608x926,review cards,.detail-mobile-review-card__top,media.height,164,,,assets/css/pages/detalhe-anuncio.css :: .detail-mobile-review-card__top
detalhe-anuncio.html,608x926,review cards,.detail-mobile-review-card__top,media.aspect-ratio,3.35,,,assets/css/pages/detalhe-anuncio.css :: .detail-mobile-review-card__top
detalhe-anuncio.html,608x926,review cards,.detail-mobile-review-card__top,media.border-radius,10px,,,assets/css/pages/detalhe-anuncio.css :: .detail-mobile-review-card__top
detalhe-anuncio.html,608x926,review cards,.detail-mobile-review-card__avatar,x,1198,0,-1198,assets/css/pages/detalhe-anuncio.css :: .detail-mobile-review-card__avatar
detalhe-anuncio.html,608x926,review cards,.detail-mobile-review-card__avatar,y,5645.72,0,-5645.72,assets/css/pages/detalhe-anuncio.css :: .detail-mobile-review-card__avatar
detalhe-anuncio.html,608x926,review cards,.detail-mobile-review-card__avatar,width,572,0,-572,assets/css/pages/detalhe-anuncio.css :: .detail-mobile-review-card__avatar
detalhe-anuncio.html,608x926,review cards,.detail-mobile-review-card__avatar,height,330,0,-330,assets/css/pages/detalhe-anuncio.css :: .detail-mobile-review-card__avatar
detalhe-anuncio.html,608x926,review cards,.detail-mobile-review-card__avatar,border-radius,16px,999px,,assets/css/pages/detalhe-anuncio.css :: .detail-mobile-review-card__avatar
detalhe-anuncio.html,608x926,review cards,.detail-mobile-review-card__avatar,box-shadow,"rgba(19, 48, 82, 0.08) 0px 10px 28px 0px",none,,assets/css/pages/detalhe-anuncio.css :: .detail-mobile-review-card__avatar
detalhe-anuncio.html,608x926,review cards,.detail-mobile-review-card__avatar,font-size,16,11.52,-4.48,assets/css/pages/detalhe-anuncio.css :: .detail-mobile-review-card__avatar
detalhe-anuncio.html,608x926,review cards,.detail-mobile-review-card__avatar,aspect-ratio,1.73,,,assets/css/pages/detalhe-anuncio.css :: .detail-mobile-review-card__avatar
detalhe-anuncio.html,608x926,review cards,.detail-mobile-review-card__avatar,measured-child-gap-y,0,,,assets/css/pages/detalhe-anuncio.css :: .detail-mobile-review-card__avatar
detalhe-anuncio.html,608x926,review cards,.detail-mobile-review-card__avatar,media.height,164,,,assets/css/pages/detalhe-anuncio.css :: .detail-mobile-review-card__avatar
detalhe-anuncio.html,608x926,review cards,.detail-mobile-review-card__avatar,media.aspect-ratio,3.35,,,assets/css/pages/detalhe-anuncio.css :: .detail-mobile-review-card__avatar
detalhe-anuncio.html,608x926,review cards,.detail-mobile-review-card__avatar,media.border-radius,10px,,,assets/css/pages/detalhe-anuncio.css :: .detail-mobile-review-card__avatar
detalhe-anuncio.html,810x1080,headers,.app-header.app-header--detail.home-side-meta,x,8,0,-8,assets/css/components/shell/desktop-topbar.css :: .home-side-meta | assets/css/components/shell/doke-shell-contract.css :: .app-header | assets/css/components/shell/app-header.css :: .app-header | assets/css/components/shell/mobile-app-shell.css :: .home-side-meta | assets/css/components/shell/mobile-base-stability.css :: .home-side-meta | assets/css/pages/detalhe-anuncio.css :: .app-header | assets/css/pages/detalhe-anuncio-rail-parity.css :: .app-header
detalhe-anuncio.html,810x1080,headers,.app-header.app-header--detail.home-side-meta,y,8,0,-8,assets/css/components/shell/desktop-topbar.css :: .home-side-meta | assets/css/components/shell/doke-shell-contract.css :: .app-header | assets/css/components/shell/app-header.css :: .app-header | assets/css/components/shell/mobile-app-shell.css :: .home-side-meta | assets/css/components/shell/mobile-base-stability.css :: .home-side-meta | assets/css/pages/detalhe-anuncio.css :: .app-header | assets/css/pages/detalhe-anuncio-rail-parity.css :: .app-header
detalhe-anuncio.html,810x1080,headers,.app-header.app-header--detail.home-side-meta,padding.right,0,24,24,assets/css/components/shell/desktop-topbar.css :: .home-side-meta | assets/css/components/shell/doke-shell-contract.css :: .app-header | assets/css/components/shell/app-header.css :: .app-header | assets/css/components/shell/mobile-app-shell.css :: .home-side-meta | assets/css/components/shell/mobile-base-stability.css :: .home-side-meta | assets/css/pages/detalhe-anuncio.css :: .app-header | assets/css/pages/detalhe-anuncio-rail-parity.css :: .app-header
detalhe-anuncio.html,810x1080,headers,.app-header.app-header--detail.home-side-meta,padding.bottom,16,28,12,assets/css/components/shell/desktop-topbar.css :: .home-side-meta | assets/css/components/shell/doke-shell-contract.css :: .app-header | assets/css/components/shell/app-header.css :: .app-header | assets/css/components/shell/mobile-app-shell.css :: .home-side-meta | assets/css/components/shell/mobile-base-stability.css :: .home-side-meta | assets/css/pages/detalhe-anuncio.css :: .app-header | assets/css/pages/detalhe-anuncio-rail-parity.css :: .app-header
detalhe-anuncio.html,810x1080,headers,.app-header.app-header--detail.home-side-meta,padding.left,0,24,24,assets/css/components/shell/desktop-topbar.css :: .home-side-meta | assets/css/components/shell/doke-shell-contract.css :: .app-header | assets/css/components/shell/app-header.css :: .app-header | assets/css/components/shell/mobile-app-shell.css :: .home-side-meta | assets/css/components/shell/mobile-base-stability.css :: .home-side-meta | assets/css/pages/detalhe-anuncio.css :: .app-header | assets/css/pages/detalhe-anuncio-rail-parity.css :: .app-header
detalhe-anuncio.html,810x1080,header inner,.app-header__inner,x,32.3,24,-8.3,assets/css/components/shell/doke-shell-contract.css :: .app-header__inner | assets/css/components/shell/app-header.css :: .app-header__inner | assets/css/pages/detalhe-anuncio.css :: .app-header__inner | assets/css/pages/detalhe-anuncio-rail-parity.css :: .app-header__inner
detalhe-anuncio.html,810x1080,header inner,.app-header__inner,y,30,20,-10,assets/css/components/shell/doke-shell-contract.css :: .app-header__inner | assets/css/components/shell/app-header.css :: .app-header__inner | assets/css/pages/detalhe-anuncio.css :: .app-header__inner | assets/css/pages/detalhe-anuncio-rail-parity.css :: .app-header__inner
detalhe-anuncio.html,810x1080,header inner,.app-header__inner,measured-child-gap-x,,14,,assets/css/components/shell/doke-shell-contract.css :: .app-header__inner | assets/css/components/shell/app-header.css :: .app-header__inner | assets/css/pages/detalhe-anuncio.css :: .app-header__inner | assets/css/pages/detalhe-anuncio-rail-parity.css :: .app-header__inner
detalhe-anuncio.html,810x1080,containers/rails,.doke-reviews-bar__track,x,32.3,141,108.7,assets/css/patterns/reviews-section.css :: .doke-reviews-bar__track | assets/css/pages/detalhe-anuncio-rail-parity.css :: .doke-reviews-bar__track
detalhe-anuncio.html,810x1080,containers/rails,.doke-reviews-bar__track,y,343.77,2059.31,1715.54,assets/css/patterns/reviews-section.css :: .doke-reviews-bar__track | assets/css/pages/detalhe-anuncio-rail-parity.css :: .doke-reviews-bar__track
detalhe-anuncio.html,810x1080,containers/rails,.doke-reviews-bar__track,width,761.39,300,-461.39,assets/css/patterns/reviews-section.css :: .doke-reviews-bar__track | assets/css/pages/detalhe-anuncio-rail-parity.css :: .doke-reviews-bar__track
detalhe-anuncio.html,810x1080,containers/rails,.doke-reviews-bar__track,height,171,9,-162,assets/css/patterns/reviews-section.css :: .doke-reviews-bar__track | assets/css/pages/detalhe-anuncio-rail-parity.css :: .doke-reviews-bar__track
detalhe-anuncio.html,810x1080,containers/rails,.doke-reviews-bar__track,padding.right,42,0,-42,assets/css/patterns/reviews-section.css :: .doke-reviews-bar__track | assets/css/pages/detalhe-anuncio-rail-parity.css :: .doke-reviews-bar__track
detalhe-anuncio.html,810x1080,containers/rails,.doke-reviews-bar__track,padding.left,42,0,-42,assets/css/patterns/reviews-section.css :: .doke-reviews-bar__track | assets/css/pages/detalhe-anuncio-rail-parity.css :: .doke-reviews-bar__track
detalhe-anuncio.html,810x1080,containers/rails,.doke-reviews-bar__track,border-radius,0px,999px,,assets/css/patterns/reviews-section.css :: .doke-reviews-bar__track | assets/css/pages/detalhe-anuncio-rail-parity.css :: .doke-reviews-bar__track
detalhe-anuncio.html,810x1080,containers/rails,.doke-reviews-bar__track,font-size,16,13.44,-2.56,assets/css/patterns/reviews-section.css :: .doke-reviews-bar__track | assets/css/pages/detalhe-anuncio-rail-parity.css :: .doke-reviews-bar__track
detalhe-anuncio.html,810x1080,containers/rails,.doke-reviews-bar__track,aspect-ratio,4.45,33.33,28.88,assets/css/patterns/reviews-section.css :: .doke-reviews-bar__track | assets/css/pages/detalhe-anuncio-rail-parity.css :: .doke-reviews-bar__track
detalhe-anuncio.html,810x1080,containers/rails,.doke-reviews-bar__track,gap,0px,normal,,assets/css/patterns/reviews-section.css :: .doke-reviews-bar__track | assets/css/pages/detalhe-anuncio-rail-parity.css :: .doke-reviews-bar__track
detalhe-anuncio.html,810x1080,containers/rails,.doke-reviews-bar__track,row-gap,0px,normal,,assets/css/patterns/reviews-section.css :: .doke-reviews-bar__track | assets/css/pages/detalhe-anuncio-rail-parity.css :: .doke-reviews-bar__track
detalhe-anuncio.html,810x1080,containers/rails,.doke-reviews-bar__track,column-gap,0px,normal,,assets/css/patterns/reviews-section.css :: .doke-reviews-bar__track | assets/css/pages/detalhe-anuncio-rail-parity.css :: .doke-reviews-bar__track
detalhe-anuncio.html,810x1080,containers/rails,.doke-reviews-bar__track,x,74.3,141,66.7,assets/css/patterns/reviews-section.css :: .doke-reviews-bar__track | assets/css/pages/detalhe-anuncio-rail-parity.css :: .doke-reviews-bar__track
detalhe-anuncio.html,810x1080,containers/rails,.doke-reviews-bar__track,y,398.77,2087.31,1688.54,assets/css/patterns/reviews-section.css :: .doke-reviews-bar__track | assets/css/pages/detalhe-anuncio-rail-parity.css :: .doke-reviews-bar__track
detalhe-anuncio.html,810x1080,containers/rails,.doke-reviews-bar__track,width,631.39,300,-331.39,assets/css/patterns/reviews-section.css :: .doke-reviews-bar__track | assets/css/pages/detalhe-anuncio-rail-parity.css :: .doke-reviews-bar__track
detalhe-anuncio.html,810x1080,containers/rails,.doke-reviews-bar__track,height,116,9,-107,assets/css/patterns/reviews-section.css :: .doke-reviews-bar__track | assets/css/pages/detalhe-anuncio-rail-parity.css :: .doke-reviews-bar__track
detalhe-anuncio.html,810x1080,containers/rails,.doke-reviews-bar__track,border-radius,0px,999px,,assets/css/patterns/reviews-section.css :: .doke-reviews-bar__track | assets/css/pages/detalhe-anuncio-rail-parity.css :: .doke-reviews-bar__track
detalhe-anuncio.html,810x1080,containers/rails,.doke-reviews-bar__track,font-size,16,13.44,-2.56,assets/css/patterns/reviews-section.css :: .doke-reviews-bar__track | assets/css/pages/detalhe-anuncio-rail-parity.css :: .doke-reviews-bar__track
detalhe-anuncio.html,810x1080,containers/rails,.doke-reviews-bar__track,aspect-ratio,5.44,33.33,27.89,assets/css/patterns/reviews-section.css :: .doke-reviews-bar__track | assets/css/pages/detalhe-anuncio-rail-parity.css :: .doke-reviews-bar__track
detalhe-anuncio.html,810x1080,containers/rails,.doke-reviews-bar__track,gap,22px,normal,,assets/css/patterns/reviews-section.css :: .doke-reviews-bar__track | assets/css/pages/detalhe-anuncio-rail-parity.css :: .doke-reviews-bar__track
detalhe-anuncio.html,810x1080,containers/rails,.doke-reviews-bar__track,row-gap,22px,normal,,assets/css/patterns/reviews-section.css :: .doke-reviews-bar__track | assets/css/pages/detalhe-anuncio-rail-parity.css :: .doke-reviews-bar__track
detalhe-anuncio.html,810x1080,containers/rails,.doke-reviews-bar__track,column-gap,22px,normal,,assets/css/patterns/reviews-section.css :: .doke-reviews-bar__track | assets/css/pages/detalhe-anuncio-rail-parity.css :: .doke-reviews-bar__track
detalhe-anuncio.html,810x1080,containers/rails,.doke-reviews-bar__track,measured-child-gap-x,22,,,assets/css/patterns/reviews-section.css :: .doke-reviews-bar__track | assets/css/pages/detalhe-anuncio-rail-parity.css :: .doke-reviews-bar__track
detalhe-anuncio.html,810x1080,containers/rails,.content-rail.doke-scroll-rail.home-media-rail.home-media-rail--workers.detail-related-media-rail,x,32.3,24,-8.3,assets/css/components/shell/doke-shell-contract.css :: .content-rail | assets/css/pages/detalhe-anuncio.css :: .content-rail | assets/css/pages/detalhe-anuncio-rail-parity.css :: .content-rail | assets/css/components/cards/marketplace-card-contract.css :: .content-rail
detalhe-anuncio.html,810x1080,containers/rails,.content-rail.doke-scroll-rail.home-media-rail.home-media-rail--workers.detail-related-media-rail,y,627.58,2972.09,2344.51,assets/css/components/shell/doke-shell-contract.css :: .content-rail | assets/css/pages/detalhe-anuncio.css :: .content-rail | assets/css/pages/detalhe-anuncio-rail-parity.css :: .content-rail | assets/css/components/cards/marketplace-card-contract.css :: .content-rail
detalhe-anuncio.html,810x1080,containers/rails,.content-rail.doke-scroll-rail.home-media-rail.home-media-rail--workers.detail-related-media-rail,height,594.33,158,-436.33,assets/css/components/shell/doke-shell-contract.css :: .content-rail | assets/css/pages/detalhe-anuncio.css :: .content-rail | assets/css/pages/detalhe-anuncio-rail-parity.css :: .content-rail | assets/css/components/cards/marketplace-card-contract.css :: .content-rail
detalhe-anuncio.html,810x1080,containers/rails,.content-rail.doke-scroll-rail.home-media-rail.home-media-rail--workers.detail-related-media-rail,aspect-ratio,1.28,4.82,3.54,assets/css/components/shell/doke-shell-contract.css :: .content-rail | assets/css/pages/detalhe-anuncio.css :: .content-rail | assets/css/pages/detalhe-anuncio-rail-parity.css :: .content-rail | assets/css/components/cards/marketplace-card-contract.css :: .content-rail
detalhe-anuncio.html,810x1080,containers/rails,.content-rail.doke-scroll-rail.home-media-rail.home-media-rail--workers.detail-related-media-rail,media.height,148,158,10,assets/css/components/shell/doke-shell-contract.css :: .content-rail | assets/css/pages/detalhe-anuncio.css :: .content-rail | assets/css/pages/detalhe-anuncio-rail-parity.css :: .content-rail | assets/css/components/cards/marketplace-card-contract.css :: .content-rail
detalhe-anuncio.html,810x1080,containers/rails,.content-rail.doke-scroll-rail.home-media-rail.home-media-rail--workers.detail-related-media-rail,media.aspect-ratio,5.13,4.82,-0.31,assets/css/components/shell/doke-shell-contract.css :: .content-rail | assets/css/pages/detalhe-anuncio.css :: .content-rail | assets/css/pages/detalhe-anuncio-rail-parity.css :: .content-rail | assets/css/components/cards/marketplace-card-contract.css :: .content-rail
detalhe-anuncio.html,810x1080,containers/rails,.short-videos__track.detail-related-workers__track,x,32.3,24,-8.3,assets/css/pages/detalhe-anuncio.css :: .detail-related-workers__track | assets/css/pages/detalhe-anuncio-rail-parity.css :: .detail-related-workers__track | assets/css/components/cards/marketplace-card-contract.css :: .short-videos__track
detalhe-anuncio.html,810x1080,containers/rails,.short-videos__track.detail-related-workers__track,y,627.58,2972.09,2344.51,assets/css/pages/detalhe-anuncio.css :: .detail-related-workers__track | assets/css/pages/detalhe-anuncio-rail-parity.css :: .detail-related-workers__track | assets/css/components/cards/marketplace-card-contract.css :: .short-videos__track
detalhe-anuncio.html,810x1080,containers/rails,.short-videos__track.detail-related-workers__track,height,594.33,158,-436.33,assets/css/pages/detalhe-anuncio.css :: .detail-related-workers__track | assets/css/pages/detalhe-anuncio-rail-parity.css :: .detail-related-workers__track | assets/css/components/cards/marketplace-card-contract.css :: .short-videos__track
detalhe-anuncio.html,810x1080,containers/rails,.short-videos__track.detail-related-workers__track,padding.bottom,0,6,6,assets/css/pages/detalhe-anuncio.css :: .detail-related-workers__track | assets/css/pages/detalhe-anuncio-rail-parity.css :: .detail-related-workers__track | assets/css/components/cards/marketplace-card-contract.css :: .short-videos__track
detalhe-anuncio.html,810x1080,containers/rails,.short-videos__track.detail-related-workers__track,aspect-ratio,1.28,4.82,3.54,assets/css/pages/detalhe-anuncio.css :: .detail-related-workers__track | assets/css/pages/detalhe-anuncio-rail-parity.css :: .detail-related-workers__track | assets/css/components/cards/marketplace-card-contract.css :: .short-videos__track
detalhe-anuncio.html,810x1080,containers/rails,.short-videos__track.detail-related-workers__track,gap,14px,10px,-4,assets/css/pages/detalhe-anuncio.css :: .detail-related-workers__track | assets/css/pages/detalhe-anuncio-rail-parity.css :: .detail-related-workers__track | assets/css/components/cards/marketplace-card-contract.css :: .short-videos__track
detalhe-anuncio.html,810x1080,containers/rails,.short-videos__track.detail-related-workers__track,row-gap,14px,10px,-4,assets/css/pages/detalhe-anuncio.css :: .detail-related-workers__track | assets/css/pages/detalhe-anuncio-rail-parity.css :: .detail-related-workers__track | assets/css/components/cards/marketplace-card-contract.css :: .short-videos__track
detalhe-anuncio.html,810x1080,containers/rails,.short-videos__track.detail-related-workers__track,column-gap,14px,10px,-4,assets/css/pages/detalhe-anuncio.css :: .detail-related-workers__track | assets/css/pages/detalhe-anuncio-rail-parity.css :: .detail-related-workers__track | assets/css/components/cards/marketplace-card-contract.css :: .short-videos__track
detalhe-anuncio.html,810x1080,containers/rails,.short-videos__track.detail-related-workers__track,measured-child-gap-x,14,10,-4,assets/css/pages/detalhe-anuncio.css :: .detail-related-workers__track | assets/css/pages/detalhe-anuncio-rail-parity.css :: .detail-related-workers__track | assets/css/components/cards/marketplace-card-contract.css :: .short-videos__track
detalhe-anuncio.html,810x1080,containers/rails,.short-videos__track.detail-related-workers__track,media.height,148,152,4,assets/css/pages/detalhe-anuncio.css :: .detail-related-workers__track | assets/css/pages/detalhe-anuncio-rail-parity.css :: .detail-related-workers__track | assets/css/components/cards/marketplace-card-contract.css :: .short-videos__track
detalhe-anuncio.html,810x1080,containers/rails,.short-videos__track.detail-related-workers__track,media.aspect-ratio,5.13,0.78,-4.35,assets/css/pages/detalhe-anuncio.css :: .detail-related-workers__track | assets/css/pages/detalhe-anuncio-rail-parity.css :: .detail-related-workers__track | assets/css/components/cards/marketplace-card-contract.css :: .short-videos__track
detalhe-anuncio.html,810x1080,containers/rails,.short-videos__track.detail-related-workers__track,media.border-radius,0px,14px,,assets/css/pages/detalhe-anuncio.css :: .detail-related-workers__track | assets/css/pages/detalhe-anuncio-rail-parity.css :: .detail-related-workers__track | assets/css/components/cards/marketplace-card-contract.css :: .short-videos__track
detalhe-anuncio.html,810x1080,containers/rails,.content-rail.doke-scroll-rail.home-media-rail.home-media-rail--publications.detail-related-media-rail,x,32.3,24,-8.3,assets/css/components/shell/doke-shell-contract.css :: .content-rail | assets/css/pages/detalhe-anuncio.css :: .content-rail | assets/css/pages/detalhe-anuncio-rail-parity.css :: .content-rail | assets/css/components/cards/marketplace-card-contract.css :: .content-rail
detalhe-anuncio.html,810x1080,containers/rails,.content-rail.doke-scroll-rail.home-media-rail.home-media-rail--publications.detail-related-media-rail,y,1283.36,3204.97,1921.61,assets/css/components/shell/doke-shell-contract.css :: .content-rail | assets/css/pages/detalhe-anuncio.css :: .content-rail | assets/css/pages/detalhe-anuncio-rail-parity.css :: .content-rail | assets/css/components/cards/marketplace-card-contract.css :: .content-rail
detalhe-anuncio.html,810x1080,containers/rails,.content-rail.doke-scroll-rail.home-media-rail.home-media-rail--publications.detail-related-media-rail,height,267.97,277.95,9.98,assets/css/components/shell/doke-shell-contract.css :: .content-rail | assets/css/pages/detalhe-anuncio.css :: .content-rail | assets/css/pages/detalhe-anuncio-rail-parity.css :: .content-rail | assets/css/components/cards/marketplace-card-contract.css :: .content-rail
detalhe-anuncio.html,810x1080,containers/rails,.content-rail.doke-scroll-rail.home-media-rail.home-media-rail--publications.detail-related-media-rail,padding.right,68,0,-68,assets/css/components/shell/doke-shell-contract.css :: .content-rail | assets/css/pages/detalhe-anuncio.css :: .content-rail | assets/css/pages/detalhe-anuncio-rail-parity.css :: .content-rail | assets/css/components/cards/marketplace-card-contract.css :: .content-rail
detalhe-anuncio.html,810x1080,containers/rails,.content-rail.doke-scroll-rail.home-media-rail.home-media-rail--publications.detail-related-media-rail,padding.left,68,0,-68,assets/css/components/shell/doke-shell-contract.css :: .content-rail | assets/css/pages/detalhe-anuncio.css :: .content-rail | assets/css/pages/detalhe-anuncio-rail-parity.css :: .content-rail | assets/css/components/cards/marketplace-card-contract.css :: .content-rail
detalhe-anuncio.html,810x1080,containers/rails,.content-rail.doke-scroll-rail.home-media-rail.home-media-rail--publications.detail-related-media-rail,aspect-ratio,2.84,2.74,-0.1,assets/css/components/shell/doke-shell-contract.css :: .content-rail | assets/css/pages/detalhe-anuncio.css :: .content-rail | assets/css/pages/detalhe-anuncio-rail-parity.css :: .content-rail | assets/css/components/cards/marketplace-card-contract.css :: .content-rail
detalhe-anuncio.html,810x1080,containers/rails,.content-rail.doke-scroll-rail.home-media-rail.home-media-rail--publications.detail-related-media-rail,media.height,267.97,277.95,9.98,assets/css/components/shell/doke-shell-contract.css :: .content-rail | assets/css/pages/detalhe-anuncio.css :: .content-rail | assets/css/pages/detalhe-anuncio-rail-parity.css :: .content-rail | assets/css/components/cards/marketplace-card-contract.css :: .content-rail
detalhe-anuncio.html,810x1080,containers/rails,.content-rail.doke-scroll-rail.home-media-rail.home-media-rail--publications.detail-related-media-rail,media.aspect-ratio,2.84,2.74,-0.1,assets/css/components/shell/doke-shell-contract.css :: .content-rail | assets/css/pages/detalhe-anuncio.css :: .content-rail | assets/css/pages/detalhe-anuncio-rail-parity.css :: .content-rail | assets/css/components/cards/marketplace-card-contract.css :: .content-rail
detalhe-anuncio.html,810x1080,containers/rails,.publication-grid.detail-related-publications__track,x,100.3,24,-76.3,assets/css/pages/detalhe-anuncio.css :: .detail-related-publications__track | assets/css/pages/detalhe-anuncio-rail-parity.css :: .detail-related-publications__track | assets/css/components/cards/marketplace-card-contract.css :: .publication-grid
detalhe-anuncio.html,810x1080,containers/rails,.publication-grid.detail-related-publications__track,y,1283.36,3204.97,1921.61,assets/css/pages/detalhe-anuncio.css :: .detail-related-publications__track | assets/css/pages/detalhe-anuncio-rail-parity.css :: .detail-related-publications__track | assets/css/components/cards/marketplace-card-contract.css :: .publication-grid
detalhe-anuncio.html,810x1080,containers/rails,.publication-grid.detail-related-publications__track,width,625.39,762,136.61,assets/css/pages/detalhe-anuncio.css :: .detail-related-publications__track | assets/css/pages/detalhe-anuncio-rail-parity.css :: .detail-related-publications__track | assets/css/components/cards/marketplace-card-contract.css :: .publication-grid
detalhe-anuncio.html,810x1080,containers/rails,.publication-grid.detail-related-publications__track,height,267.97,277.95,9.98,assets/css/pages/detalhe-anuncio.css :: .detail-related-publications__track | assets/css/pages/detalhe-anuncio-rail-parity.css :: .detail-related-publications__track | assets/css/components/cards/marketplace-card-contract.css :: .publication-grid
detalhe-anuncio.html,810x1080,containers/rails,.publication-grid.detail-related-publications__track,padding.top,4,0,-4,assets/css/pages/detalhe-anuncio.css :: .detail-related-publications__track | assets/css/pages/detalhe-anuncio-rail-parity.css :: .detail-related-publications__track | assets/css/components/cards/marketplace-card-contract.css :: .publication-grid
detalhe-anuncio.html,810x1080,containers/rails,.publication-grid.detail-related-publications__track,padding.bottom,10,6,-4,assets/css/pages/detalhe-anuncio.css :: .detail-related-publications__track | assets/css/pages/detalhe-anuncio-rail-parity.css :: .detail-related-publications__track | assets/css/components/cards/marketplace-card-contract.css :: .publication-grid
detalhe-anuncio.html,810x1080,containers/rails,.publication-grid.detail-related-publications__track,aspect-ratio,2.33,2.74,0.41,assets/css/pages/detalhe-anuncio.css :: .detail-related-publications__track | assets/css/pages/detalhe-anuncio-rail-parity.css :: .detail-related-publications__track | assets/css/components/cards/marketplace-card-contract.css :: .publication-grid
detalhe-anuncio.html,810x1080,containers/rails,.publication-grid.detail-related-publications__track,gap,18px,10px,-8,assets/css/pages/detalhe-anuncio.css :: .detail-related-publications__track | assets/css/pages/detalhe-anuncio-rail-parity.css :: .detail-related-publications__track | assets/css/components/cards/marketplace-card-contract.css :: .publication-grid
detalhe-anuncio.html,810x1080,containers/rails,.publication-grid.detail-related-publications__track,row-gap,18px,10px,-8,assets/css/pages/detalhe-anuncio.css :: .detail-related-publications__track | assets/css/pages/detalhe-anuncio-rail-parity.css :: .detail-related-publications__track | assets/css/components/cards/marketplace-card-contract.css :: .publication-grid
detalhe-anuncio.html,810x1080,containers/rails,.publication-grid.detail-related-publications__track,column-gap,18px,10px,-8,assets/css/pages/detalhe-anuncio.css :: .detail-related-publications__track | assets/css/pages/detalhe-anuncio-rail-parity.css :: .detail-related-publications__track | assets/css/components/cards/marketplace-card-contract.css :: .publication-grid
detalhe-anuncio.html,810x1080,containers/rails,.publication-grid.detail-related-publications__track,measured-child-gap-x,18,10,-8,assets/css/pages/detalhe-anuncio.css :: .detail-related-publications__track | assets/css/pages/detalhe-anuncio-rail-parity.css :: .detail-related-publications__track | assets/css/components/cards/marketplace-card-contract.css :: .publication-grid
detalhe-anuncio.html,810x1080,containers/rails,.publication-grid.detail-related-publications__track,media.height,253.97,164,-89.97,assets/css/pages/detalhe-anuncio.css :: .detail-related-publications__track | assets/css/pages/detalhe-anuncio-rail-parity.css :: .detail-related-publications__track | assets/css/components/cards/marketplace-card-contract.css :: .publication-grid
detalhe-anuncio.html,810x1080,containers/rails,.publication-grid.detail-related-publications__track,media.aspect-ratio,0.56,1.07,0.51,assets/css/pages/detalhe-anuncio.css :: .detail-related-publications__track | assets/css/pages/detalhe-anuncio-rail-parity.css :: .detail-related-publications__track | assets/css/components/cards/marketplace-card-contract.css :: .publication-grid
detalhe-anuncio.html,810x1080,containers/rails,.publication-grid.detail-related-publications__track,media.border-radius,24px,22px 22px 0px 0px,,assets/css/pages/detalhe-anuncio.css :: .detail-related-publications__track | assets/css/pages/detalhe-anuncio-rail-parity.css :: .detail-related-publications__track | assets/css/components/cards/marketplace-card-contract.css :: .publication-grid
detalhe-anuncio.html,810x1080,doke-ad-card,.doke-ad-card.doke-ad-card--similar,x,32.3,24,-8.3,assets/css/components/shell/doke-shell-contract.css :: .doke-ad-card | assets/css/pages/detalhe-anuncio.css :: .doke-ad-card | assets/css/pages/detalhe-anuncio-rail-parity.css :: .doke-ad-card | assets/css/components/cards/marketplace-card-contract.css :: .doke-ad-card
detalhe-anuncio.html,810x1080,doke-ad-card,.doke-ad-card.doke-ad-card--similar,y,627.58,3590.39,2962.81,assets/css/components/shell/doke-shell-contract.css :: .doke-ad-card | assets/css/pages/detalhe-anuncio.css :: .doke-ad-card | assets/css/pages/detalhe-anuncio-rail-parity.css :: .doke-ad-card | assets/css/components/cards/marketplace-card-contract.css :: .doke-ad-card
detalhe-anuncio.html,810x1080,doke-ad-card,.doke-ad-card.doke-ad-card--similar,width,761.39,362,-399.39,assets/css/components/shell/doke-shell-contract.css :: .doke-ad-card | assets/css/pages/detalhe-anuncio.css :: .doke-ad-card | assets/css/pages/detalhe-anuncio-rail-parity.css :: .doke-ad-card | assets/css/components/cards/marketplace-card-contract.css :: .doke-ad-card
detalhe-anuncio.html,810x1080,doke-ad-card,.doke-ad-card.doke-ad-card--similar,height,554.88,457.39,-97.49,assets/css/components/shell/doke-shell-contract.css :: .doke-ad-card | assets/css/pages/detalhe-anuncio.css :: .doke-ad-card | assets/css/pages/detalhe-anuncio-rail-parity.css :: .doke-ad-card | assets/css/components/cards/marketplace-card-contract.css :: .doke-ad-card
detalhe-anuncio.html,810x1080,doke-ad-card,.doke-ad-card.doke-ad-card--similar,border-radius,24px,22px,,assets/css/components/shell/doke-shell-contract.css :: .doke-ad-card | assets/css/pages/detalhe-anuncio.css :: .doke-ad-card | assets/css/pages/detalhe-anuncio-rail-parity.css :: .doke-ad-card | assets/css/components/cards/marketplace-card-contract.css :: .doke-ad-card
detalhe-anuncio.html,810x1080,doke-ad-card,.doke-ad-card.doke-ad-card--similar,box-shadow,"rgba(19, 48, 82, 0.08) 0px 10px 28px 0px","rgba(15, 45, 75, 0.043) 0px 8px 24px 0px",,assets/css/components/shell/doke-shell-contract.css :: .doke-ad-card | assets/css/pages/detalhe-anuncio.css :: .doke-ad-card | assets/css/pages/detalhe-anuncio-rail-parity.css :: .doke-ad-card | assets/css/components/cards/marketplace-card-contract.css :: .doke-ad-card
detalhe-anuncio.html,810x1080,doke-ad-card,.doke-ad-card.doke-ad-card--similar,aspect-ratio,1.37,0.79,-0.58,assets/css/components/shell/doke-shell-contract.css :: .doke-ad-card | assets/css/pages/detalhe-anuncio.css :: .doke-ad-card | assets/css/pages/detalhe-anuncio-rail-parity.css :: .doke-ad-card | assets/css/components/cards/marketplace-card-contract.css :: .doke-ad-card
detalhe-anuncio.html,810x1080,doke-ad-card,.doke-ad-card.doke-ad-card--similar,media.height,148,184,36,assets/css/components/shell/doke-shell-contract.css :: .doke-ad-card | assets/css/pages/detalhe-anuncio.css :: .doke-ad-card | assets/css/pages/detalhe-anuncio-rail-parity.css :: .doke-ad-card | assets/css/components/cards/marketplace-card-contract.css :: .doke-ad-card
detalhe-anuncio.html,810x1080,doke-ad-card,.doke-ad-card.doke-ad-card--similar,media.aspect-ratio,5.13,1.96,-3.17,assets/css/components/shell/doke-shell-contract.css :: .doke-ad-card | assets/css/pages/detalhe-anuncio.css :: .doke-ad-card | assets/css/pages/detalhe-anuncio-rail-parity.css :: .doke-ad-card | assets/css/components/cards/marketplace-card-contract.css :: .doke-ad-card
detalhe-anuncio.html,810x1080,doke-ad-card,.doke-ad-card.doke-ad-card--similar,texto cortado,false,true,,assets/css/components/shell/doke-shell-contract.css :: .doke-ad-card | assets/css/pages/detalhe-anuncio.css :: .doke-ad-card | assets/css/pages/detalhe-anuncio-rail-parity.css :: .doke-ad-card | assets/css/components/cards/marketplace-card-contract.css :: .doke-ad-card
detalhe-anuncio.html,810x1080,doke-ad-card,.doke-ad-card.doke-ad-card--similar,x,807.69,404,-403.69,assets/css/components/shell/doke-shell-contract.css :: .doke-ad-card | assets/css/pages/detalhe-anuncio.css :: .doke-ad-card | assets/css/pages/detalhe-anuncio-rail-parity.css :: .doke-ad-card | assets/css/components/cards/marketplace-card-contract.css :: .doke-ad-card
detalhe-anuncio.html,810x1080,doke-ad-card,.doke-ad-card.doke-ad-card--similar,y,627.58,3590.39,2962.81,assets/css/components/shell/doke-shell-contract.css :: .doke-ad-card | assets/css/pages/detalhe-anuncio.css :: .doke-ad-card | assets/css/pages/detalhe-anuncio-rail-parity.css :: .doke-ad-card | assets/css/components/cards/marketplace-card-contract.css :: .doke-ad-card
detalhe-anuncio.html,810x1080,doke-ad-card,.doke-ad-card.doke-ad-card--similar,width,761.39,362,-399.39,assets/css/components/shell/doke-shell-contract.css :: .doke-ad-card | assets/css/pages/detalhe-anuncio.css :: .doke-ad-card | assets/css/pages/detalhe-anuncio-rail-parity.css :: .doke-ad-card | assets/css/components/cards/marketplace-card-contract.css :: .doke-ad-card
detalhe-anuncio.html,810x1080,doke-ad-card,.doke-ad-card.doke-ad-card--similar,height,560.89,457.39,-103.5,assets/css/components/shell/doke-shell-contract.css :: .doke-ad-card | assets/css/pages/detalhe-anuncio.css :: .doke-ad-card | assets/css/pages/detalhe-anuncio-rail-parity.css :: .doke-ad-card | assets/css/components/cards/marketplace-card-contract.css :: .doke-ad-card
detalhe-anuncio.html,810x1080,doke-ad-card,.doke-ad-card.doke-ad-card--similar,border-radius,24px,22px,,assets/css/components/shell/doke-shell-contract.css :: .doke-ad-card | assets/css/pages/detalhe-anuncio.css :: .doke-ad-card | assets/css/pages/detalhe-anuncio-rail-parity.css :: .doke-ad-card | assets/css/components/cards/marketplace-card-contract.css :: .doke-ad-card
detalhe-anuncio.html,810x1080,doke-ad-card,.doke-ad-card.doke-ad-card--similar,box-shadow,"rgba(19, 48, 82, 0.08) 0px 10px 28px 0px","rgba(15, 45, 75, 0.043) 0px 8px 24px 0px",,assets/css/components/shell/doke-shell-contract.css :: .doke-ad-card | assets/css/pages/detalhe-anuncio.css :: .doke-ad-card | assets/css/pages/detalhe-anuncio-rail-parity.css :: .doke-ad-card | assets/css/components/cards/marketplace-card-contract.css :: .doke-ad-card
detalhe-anuncio.html,810x1080,doke-ad-card,.doke-ad-card.doke-ad-card--similar,aspect-ratio,1.36,0.79,-0.57,assets/css/components/shell/doke-shell-contract.css :: .doke-ad-card | assets/css/pages/detalhe-anuncio.css :: .doke-ad-card | assets/css/pages/detalhe-anuncio-rail-parity.css :: .doke-ad-card | assets/css/components/cards/marketplace-card-contract.css :: .doke-ad-card
detalhe-anuncio.html,810x1080,doke-ad-card,.doke-ad-card.doke-ad-card--similar,media.height,148,184,36,assets/css/components/shell/doke-shell-contract.css :: .doke-ad-card | assets/css/pages/detalhe-anuncio.css :: .doke-ad-card | assets/css/pages/detalhe-anuncio-rail-parity.css :: .doke-ad-card | assets/css/components/cards/marketplace-card-contract.css :: .doke-ad-card
detalhe-anuncio.html,810x1080,doke-ad-card,.doke-ad-card.doke-ad-card--similar,media.aspect-ratio,5.13,1.96,-3.17,assets/css/components/shell/doke-shell-contract.css :: .doke-ad-card | assets/css/pages/detalhe-anuncio.css :: .doke-ad-card | assets/css/pages/detalhe-anuncio-rail-parity.css :: .doke-ad-card | assets/css/components/cards/marketplace-card-contract.css :: .doke-ad-card
detalhe-anuncio.html,810x1080,doke-ad-card,.doke-ad-card.doke-ad-card--similar,texto cortado,false,true,,assets/css/components/shell/doke-shell-contract.css :: .doke-ad-card | assets/css/pages/detalhe-anuncio.css :: .doke-ad-card | assets/css/pages/detalhe-anuncio-rail-parity.css :: .doke-ad-card | assets/css/components/cards/marketplace-card-contract.css :: .doke-ad-card
detalhe-anuncio.html,810x1080,doke-ad-card,.doke-ad-card.doke-ad-card--similar,x,1583.08,24,-1559.08,assets/css/components/shell/doke-shell-contract.css :: .doke-ad-card | assets/css/pages/detalhe-anuncio.css :: .doke-ad-card | assets/css/pages/detalhe-anuncio-rail-parity.css :: .doke-ad-card | assets/css/components/cards/marketplace-card-contract.css :: .doke-ad-card
detalhe-anuncio.html,810x1080,doke-ad-card,.doke-ad-card.doke-ad-card--similar,y,627.58,4065.78,3438.2,assets/css/components/shell/doke-shell-contract.css :: .doke-ad-card | assets/css/pages/detalhe-anuncio.css :: .doke-ad-card | assets/css/pages/detalhe-anuncio-rail-parity.css :: .doke-ad-card | assets/css/components/cards/marketplace-card-contract.css :: .doke-ad-card
detalhe-anuncio.html,810x1080,doke-ad-card,.doke-ad-card.doke-ad-card--similar,width,761.39,362,-399.39,assets/css/components/shell/doke-shell-contract.css :: .doke-ad-card | assets/css/pages/detalhe-anuncio.css :: .doke-ad-card | assets/css/pages/detalhe-anuncio-rail-parity.css :: .doke-ad-card | assets/css/components/cards/marketplace-card-contract.css :: .doke-ad-card
detalhe-anuncio.html,810x1080,doke-ad-card,.doke-ad-card.doke-ad-card--similar,height,594.33,457.39,-136.94,assets/css/components/shell/doke-shell-contract.css :: .doke-ad-card | assets/css/pages/detalhe-anuncio.css :: .doke-ad-card | assets/css/pages/detalhe-anuncio-rail-parity.css :: .doke-ad-card | assets/css/components/cards/marketplace-card-contract.css :: .doke-ad-card
detalhe-anuncio.html,810x1080,doke-ad-card,.doke-ad-card.doke-ad-card--similar,border-radius,24px,22px,,assets/css/components/shell/doke-shell-contract.css :: .doke-ad-card | assets/css/pages/detalhe-anuncio.css :: .doke-ad-card | assets/css/pages/detalhe-anuncio-rail-parity.css :: .doke-ad-card | assets/css/components/cards/marketplace-card-contract.css :: .doke-ad-card
detalhe-anuncio.html,810x1080,doke-ad-card,.doke-ad-card.doke-ad-card--similar,box-shadow,"rgba(19, 48, 82, 0.08) 0px 10px 28px 0px","rgba(15, 45, 75, 0.043) 0px 8px 24px 0px",,assets/css/components/shell/doke-shell-contract.css :: .doke-ad-card | assets/css/pages/detalhe-anuncio.css :: .doke-ad-card | assets/css/pages/detalhe-anuncio-rail-parity.css :: .doke-ad-card | assets/css/components/cards/marketplace-card-contract.css :: .doke-ad-card
detalhe-anuncio.html,810x1080,doke-ad-card,.doke-ad-card.doke-ad-card--similar,aspect-ratio,1.28,0.79,-0.49,assets/css/components/shell/doke-shell-contract.css :: .doke-ad-card | assets/css/pages/detalhe-anuncio.css :: .doke-ad-card | assets/css/pages/detalhe-anuncio-rail-parity.css :: .doke-ad-card | assets/css/components/cards/marketplace-card-contract.css :: .doke-ad-card
detalhe-anuncio.html,810x1080,doke-ad-card,.doke-ad-card.doke-ad-card--similar,media.height,148,184,36,assets/css/components/shell/doke-shell-contract.css :: .doke-ad-card | assets/css/pages/detalhe-anuncio.css :: .doke-ad-card | assets/css/pages/detalhe-anuncio-rail-parity.css :: .doke-ad-card | assets/css/components/cards/marketplace-card-contract.css :: .doke-ad-card
detalhe-anuncio.html,810x1080,doke-ad-card,.doke-ad-card.doke-ad-card--similar,media.aspect-ratio,5.13,1.96,-3.17,assets/css/components/shell/doke-shell-contract.css :: .doke-ad-card | assets/css/pages/detalhe-anuncio.css :: .doke-ad-card | assets/css/pages/detalhe-anuncio-rail-parity.css :: .doke-ad-card | assets/css/components/cards/marketplace-card-contract.css :: .doke-ad-card
detalhe-anuncio.html,810x1080,doke-ad-card,.doke-ad-card.doke-ad-card--similar,texto cortado,false,true,,assets/css/components/shell/doke-shell-contract.css :: .doke-ad-card | assets/css/pages/detalhe-anuncio.css :: .doke-ad-card | assets/css/pages/detalhe-anuncio-rail-parity.css :: .doke-ad-card | assets/css/components/cards/marketplace-card-contract.css :: .doke-ad-card
detalhe-anuncio.html,810x1080,doke-ad-card,.doke-ad-card.doke-ad-card--similar,x,32.3,404,371.7,assets/css/components/shell/doke-shell-contract.css :: .doke-ad-card | assets/css/pages/detalhe-anuncio.css :: .doke-ad-card | assets/css/pages/detalhe-anuncio-rail-parity.css :: .doke-ad-card | assets/css/components/cards/marketplace-card-contract.css :: .doke-ad-card
detalhe-anuncio.html,810x1080,doke-ad-card,.doke-ad-card.doke-ad-card--similar,y,2116.67,4065.78,1949.11,assets/css/components/shell/doke-shell-contract.css :: .doke-ad-card | assets/css/pages/detalhe-anuncio.css :: .doke-ad-card | assets/css/pages/detalhe-anuncio-rail-parity.css :: .doke-ad-card | assets/css/components/cards/marketplace-card-contract.css :: .doke-ad-card
detalhe-anuncio.html,810x1080,doke-ad-card,.doke-ad-card.doke-ad-card--similar,width,371.69,362,-9.69,assets/css/components/shell/doke-shell-contract.css :: .doke-ad-card | assets/css/pages/detalhe-anuncio.css :: .doke-ad-card | assets/css/pages/detalhe-anuncio-rail-parity.css :: .doke-ad-card | assets/css/components/cards/marketplace-card-contract.css :: .doke-ad-card
detalhe-anuncio.html,810x1080,doke-ad-card,.doke-ad-card.doke-ad-card--similar,height,561.39,457.39,-104,assets/css/components/shell/doke-shell-contract.css :: .doke-ad-card | assets/css/pages/detalhe-anuncio.css :: .doke-ad-card | assets/css/pages/detalhe-anuncio-rail-parity.css :: .doke-ad-card | assets/css/components/cards/marketplace-card-contract.css :: .doke-ad-card
detalhe-anuncio.html,810x1080,doke-ad-card,.doke-ad-card.doke-ad-card--similar,border-radius,24px,22px,,assets/css/components/shell/doke-shell-contract.css :: .doke-ad-card | assets/css/pages/detalhe-anuncio.css :: .doke-ad-card | assets/css/pages/detalhe-anuncio-rail-parity.css :: .doke-ad-card | assets/css/components/cards/marketplace-card-contract.css :: .doke-ad-card
detalhe-anuncio.html,810x1080,doke-ad-card,.doke-ad-card.doke-ad-card--similar,box-shadow,"rgba(19, 48, 82, 0.08) 0px 10px 28px 0px","rgba(15, 45, 75, 0.043) 0px 8px 24px 0px",,assets/css/components/shell/doke-shell-contract.css :: .doke-ad-card | assets/css/pages/detalhe-anuncio.css :: .doke-ad-card | assets/css/pages/detalhe-anuncio-rail-parity.css :: .doke-ad-card | assets/css/components/cards/marketplace-card-contract.css :: .doke-ad-card
detalhe-anuncio.html,810x1080,doke-ad-card,.doke-ad-card.doke-ad-card--similar,aspect-ratio,0.66,0.79,0.13,assets/css/components/shell/doke-shell-contract.css :: .doke-ad-card | assets/css/pages/detalhe-anuncio.css :: .doke-ad-card | assets/css/pages/detalhe-anuncio-rail-parity.css :: .doke-ad-card | assets/css/components/cards/marketplace-card-contract.css :: .doke-ad-card
detalhe-anuncio.html,810x1080,doke-ad-card,.doke-ad-card.doke-ad-card--similar,media.height,146,184,38,assets/css/components/shell/doke-shell-contract.css :: .doke-ad-card | assets/css/pages/detalhe-anuncio.css :: .doke-ad-card | assets/css/pages/detalhe-anuncio-rail-parity.css :: .doke-ad-card | assets/css/components/cards/marketplace-card-contract.css :: .doke-ad-card
detalhe-anuncio.html,810x1080,doke-ad-card,.doke-ad-card.doke-ad-card--similar,media.aspect-ratio,2.53,1.96,-0.57,assets/css/components/shell/doke-shell-contract.css :: .doke-ad-card | assets/css/pages/detalhe-anuncio.css :: .doke-ad-card | assets/css/pages/detalhe-anuncio-rail-parity.css :: .doke-ad-card | assets/css/components/cards/marketplace-card-contract.css :: .doke-ad-card
detalhe-anuncio.html,810x1080,doke-ad-card,.doke-ad-card.doke-ad-card--similar,texto cortado,false,true,,assets/css/components/shell/doke-shell-contract.css :: .doke-ad-card | assets/css/pages/detalhe-anuncio.css :: .doke-ad-card | assets/css/pages/detalhe-anuncio-rail-parity.css :: .doke-ad-card | assets/css/components/cards/marketplace-card-contract.css :: .doke-ad-card
detalhe-anuncio.html,810x1080,publication-card,.publication-card.publication-card--photo.doke-card,x,100.3,24,-76.3,assets/css/components/shell/doke-shell-contract.css :: .doke-card | assets/css/components/shell/mobile-base-stability.css :: .doke-card | assets/css/components/cards/publication-card.css :: .publication-card | assets/css/pages/detalhe-anuncio.css :: .publication-card | assets/css/pages/detalhe-anuncio-rail-parity.css :: .publication-card | assets/css/components/cards/marketplace-card-contract.css :: .publication-card
detalhe-anuncio.html,810x1080,publication-card,.publication-card.publication-card--photo.doke-card,y,1612.78,3204.97,1592.19,assets/css/components/shell/doke-shell-contract.css :: .doke-card | assets/css/components/shell/mobile-base-stability.css :: .doke-card | assets/css/components/cards/publication-card.css :: .publication-card | assets/css/pages/detalhe-anuncio.css :: .publication-card | assets/css/pages/detalhe-anuncio-rail-parity.css :: .publication-card | assets/css/components/cards/marketplace-card-contract.css :: .publication-card
detalhe-anuncio.html,810x1080,publication-card,.publication-card.publication-card--photo.doke-card,width,625.39,176,-449.39,assets/css/components/shell/doke-shell-contract.css :: .doke-card | assets/css/components/shell/mobile-base-stability.css :: .doke-card | assets/css/components/cards/publication-card.css :: .publication-card | assets/css/pages/detalhe-anuncio.css :: .publication-card | assets/css/pages/detalhe-anuncio-rail-parity.css :: .publication-card | assets/css/components/cards/marketplace-card-contract.css :: .publication-card
detalhe-anuncio.html,810x1080,publication-card,.publication-card.publication-card--photo.doke-card,height,345.08,271.95,-73.13,assets/css/components/shell/doke-shell-contract.css :: .doke-card | assets/css/components/shell/mobile-base-stability.css :: .doke-card | assets/css/components/cards/publication-card.css :: .publication-card | assets/css/pages/detalhe-anuncio.css :: .publication-card | assets/css/pages/detalhe-anuncio-rail-parity.css :: .publication-card | assets/css/components/cards/marketplace-card-contract.css :: .publication-card
detalhe-anuncio.html,810x1080,publication-card,.publication-card.publication-card--photo.doke-card,border-radius,24px,0px,,assets/css/components/shell/doke-shell-contract.css :: .doke-card | assets/css/components/shell/mobile-base-stability.css :: .doke-card | assets/css/components/cards/publication-card.css :: .publication-card | assets/css/pages/detalhe-anuncio.css :: .publication-card | assets/css/pages/detalhe-anuncio-rail-parity.css :: .publication-card | assets/css/components/cards/marketplace-card-contract.css :: .publication-card
detalhe-anuncio.html,810x1080,publication-card,.publication-card.publication-card--photo.doke-card,box-shadow,"rgba(19, 48, 82, 0.08) 0px 10px 28px 0px",none,,assets/css/components/shell/doke-shell-contract.css :: .doke-card | assets/css/components/shell/mobile-base-stability.css :: .doke-card | assets/css/components/cards/publication-card.css :: .publication-card | assets/css/pages/detalhe-anuncio.css :: .publication-card | assets/css/pages/detalhe-anuncio-rail-parity.css :: .publication-card | assets/css/components/cards/marketplace-card-contract.css :: .publication-card
detalhe-anuncio.html,810x1080,publication-card,.publication-card.publication-card--photo.doke-card,aspect-ratio,1.81,0.65,-1.16,assets/css/components/shell/doke-shell-contract.css :: .doke-card | assets/css/components/shell/mobile-base-stability.css :: .doke-card | assets/css/components/cards/publication-card.css :: .publication-card | assets/css/pages/detalhe-anuncio.css :: .publication-card | assets/css/pages/detalhe-anuncio-rail-parity.css :: .publication-card | assets/css/components/cards/marketplace-card-contract.css :: .publication-card
detalhe-anuncio.html,810x1080,publication-card,.publication-card.publication-card--photo.doke-card,media.height,178,164,-14,assets/css/components/shell/doke-shell-contract.css :: .doke-card | assets/css/components/shell/mobile-base-stability.css :: .doke-card | assets/css/components/cards/publication-card.css :: .publication-card | assets/css/pages/detalhe-anuncio.css :: .publication-card | assets/css/pages/detalhe-anuncio-rail-parity.css :: .publication-card | assets/css/components/cards/marketplace-card-contract.css :: .publication-card
detalhe-anuncio.html,810x1080,publication-card,.publication-card.publication-card--photo.doke-card,media.aspect-ratio,3.39,1.07,-2.32,assets/css/components/shell/doke-shell-contract.css :: .doke-card | assets/css/components/shell/mobile-base-stability.css :: .doke-card | assets/css/components/cards/publication-card.css :: .publication-card | assets/css/pages/detalhe-anuncio.css :: .publication-card | assets/css/pages/detalhe-anuncio-rail-parity.css :: .publication-card | assets/css/components/cards/marketplace-card-contract.css :: .publication-card
detalhe-anuncio.html,810x1080,publication-card,.publication-card.publication-card--photo.doke-card,media.border-radius,18px,22px 22px 0px 0px,,assets/css/components/shell/doke-shell-contract.css :: .doke-card | assets/css/components/shell/mobile-base-stability.css :: .doke-card | assets/css/components/cards/publication-card.css :: .publication-card | assets/css/pages/detalhe-anuncio.css :: .publication-card | assets/css/pages/detalhe-anuncio-rail-parity.css :: .publication-card | assets/css/components/cards/marketplace-card-contract.css :: .publication-card
detalhe-anuncio.html,810x1080,publication-card,.publication-card.publication-card--video.doke-card,x,739.69,210,-529.69,assets/css/components/shell/doke-shell-contract.css :: .doke-card | assets/css/components/shell/mobile-base-stability.css :: .doke-card | assets/css/components/cards/publication-card.css :: .publication-card | assets/css/pages/detalhe-anuncio.css :: .publication-card | assets/css/pages/detalhe-anuncio-rail-parity.css :: .publication-card | assets/css/components/cards/marketplace-card-contract.css :: .publication-card
detalhe-anuncio.html,810x1080,publication-card,.publication-card.publication-card--video.doke-card,y,1612.78,3204.97,1592.19,assets/css/components/shell/doke-shell-contract.css :: .doke-card | assets/css/components/shell/mobile-base-stability.css :: .doke-card | assets/css/components/cards/publication-card.css :: .publication-card | assets/css/pages/detalhe-anuncio.css :: .publication-card | assets/css/pages/detalhe-anuncio-rail-parity.css :: .publication-card | assets/css/components/cards/marketplace-card-contract.css :: .publication-card
detalhe-anuncio.html,810x1080,publication-card,.publication-card.publication-card--video.doke-card,width,625.39,176,-449.39,assets/css/components/shell/doke-shell-contract.css :: .doke-card | assets/css/components/shell/mobile-base-stability.css :: .doke-card | assets/css/components/cards/publication-card.css :: .publication-card | assets/css/pages/detalhe-anuncio.css :: .publication-card | assets/css/pages/detalhe-anuncio-rail-parity.css :: .publication-card | assets/css/components/cards/marketplace-card-contract.css :: .publication-card
detalhe-anuncio.html,810x1080,publication-card,.publication-card.publication-card--video.doke-card,height,339,271.95,-67.05,assets/css/components/shell/doke-shell-contract.css :: .doke-card | assets/css/components/shell/mobile-base-stability.css :: .doke-card | assets/css/components/cards/publication-card.css :: .publication-card | assets/css/pages/detalhe-anuncio.css :: .publication-card | assets/css/pages/detalhe-anuncio-rail-parity.css :: .publication-card | assets/css/components/cards/marketplace-card-contract.css :: .publication-card
detalhe-anuncio.html,810x1080,publication-card,.publication-card.publication-card--video.doke-card,border-radius,24px,0px,,assets/css/components/shell/doke-shell-contract.css :: .doke-card | assets/css/components/shell/mobile-base-stability.css :: .doke-card | assets/css/components/cards/publication-card.css :: .publication-card | assets/css/pages/detalhe-anuncio.css :: .publication-card | assets/css/pages/detalhe-anuncio-rail-parity.css :: .publication-card | assets/css/components/cards/marketplace-card-contract.css :: .publication-card
detalhe-anuncio.html,810x1080,publication-card,.publication-card.publication-card--video.doke-card,box-shadow,"rgba(19, 48, 82, 0.08) 0px 10px 28px 0px",none,,assets/css/components/shell/doke-shell-contract.css :: .doke-card | assets/css/components/shell/mobile-base-stability.css :: .doke-card | assets/css/components/cards/publication-card.css :: .publication-card | assets/css/pages/detalhe-anuncio.css :: .publication-card | assets/css/pages/detalhe-anuncio-rail-parity.css :: .publication-card | assets/css/components/cards/marketplace-card-contract.css :: .publication-card
detalhe-anuncio.html,810x1080,publication-card,.publication-card.publication-card--video.doke-card,aspect-ratio,1.84,0.65,-1.19,assets/css/components/shell/doke-shell-contract.css :: .doke-card | assets/css/components/shell/mobile-base-stability.css :: .doke-card | assets/css/components/cards/publication-card.css :: .publication-card | assets/css/pages/detalhe-anuncio.css :: .publication-card | assets/css/pages/detalhe-anuncio-rail-parity.css :: .publication-card | assets/css/components/cards/marketplace-card-contract.css :: .publication-card
detalhe-anuncio.html,810x1080,publication-card,.publication-card.publication-card--video.doke-card,media.height,178,164,-14,assets/css/components/shell/doke-shell-contract.css :: .doke-card | assets/css/components/shell/mobile-base-stability.css :: .doke-card | assets/css/components/cards/publication-card.css :: .publication-card | assets/css/pages/detalhe-anuncio.css :: .publication-card | assets/css/pages/detalhe-anuncio-rail-parity.css :: .publication-card | assets/css/components/cards/marketplace-card-contract.css :: .publication-card
detalhe-anuncio.html,810x1080,publication-card,.publication-card.publication-card--video.doke-card,media.aspect-ratio,3.39,1.07,-2.32,assets/css/components/shell/doke-shell-contract.css :: .doke-card | assets/css/components/shell/mobile-base-stability.css :: .doke-card | assets/css/components/cards/publication-card.css :: .publication-card | assets/css/pages/detalhe-anuncio.css :: .publication-card | assets/css/pages/detalhe-anuncio-rail-parity.css :: .publication-card | assets/css/components/cards/marketplace-card-contract.css :: .publication-card
detalhe-anuncio.html,810x1080,publication-card,.publication-card.publication-card--video.doke-card,media.border-radius,18px,22px 22px 0px 0px,,assets/css/components/shell/doke-shell-contract.css :: .doke-card | assets/css/components/shell/mobile-base-stability.css :: .doke-card | assets/css/components/cards/publication-card.css :: .publication-card | assets/css/pages/detalhe-anuncio.css :: .publication-card | assets/css/pages/detalhe-anuncio-rail-parity.css :: .publication-card | assets/css/components/cards/marketplace-card-contract.css :: .publication-card
detalhe-anuncio.html,810x1080,publication-card,.publication-card.publication-card--before-after.doke-card,x,1379.08,396,-983.08,assets/css/components/shell/doke-shell-contract.css :: .doke-card | assets/css/components/shell/mobile-base-stability.css :: .doke-card | assets/css/components/cards/publication-card.css :: .publication-card | assets/css/pages/detalhe-anuncio.css :: .publication-card | assets/css/pages/detalhe-anuncio-rail-parity.css :: .publication-card | assets/css/components/cards/marketplace-card-contract.css :: .publication-card
detalhe-anuncio.html,810x1080,publication-card,.publication-card.publication-card--before-after.doke-card,y,1612.78,3204.97,1592.19,assets/css/components/shell/doke-shell-contract.css :: .doke-card | assets/css/components/shell/mobile-base-stability.css :: .doke-card | assets/css/components/cards/publication-card.css :: .publication-card | assets/css/pages/detalhe-anuncio.css :: .publication-card | assets/css/pages/detalhe-anuncio-rail-parity.css :: .publication-card | assets/css/components/cards/marketplace-card-contract.css :: .publication-card
detalhe-anuncio.html,810x1080,publication-card,.publication-card.publication-card--before-after.doke-card,width,625.39,176,-449.39,assets/css/components/shell/doke-shell-contract.css :: .doke-card | assets/css/components/shell/mobile-base-stability.css :: .doke-card | assets/css/components/cards/publication-card.css :: .publication-card | assets/css/pages/detalhe-anuncio.css :: .publication-card | assets/css/pages/detalhe-anuncio-rail-parity.css :: .publication-card | assets/css/components/cards/marketplace-card-contract.css :: .publication-card
detalhe-anuncio.html,810x1080,publication-card,.publication-card.publication-card--before-after.doke-card,height,343.81,271.95,-71.86,assets/css/components/shell/doke-shell-contract.css :: .doke-card | assets/css/components/shell/mobile-base-stability.css :: .doke-card | assets/css/components/cards/publication-card.css :: .publication-card | assets/css/pages/detalhe-anuncio.css :: .publication-card | assets/css/pages/detalhe-anuncio-rail-parity.css :: .publication-card | assets/css/components/cards/marketplace-card-contract.css :: .publication-card
detalhe-anuncio.html,810x1080,publication-card,.publication-card.publication-card--before-after.doke-card,border-radius,24px,0px,,assets/css/components/shell/doke-shell-contract.css :: .doke-card | assets/css/components/shell/mobile-base-stability.css :: .doke-card | assets/css/components/cards/publication-card.css :: .publication-card | assets/css/pages/detalhe-anuncio.css :: .publication-card | assets/css/pages/detalhe-anuncio-rail-parity.css :: .publication-card | assets/css/components/cards/marketplace-card-contract.css :: .publication-card
detalhe-anuncio.html,810x1080,publication-card,.publication-card.publication-card--before-after.doke-card,box-shadow,"rgba(19, 48, 82, 0.08) 0px 10px 28px 0px",none,,assets/css/components/shell/doke-shell-contract.css :: .doke-card | assets/css/components/shell/mobile-base-stability.css :: .doke-card | assets/css/components/cards/publication-card.css :: .publication-card | assets/css/pages/detalhe-anuncio.css :: .publication-card | assets/css/pages/detalhe-anuncio-rail-parity.css :: .publication-card | assets/css/components/cards/marketplace-card-contract.css :: .publication-card
detalhe-anuncio.html,810x1080,publication-card,.publication-card.publication-card--before-after.doke-card,aspect-ratio,1.82,0.65,-1.17,assets/css/components/shell/doke-shell-contract.css :: .doke-card | assets/css/components/shell/mobile-base-stability.css :: .doke-card | assets/css/components/cards/publication-card.css :: .publication-card | assets/css/pages/detalhe-anuncio.css :: .publication-card | assets/css/pages/detalhe-anuncio-rail-parity.css :: .publication-card | assets/css/components/cards/marketplace-card-contract.css :: .publication-card
detalhe-anuncio.html,810x1080,publication-card,.publication-card.publication-card--before-after.doke-card,media.height,178,164,-14,assets/css/components/shell/doke-shell-contract.css :: .doke-card | assets/css/components/shell/mobile-base-stability.css :: .doke-card | assets/css/components/cards/publication-card.css :: .publication-card | assets/css/pages/detalhe-anuncio.css :: .publication-card | assets/css/pages/detalhe-anuncio-rail-parity.css :: .publication-card | assets/css/components/cards/marketplace-card-contract.css :: .publication-card
detalhe-anuncio.html,810x1080,publication-card,.publication-card.publication-card--before-after.doke-card,media.aspect-ratio,3.39,1.07,-2.32,assets/css/components/shell/doke-shell-contract.css :: .doke-card | assets/css/components/shell/mobile-base-stability.css :: .doke-card | assets/css/components/cards/publication-card.css :: .publication-card | assets/css/pages/detalhe-anuncio.css :: .publication-card | assets/css/pages/detalhe-anuncio-rail-parity.css :: .publication-card | assets/css/components/cards/marketplace-card-contract.css :: .publication-card
detalhe-anuncio.html,810x1080,publication-card,.publication-card.publication-card--before-after.doke-card,media.border-radius,18px,22px 22px 0px 0px,,assets/css/components/shell/doke-shell-contract.css :: .doke-card | assets/css/components/shell/mobile-base-stability.css :: .doke-card | assets/css/components/cards/publication-card.css :: .publication-card | assets/css/pages/detalhe-anuncio.css :: .publication-card | assets/css/pages/detalhe-anuncio-rail-parity.css :: .publication-card | assets/css/components/cards/marketplace-card-contract.css :: .publication-card
detalhe-anuncio.html,810x1080,video-card / worker card,.video-card.video-card--one.doke-card.doke-worker-card.doke-media-card,x,100.3,24,-76.3,assets/css/components/shell/doke-shell-contract.css :: .doke-card | assets/css/components/shell/mobile-base-stability.css :: .doke-card | assets/css/components/cards/worker-card.css :: .video-card | assets/css/pages/detalhe-anuncio.css :: .video-card | assets/css/pages/detalhe-anuncio-rail-parity.css :: .video-card | assets/css/components/cards/marketplace-card-contract.css :: .video-card
detalhe-anuncio.html,810x1080,video-card / worker card,.video-card.video-card--one.doke-card.doke-worker-card.doke-media-card,y,1287.36,2972.09,1684.73,assets/css/components/shell/doke-shell-contract.css :: .doke-card | assets/css/components/shell/mobile-base-stability.css :: .doke-card | assets/css/components/cards/worker-card.css :: .video-card | assets/css/pages/detalhe-anuncio.css :: .video-card | assets/css/pages/detalhe-anuncio-rail-parity.css :: .video-card | assets/css/components/cards/marketplace-card-contract.css :: .video-card
detalhe-anuncio.html,810x1080,video-card / worker card,.video-card.video-card--one.doke-card.doke-worker-card.doke-media-card,width,142.86,118,-24.86,assets/css/components/shell/doke-shell-contract.css :: .doke-card | assets/css/components/shell/mobile-base-stability.css :: .doke-card | assets/css/components/cards/worker-card.css :: .video-card | assets/css/pages/detalhe-anuncio.css :: .video-card | assets/css/pages/detalhe-anuncio-rail-parity.css :: .video-card | assets/css/components/cards/marketplace-card-contract.css :: .video-card
detalhe-anuncio.html,810x1080,video-card / worker card,.video-card.video-card--one.doke-card.doke-worker-card.doke-media-card,height,253.97,152,-101.97,assets/css/components/shell/doke-shell-contract.css :: .doke-card | assets/css/components/shell/mobile-base-stability.css :: .doke-card | assets/css/components/cards/worker-card.css :: .video-card | assets/css/pages/detalhe-anuncio.css :: .video-card | assets/css/pages/detalhe-anuncio-rail-parity.css :: .video-card | assets/css/components/cards/marketplace-card-contract.css :: .video-card
detalhe-anuncio.html,810x1080,video-card / worker card,.video-card.video-card--one.doke-card.doke-worker-card.doke-media-card,border-radius,24px,14px,,assets/css/components/shell/doke-shell-contract.css :: .doke-card | assets/css/components/shell/mobile-base-stability.css :: .doke-card | assets/css/components/cards/worker-card.css :: .video-card | assets/css/pages/detalhe-anuncio.css :: .video-card | assets/css/pages/detalhe-anuncio-rail-parity.css :: .video-card | assets/css/components/cards/marketplace-card-contract.css :: .video-card
detalhe-anuncio.html,810x1080,video-card / worker card,.video-card.video-card--one.doke-card.doke-worker-card.doke-media-card,box-shadow,"rgba(19, 48, 82, 0.08) 0px 10px 28px 0px",none,,assets/css/components/shell/doke-shell-contract.css :: .doke-card | assets/css/components/shell/mobile-base-stability.css :: .doke-card | assets/css/components/cards/worker-card.css :: .video-card | assets/css/pages/detalhe-anuncio.css :: .video-card | assets/css/pages/detalhe-anuncio-rail-parity.css :: .video-card | assets/css/components/cards/marketplace-card-contract.css :: .video-card
detalhe-anuncio.html,810x1080,video-card / worker card,.video-card.video-card--one.doke-card.doke-worker-card.doke-media-card,aspect-ratio,0.56,0.78,0.22,assets/css/components/shell/doke-shell-contract.css :: .doke-card | assets/css/components/shell/mobile-base-stability.css :: .doke-card | assets/css/components/cards/worker-card.css :: .video-card | assets/css/pages/detalhe-anuncio.css :: .video-card | assets/css/pages/detalhe-anuncio-rail-parity.css :: .video-card | assets/css/components/cards/marketplace-card-contract.css :: .video-card
detalhe-anuncio.html,810x1080,video-card / worker card,.video-card.video-card--one.doke-card.doke-worker-card.doke-media-card,media.height,253.97,152,-101.97,assets/css/components/shell/doke-shell-contract.css :: .doke-card | assets/css/components/shell/mobile-base-stability.css :: .doke-card | assets/css/components/cards/worker-card.css :: .video-card | assets/css/pages/detalhe-anuncio.css :: .video-card | assets/css/pages/detalhe-anuncio-rail-parity.css :: .video-card | assets/css/components/cards/marketplace-card-contract.css :: .video-card
detalhe-anuncio.html,810x1080,video-card / worker card,.video-card.video-card--one.doke-card.doke-worker-card.doke-media-card,media.aspect-ratio,0.56,0.78,0.22,assets/css/components/shell/doke-shell-contract.css :: .doke-card | assets/css/components/shell/mobile-base-stability.css :: .doke-card | assets/css/components/cards/worker-card.css :: .video-card | assets/css/pages/detalhe-anuncio.css :: .video-card | assets/css/pages/detalhe-anuncio-rail-parity.css :: .video-card | assets/css/components/cards/marketplace-card-contract.css :: .video-card
detalhe-anuncio.html,810x1080,video-card / worker card,.video-card.video-card--one.doke-card.doke-worker-card.doke-media-card,media.border-radius,24px,14px,,assets/css/components/shell/doke-shell-contract.css :: .doke-card | assets/css/components/shell/mobile-base-stability.css :: .doke-card | assets/css/components/cards/worker-card.css :: .video-card | assets/css/pages/detalhe-anuncio.css :: .video-card | assets/css/pages/detalhe-anuncio-rail-parity.css :: .video-card | assets/css/components/cards/marketplace-card-contract.css :: .video-card
detalhe-anuncio.html,810x1080,video-card / worker card,.video-card.video-card--two.doke-card.doke-worker-card.doke-media-card,x,261.16,152,-109.16,assets/css/components/shell/doke-shell-contract.css :: .doke-card | assets/css/components/shell/mobile-base-stability.css :: .doke-card | assets/css/components/cards/worker-card.css :: .video-card | assets/css/pages/detalhe-anuncio.css :: .video-card | assets/css/pages/detalhe-anuncio-rail-parity.css :: .video-card | assets/css/components/cards/marketplace-card-contract.css :: .video-card
detalhe-anuncio.html,810x1080,video-card / worker card,.video-card.video-card--two.doke-card.doke-worker-card.doke-media-card,y,1287.36,2972.09,1684.73,assets/css/components/shell/doke-shell-contract.css :: .doke-card | assets/css/components/shell/mobile-base-stability.css :: .doke-card | assets/css/components/cards/worker-card.css :: .video-card | assets/css/pages/detalhe-anuncio.css :: .video-card | assets/css/pages/detalhe-anuncio-rail-parity.css :: .video-card | assets/css/components/cards/marketplace-card-contract.css :: .video-card
detalhe-anuncio.html,810x1080,video-card / worker card,.video-card.video-card--two.doke-card.doke-worker-card.doke-media-card,width,142.84,118,-24.84,assets/css/components/shell/doke-shell-contract.css :: .doke-card | assets/css/components/shell/mobile-base-stability.css :: .doke-card | assets/css/components/cards/worker-card.css :: .video-card | assets/css/pages/detalhe-anuncio.css :: .video-card | assets/css/pages/detalhe-anuncio-rail-parity.css :: .video-card | assets/css/components/cards/marketplace-card-contract.css :: .video-card
detalhe-anuncio.html,810x1080,video-card / worker card,.video-card.video-card--two.doke-card.doke-worker-card.doke-media-card,height,253.97,152,-101.97,assets/css/components/shell/doke-shell-contract.css :: .doke-card | assets/css/components/shell/mobile-base-stability.css :: .doke-card | assets/css/components/cards/worker-card.css :: .video-card | assets/css/pages/detalhe-anuncio.css :: .video-card | assets/css/pages/detalhe-anuncio-rail-parity.css :: .video-card | assets/css/components/cards/marketplace-card-contract.css :: .video-card
detalhe-anuncio.html,810x1080,video-card / worker card,.video-card.video-card--two.doke-card.doke-worker-card.doke-media-card,border-radius,24px,14px,,assets/css/components/shell/doke-shell-contract.css :: .doke-card | assets/css/components/shell/mobile-base-stability.css :: .doke-card | assets/css/components/cards/worker-card.css :: .video-card | assets/css/pages/detalhe-anuncio.css :: .video-card | assets/css/pages/detalhe-anuncio-rail-parity.css :: .video-card | assets/css/components/cards/marketplace-card-contract.css :: .video-card
detalhe-anuncio.html,810x1080,video-card / worker card,.video-card.video-card--two.doke-card.doke-worker-card.doke-media-card,box-shadow,"rgba(19, 48, 82, 0.08) 0px 10px 28px 0px",none,,assets/css/components/shell/doke-shell-contract.css :: .doke-card | assets/css/components/shell/mobile-base-stability.css :: .doke-card | assets/css/components/cards/worker-card.css :: .video-card | assets/css/pages/detalhe-anuncio.css :: .video-card | assets/css/pages/detalhe-anuncio-rail-parity.css :: .video-card | assets/css/components/cards/marketplace-card-contract.css :: .video-card
detalhe-anuncio.html,810x1080,video-card / worker card,.video-card.video-card--two.doke-card.doke-worker-card.doke-media-card,aspect-ratio,0.56,0.78,0.22,assets/css/components/shell/doke-shell-contract.css :: .doke-card | assets/css/components/shell/mobile-base-stability.css :: .doke-card | assets/css/components/cards/worker-card.css :: .video-card | assets/css/pages/detalhe-anuncio.css :: .video-card | assets/css/pages/detalhe-anuncio-rail-parity.css :: .video-card | assets/css/components/cards/marketplace-card-contract.css :: .video-card
detalhe-anuncio.html,810x1080,video-card / worker card,.video-card.video-card--two.doke-card.doke-worker-card.doke-media-card,media.height,253.97,152,-101.97,assets/css/components/shell/doke-shell-contract.css :: .doke-card | assets/css/components/shell/mobile-base-stability.css :: .doke-card | assets/css/components/cards/worker-card.css :: .video-card | assets/css/pages/detalhe-anuncio.css :: .video-card | assets/css/pages/detalhe-anuncio-rail-parity.css :: .video-card | assets/css/components/cards/marketplace-card-contract.css :: .video-card
detalhe-anuncio.html,810x1080,video-card / worker card,.video-card.video-card--two.doke-card.doke-worker-card.doke-media-card,media.aspect-ratio,0.56,0.78,0.22,assets/css/components/shell/doke-shell-contract.css :: .doke-card | assets/css/components/shell/mobile-base-stability.css :: .doke-card | assets/css/components/cards/worker-card.css :: .video-card | assets/css/pages/detalhe-anuncio.css :: .video-card | assets/css/pages/detalhe-anuncio-rail-parity.css :: .video-card | assets/css/components/cards/marketplace-card-contract.css :: .video-card
detalhe-anuncio.html,810x1080,video-card / worker card,.video-card.video-card--two.doke-card.doke-worker-card.doke-media-card,media.border-radius,24px,14px,,assets/css/components/shell/doke-shell-contract.css :: .doke-card | assets/css/components/shell/mobile-base-stability.css :: .doke-card | assets/css/components/cards/worker-card.css :: .video-card | assets/css/pages/detalhe-anuncio.css :: .video-card | assets/css/pages/detalhe-anuncio-rail-parity.css :: .video-card | assets/css/components/cards/marketplace-card-contract.css :: .video-card
detalhe-anuncio.html,810x1080,video-card / worker card,.video-card.video-card--three.doke-card.doke-worker-card.doke-media-card,x,422,280,-142,assets/css/components/shell/doke-shell-contract.css :: .doke-card | assets/css/components/shell/mobile-base-stability.css :: .doke-card | assets/css/components/cards/worker-card.css :: .video-card | assets/css/pages/detalhe-anuncio.css :: .video-card | assets/css/pages/detalhe-anuncio-rail-parity.css :: .video-card | assets/css/components/cards/marketplace-card-contract.css :: .video-card
detalhe-anuncio.html,810x1080,video-card / worker card,.video-card.video-card--three.doke-card.doke-worker-card.doke-media-card,y,1287.36,2972.09,1684.73,assets/css/components/shell/doke-shell-contract.css :: .doke-card | assets/css/components/shell/mobile-base-stability.css :: .doke-card | assets/css/components/cards/worker-card.css :: .video-card | assets/css/pages/detalhe-anuncio.css :: .video-card | assets/css/pages/detalhe-anuncio-rail-parity.css :: .video-card | assets/css/components/cards/marketplace-card-contract.css :: .video-card
detalhe-anuncio.html,810x1080,video-card / worker card,.video-card.video-card--three.doke-card.doke-worker-card.doke-media-card,width,142.84,118,-24.84,assets/css/components/shell/doke-shell-contract.css :: .doke-card | assets/css/components/shell/mobile-base-stability.css :: .doke-card | assets/css/components/cards/worker-card.css :: .video-card | assets/css/pages/detalhe-anuncio.css :: .video-card | assets/css/pages/detalhe-anuncio-rail-parity.css :: .video-card | assets/css/components/cards/marketplace-card-contract.css :: .video-card
detalhe-anuncio.html,810x1080,video-card / worker card,.video-card.video-card--three.doke-card.doke-worker-card.doke-media-card,height,253.97,152,-101.97,assets/css/components/shell/doke-shell-contract.css :: .doke-card | assets/css/components/shell/mobile-base-stability.css :: .doke-card | assets/css/components/cards/worker-card.css :: .video-card | assets/css/pages/detalhe-anuncio.css :: .video-card | assets/css/pages/detalhe-anuncio-rail-parity.css :: .video-card | assets/css/components/cards/marketplace-card-contract.css :: .video-card
detalhe-anuncio.html,810x1080,video-card / worker card,.video-card.video-card--three.doke-card.doke-worker-card.doke-media-card,border-radius,24px,14px,,assets/css/components/shell/doke-shell-contract.css :: .doke-card | assets/css/components/shell/mobile-base-stability.css :: .doke-card | assets/css/components/cards/worker-card.css :: .video-card | assets/css/pages/detalhe-anuncio.css :: .video-card | assets/css/pages/detalhe-anuncio-rail-parity.css :: .video-card | assets/css/components/cards/marketplace-card-contract.css :: .video-card
detalhe-anuncio.html,810x1080,video-card / worker card,.video-card.video-card--three.doke-card.doke-worker-card.doke-media-card,box-shadow,"rgba(19, 48, 82, 0.08) 0px 10px 28px 0px",none,,assets/css/components/shell/doke-shell-contract.css :: .doke-card | assets/css/components/shell/mobile-base-stability.css :: .doke-card | assets/css/components/cards/worker-card.css :: .video-card | assets/css/pages/detalhe-anuncio.css :: .video-card | assets/css/pages/detalhe-anuncio-rail-parity.css :: .video-card | assets/css/components/cards/marketplace-card-contract.css :: .video-card
detalhe-anuncio.html,810x1080,video-card / worker card,.video-card.video-card--three.doke-card.doke-worker-card.doke-media-card,aspect-ratio,0.56,0.78,0.22,assets/css/components/shell/doke-shell-contract.css :: .doke-card | assets/css/components/shell/mobile-base-stability.css :: .doke-card | assets/css/components/cards/worker-card.css :: .video-card | assets/css/pages/detalhe-anuncio.css :: .video-card | assets/css/pages/detalhe-anuncio-rail-parity.css :: .video-card | assets/css/components/cards/marketplace-card-contract.css :: .video-card
detalhe-anuncio.html,810x1080,video-card / worker card,.video-card.video-card--three.doke-card.doke-worker-card.doke-media-card,media.height,253.97,152,-101.97,assets/css/components/shell/doke-shell-contract.css :: .doke-card | assets/css/components/shell/mobile-base-stability.css :: .doke-card | assets/css/components/cards/worker-card.css :: .video-card | assets/css/pages/detalhe-anuncio.css :: .video-card | assets/css/pages/detalhe-anuncio-rail-parity.css :: .video-card | assets/css/components/cards/marketplace-card-contract.css :: .video-card
detalhe-anuncio.html,810x1080,video-card / worker card,.video-card.video-card--three.doke-card.doke-worker-card.doke-media-card,media.aspect-ratio,0.56,0.78,0.22,assets/css/components/shell/doke-shell-contract.css :: .doke-card | assets/css/components/shell/mobile-base-stability.css :: .doke-card | assets/css/components/cards/worker-card.css :: .video-card | assets/css/pages/detalhe-anuncio.css :: .video-card | assets/css/pages/detalhe-anuncio-rail-parity.css :: .video-card | assets/css/components/cards/marketplace-card-contract.css :: .video-card
detalhe-anuncio.html,810x1080,video-card / worker card,.video-card.video-card--three.doke-card.doke-worker-card.doke-media-card,media.border-radius,24px,14px,,assets/css/components/shell/doke-shell-contract.css :: .doke-card | assets/css/components/shell/mobile-base-stability.css :: .doke-card | assets/css/components/cards/worker-card.css :: .video-card | assets/css/pages/detalhe-anuncio.css :: .video-card | assets/css/pages/detalhe-anuncio-rail-parity.css :: .video-card | assets/css/components/cards/marketplace-card-contract.css :: .video-card
detalhe-anuncio.html,810x1080,video-card / worker card,.video-card.video-card--four.doke-card.doke-worker-card.doke-media-card,x,582.84,408,-174.84,assets/css/components/shell/doke-shell-contract.css :: .doke-card | assets/css/components/shell/mobile-base-stability.css :: .doke-card | assets/css/components/cards/worker-card.css :: .video-card | assets/css/pages/detalhe-anuncio.css :: .video-card | assets/css/pages/detalhe-anuncio-rail-parity.css :: .video-card | assets/css/components/cards/marketplace-card-contract.css :: .video-card
detalhe-anuncio.html,810x1080,video-card / worker card,.video-card.video-card--four.doke-card.doke-worker-card.doke-media-card,y,1287.36,2972.09,1684.73,assets/css/components/shell/doke-shell-contract.css :: .doke-card | assets/css/components/shell/mobile-base-stability.css :: .doke-card | assets/css/components/cards/worker-card.css :: .video-card | assets/css/pages/detalhe-anuncio.css :: .video-card | assets/css/pages/detalhe-anuncio-rail-parity.css :: .video-card | assets/css/components/cards/marketplace-card-contract.css :: .video-card
detalhe-anuncio.html,810x1080,video-card / worker card,.video-card.video-card--four.doke-card.doke-worker-card.doke-media-card,width,142.84,118,-24.84,assets/css/components/shell/doke-shell-contract.css :: .doke-card | assets/css/components/shell/mobile-base-stability.css :: .doke-card | assets/css/components/cards/worker-card.css :: .video-card | assets/css/pages/detalhe-anuncio.css :: .video-card | assets/css/pages/detalhe-anuncio-rail-parity.css :: .video-card | assets/css/components/cards/marketplace-card-contract.css :: .video-card
detalhe-anuncio.html,810x1080,video-card / worker card,.video-card.video-card--four.doke-card.doke-worker-card.doke-media-card,height,253.97,152,-101.97,assets/css/components/shell/doke-shell-contract.css :: .doke-card | assets/css/components/shell/mobile-base-stability.css :: .doke-card | assets/css/components/cards/worker-card.css :: .video-card | assets/css/pages/detalhe-anuncio.css :: .video-card | assets/css/pages/detalhe-anuncio-rail-parity.css :: .video-card | assets/css/components/cards/marketplace-card-contract.css :: .video-card
detalhe-anuncio.html,810x1080,video-card / worker card,.video-card.video-card--four.doke-card.doke-worker-card.doke-media-card,border-radius,24px,14px,,assets/css/components/shell/doke-shell-contract.css :: .doke-card | assets/css/components/shell/mobile-base-stability.css :: .doke-card | assets/css/components/cards/worker-card.css :: .video-card | assets/css/pages/detalhe-anuncio.css :: .video-card | assets/css/pages/detalhe-anuncio-rail-parity.css :: .video-card | assets/css/components/cards/marketplace-card-contract.css :: .video-card
detalhe-anuncio.html,810x1080,video-card / worker card,.video-card.video-card--four.doke-card.doke-worker-card.doke-media-card,box-shadow,"rgba(19, 48, 82, 0.08) 0px 10px 28px 0px",none,,assets/css/components/shell/doke-shell-contract.css :: .doke-card | assets/css/components/shell/mobile-base-stability.css :: .doke-card | assets/css/components/cards/worker-card.css :: .video-card | assets/css/pages/detalhe-anuncio.css :: .video-card | assets/css/pages/detalhe-anuncio-rail-parity.css :: .video-card | assets/css/components/cards/marketplace-card-contract.css :: .video-card
detalhe-anuncio.html,810x1080,video-card / worker card,.video-card.video-card--four.doke-card.doke-worker-card.doke-media-card,aspect-ratio,0.56,0.78,0.22,assets/css/components/shell/doke-shell-contract.css :: .doke-card | assets/css/components/shell/mobile-base-stability.css :: .doke-card | assets/css/components/cards/worker-card.css :: .video-card | assets/css/pages/detalhe-anuncio.css :: .video-card | assets/css/pages/detalhe-anuncio-rail-parity.css :: .video-card | assets/css/components/cards/marketplace-card-contract.css :: .video-card
detalhe-anuncio.html,810x1080,video-card / worker card,.video-card.video-card--four.doke-card.doke-worker-card.doke-media-card,media.height,253.97,152,-101.97,assets/css/components/shell/doke-shell-contract.css :: .doke-card | assets/css/components/shell/mobile-base-stability.css :: .doke-card | assets/css/components/cards/worker-card.css :: .video-card | assets/css/pages/detalhe-anuncio.css :: .video-card | assets/css/pages/detalhe-anuncio-rail-parity.css :: .video-card | assets/css/components/cards/marketplace-card-contract.css :: .video-card
detalhe-anuncio.html,810x1080,video-card / worker card,.video-card.video-card--four.doke-card.doke-worker-card.doke-media-card,media.aspect-ratio,0.56,0.78,0.22,assets/css/components/shell/doke-shell-contract.css :: .doke-card | assets/css/components/shell/mobile-base-stability.css :: .doke-card | assets/css/components/cards/worker-card.css :: .video-card | assets/css/pages/detalhe-anuncio.css :: .video-card | assets/css/pages/detalhe-anuncio-rail-parity.css :: .video-card | assets/css/components/cards/marketplace-card-contract.css :: .video-card
detalhe-anuncio.html,810x1080,video-card / worker card,.video-card.video-card--four.doke-card.doke-worker-card.doke-media-card,media.border-radius,24px,14px,,assets/css/components/shell/doke-shell-contract.css :: .doke-card | assets/css/components/shell/mobile-base-stability.css :: .doke-card | assets/css/components/cards/worker-card.css :: .video-card | assets/css/pages/detalhe-anuncio.css :: .video-card | assets/css/pages/detalhe-anuncio-rail-parity.css :: .video-card | assets/css/components/cards/marketplace-card-contract.css :: .video-card
detalhe-anuncio.html,810x1080,review cards,.detail-mobile-review-card,x,100.3,0,-100.3,assets/css/pages/detalhe-anuncio.css :: .detail-mobile-review-card
detalhe-anuncio.html,810x1080,review cards,.detail-mobile-review-card,y,1612.78,0,-1612.78,assets/css/pages/detalhe-anuncio.css :: .detail-mobile-review-card
detalhe-anuncio.html,810x1080,review cards,.detail-mobile-review-card,width,625.39,0,-625.39,assets/css/pages/detalhe-anuncio.css :: .detail-mobile-review-card
detalhe-anuncio.html,810x1080,review cards,.detail-mobile-review-card,height,345.08,0,-345.08,assets/css/pages/detalhe-anuncio.css :: .detail-mobile-review-card
detalhe-anuncio.html,810x1080,review cards,.detail-mobile-review-card,border-radius,24px,0px,,assets/css/pages/detalhe-anuncio.css :: .detail-mobile-review-card
detalhe-anuncio.html,810x1080,review cards,.detail-mobile-review-card,box-shadow,"rgba(19, 48, 82, 0.08) 0px 10px 28px 0px",none,,assets/css/pages/detalhe-anuncio.css :: .detail-mobile-review-card
detalhe-anuncio.html,810x1080,review cards,.detail-mobile-review-card,aspect-ratio,1.81,,,assets/css/pages/detalhe-anuncio.css :: .detail-mobile-review-card
detalhe-anuncio.html,810x1080,review cards,.detail-mobile-review-card,measured-child-gap-y,0,,,assets/css/pages/detalhe-anuncio.css :: .detail-mobile-review-card
detalhe-anuncio.html,810x1080,review cards,.detail-mobile-review-card,media.height,178,,,assets/css/pages/detalhe-anuncio.css :: .detail-mobile-review-card
detalhe-anuncio.html,810x1080,review cards,.detail-mobile-review-card,media.aspect-ratio,3.39,,,assets/css/pages/detalhe-anuncio.css :: .detail-mobile-review-card
detalhe-anuncio.html,810x1080,review cards,.detail-mobile-review-card,media.border-radius,18px,,,assets/css/pages/detalhe-anuncio.css :: .detail-mobile-review-card
detalhe-anuncio.html,810x1080,review cards,.detail-mobile-review-card__top,x,739.69,0,-739.69,assets/css/pages/detalhe-anuncio.css :: .detail-mobile-review-card__top
detalhe-anuncio.html,810x1080,review cards,.detail-mobile-review-card__top,y,1612.78,0,-1612.78,assets/css/pages/detalhe-anuncio.css :: .detail-mobile-review-card__top
detalhe-anuncio.html,810x1080,review cards,.detail-mobile-review-card__top,width,625.39,0,-625.39,assets/css/pages/detalhe-anuncio.css :: .detail-mobile-review-card__top
detalhe-anuncio.html,810x1080,review cards,.detail-mobile-review-card__top,height,339,0,-339,assets/css/pages/detalhe-anuncio.css :: .detail-mobile-review-card__top
detalhe-anuncio.html,810x1080,review cards,.detail-mobile-review-card__top,border-radius,24px,0px,,assets/css/pages/detalhe-anuncio.css :: .detail-mobile-review-card__top
detalhe-anuncio.html,810x1080,review cards,.detail-mobile-review-card__top,box-shadow,"rgba(19, 48, 82, 0.08) 0px 10px 28px 0px",none,,assets/css/pages/detalhe-anuncio.css :: .detail-mobile-review-card__top
detalhe-anuncio.html,810x1080,review cards,.detail-mobile-review-card__top,aspect-ratio,1.84,,,assets/css/pages/detalhe-anuncio.css :: .detail-mobile-review-card__top
detalhe-anuncio.html,810x1080,review cards,.detail-mobile-review-card__top,measured-child-gap-y,0,,,assets/css/pages/detalhe-anuncio.css :: .detail-mobile-review-card__top
detalhe-anuncio.html,810x1080,review cards,.detail-mobile-review-card__top,media.height,178,,,assets/css/pages/detalhe-anuncio.css :: .detail-mobile-review-card__top
detalhe-anuncio.html,810x1080,review cards,.detail-mobile-review-card__top,media.aspect-ratio,3.39,,,assets/css/pages/detalhe-anuncio.css :: .detail-mobile-review-card__top
detalhe-anuncio.html,810x1080,review cards,.detail-mobile-review-card__top,media.border-radius,18px,,,assets/css/pages/detalhe-anuncio.css :: .detail-mobile-review-card__top
detalhe-anuncio.html,810x1080,review cards,.detail-mobile-review-card__avatar,x,1379.08,0,-1379.08,assets/css/pages/detalhe-anuncio.css :: .detail-mobile-review-card__avatar
detalhe-anuncio.html,810x1080,review cards,.detail-mobile-review-card__avatar,y,1612.78,0,-1612.78,assets/css/pages/detalhe-anuncio.css :: .detail-mobile-review-card__avatar
detalhe-anuncio.html,810x1080,review cards,.detail-mobile-review-card__avatar,width,625.39,0,-625.39,assets/css/pages/detalhe-anuncio.css :: .detail-mobile-review-card__avatar
detalhe-anuncio.html,810x1080,review cards,.detail-mobile-review-card__avatar,height,343.81,0,-343.81,assets/css/pages/detalhe-anuncio.css :: .detail-mobile-review-card__avatar
detalhe-anuncio.html,810x1080,review cards,.detail-mobile-review-card__avatar,border-radius,24px,0px,,assets/css/pages/detalhe-anuncio.css :: .detail-mobile-review-card__avatar
detalhe-anuncio.html,810x1080,review cards,.detail-mobile-review-card__avatar,box-shadow,"rgba(19, 48, 82, 0.08) 0px 10px 28px 0px",none,,assets/css/pages/detalhe-anuncio.css :: .detail-mobile-review-card__avatar
detalhe-anuncio.html,810x1080,review cards,.detail-mobile-review-card__avatar,aspect-ratio,1.82,,,assets/css/pages/detalhe-anuncio.css :: .detail-mobile-review-card__avatar
detalhe-anuncio.html,810x1080,review cards,.detail-mobile-review-card__avatar,measured-child-gap-y,0,,,assets/css/pages/detalhe-anuncio.css :: .detail-mobile-review-card__avatar
detalhe-anuncio.html,810x1080,review cards,.detail-mobile-review-card__avatar,media.height,178,,,assets/css/pages/detalhe-anuncio.css :: .detail-mobile-review-card__avatar
detalhe-anuncio.html,810x1080,review cards,.detail-mobile-review-card__avatar,media.aspect-ratio,3.39,,,assets/css/pages/detalhe-anuncio.css :: .detail-mobile-review-card__avatar
detalhe-anuncio.html,810x1080,review cards,.detail-mobile-review-card__avatar,media.border-radius,18px,,,assets/css/pages/detalhe-anuncio.css :: .detail-mobile-review-card__avatar
detalhe-anuncio.html,1024x768,headers,.app-header.app-header--detail.home-side-meta,x,8,0,-8,assets/css/components/shell/desktop-topbar.css :: .home-side-meta | assets/css/components/shell/doke-shell-contract.css :: .app-header | assets/css/components/shell/app-header.css :: .app-header | assets/css/components/shell/mobile-app-shell.css :: .home-side-meta | assets/css/components/shell/mobile-base-stability.css :: .home-side-meta | assets/css/pages/detalhe-anuncio.css :: .app-header | assets/css/pages/detalhe-anuncio-rail-parity.css :: .app-header
detalhe-anuncio.html,1024x768,headers,.app-header.app-header--detail.home-side-meta,y,8,0,-8,assets/css/components/shell/desktop-topbar.css :: .home-side-meta | assets/css/components/shell/doke-shell-contract.css :: .app-header | assets/css/components/shell/app-header.css :: .app-header | assets/css/components/shell/mobile-app-shell.css :: .home-side-meta | assets/css/components/shell/mobile-base-stability.css :: .home-side-meta | assets/css/pages/detalhe-anuncio.css :: .app-header | assets/css/pages/detalhe-anuncio-rail-parity.css :: .app-header
detalhe-anuncio.html,1024x768,headers,.app-header.app-header--detail.home-side-meta,padding.top,22.53,20,-2.53,assets/css/components/shell/desktop-topbar.css :: .home-side-meta | assets/css/components/shell/doke-shell-contract.css :: .app-header | assets/css/components/shell/app-header.css :: .app-header | assets/css/components/shell/mobile-app-shell.css :: .home-side-meta | assets/css/components/shell/mobile-base-stability.css :: .home-side-meta | assets/css/pages/detalhe-anuncio.css :: .app-header | assets/css/pages/detalhe-anuncio-rail-parity.css :: .app-header
detalhe-anuncio.html,1024x768,headers,.app-header.app-header--detail.home-side-meta,padding.right,0,24,24,assets/css/components/shell/desktop-topbar.css :: .home-side-meta | assets/css/components/shell/doke-shell-contract.css :: .app-header | assets/css/components/shell/app-header.css :: .app-header | assets/css/components/shell/mobile-app-shell.css :: .home-side-meta | assets/css/components/shell/mobile-base-stability.css :: .home-side-meta | assets/css/pages/detalhe-anuncio.css :: .app-header | assets/css/pages/detalhe-anuncio-rail-parity.css :: .app-header
detalhe-anuncio.html,1024x768,headers,.app-header.app-header--detail.home-side-meta,padding.bottom,16,28,12,assets/css/components/shell/desktop-topbar.css :: .home-side-meta | assets/css/components/shell/doke-shell-contract.css :: .app-header | assets/css/components/shell/app-header.css :: .app-header | assets/css/components/shell/mobile-app-shell.css :: .home-side-meta | assets/css/components/shell/mobile-base-stability.css :: .home-side-meta | assets/css/pages/detalhe-anuncio.css :: .app-header | assets/css/pages/detalhe-anuncio-rail-parity.css :: .app-header
detalhe-anuncio.html,1024x768,headers,.app-header.app-header--detail.home-side-meta,padding.left,0,24,24,assets/css/components/shell/desktop-topbar.css :: .home-side-meta | assets/css/components/shell/doke-shell-contract.css :: .app-header | assets/css/components/shell/app-header.css :: .app-header | assets/css/components/shell/mobile-app-shell.css :: .home-side-meta | assets/css/components/shell/mobile-base-stability.css :: .home-side-meta | assets/css/pages/detalhe-anuncio.css :: .app-header | assets/css/pages/detalhe-anuncio-rail-parity.css :: .app-header
detalhe-anuncio.html,1024x768,header inner,.app-header__inner,x,38.72,131,92.28,assets/css/components/shell/doke-shell-contract.css :: .app-header__inner | assets/css/components/shell/app-header.css :: .app-header__inner | assets/css/pages/detalhe-anuncio.css :: .app-header__inner | assets/css/pages/detalhe-anuncio-rail-parity.css :: .app-header__inner
detalhe-anuncio.html,1024x768,header inner,.app-header__inner,y,30.52,20,-10.52,assets/css/components/shell/doke-shell-contract.css :: .app-header__inner | assets/css/components/shell/app-header.css :: .app-header__inner | assets/css/pages/detalhe-anuncio.css :: .app-header__inner | assets/css/pages/detalhe-anuncio-rail-parity.css :: .app-header__inner
detalhe-anuncio.html,1024x768,header inner,.app-header__inner,width,962.55,762,-200.55,assets/css/components/shell/doke-shell-contract.css :: .app-header__inner | assets/css/components/shell/app-header.css :: .app-header__inner | assets/css/pages/detalhe-anuncio.css :: .app-header__inner | assets/css/pages/detalhe-anuncio-rail-parity.css :: .app-header__inner
detalhe-anuncio.html,1024x768,header inner,.app-header__inner,aspect-ratio,20.05,15.88,-4.17,assets/css/components/shell/doke-shell-contract.css :: .app-header__inner | assets/css/components/shell/app-header.css :: .app-header__inner | assets/css/pages/detalhe-anuncio.css :: .app-header__inner | assets/css/pages/detalhe-anuncio-rail-parity.css :: .app-header__inner
detalhe-anuncio.html,1024x768,header inner,.app-header__inner,measured-child-gap-x,,14,,assets/css/components/shell/doke-shell-contract.css :: .app-header__inner | assets/css/components/shell/app-header.css :: .app-header__inner | assets/css/pages/detalhe-anuncio.css :: .app-header__inner | assets/css/pages/detalhe-anuncio-rail-parity.css :: .app-header__inner
detalhe-anuncio.html,1024x768,containers/rails,.doke-reviews-bar__track,x,38.72,250.56,211.84,assets/css/patterns/reviews-section.css :: .doke-reviews-bar__track | assets/css/pages/detalhe-anuncio-rail-parity.css :: .doke-reviews-bar__track
detalhe-anuncio.html,1024x768,containers/rails,.doke-reviews-bar__track,y,355.36,2124.91,1769.55,assets/css/patterns/reviews-section.css :: .doke-reviews-bar__track | assets/css/pages/detalhe-anuncio-rail-parity.css :: .doke-reviews-bar__track
detalhe-anuncio.html,1024x768,containers/rails,.doke-reviews-bar__track,width,962.55,300,-662.55,assets/css/patterns/reviews-section.css :: .doke-reviews-bar__track | assets/css/pages/detalhe-anuncio-rail-parity.css :: .doke-reviews-bar__track
detalhe-anuncio.html,1024x768,containers/rails,.doke-reviews-bar__track,height,171,9,-162,assets/css/patterns/reviews-section.css :: .doke-reviews-bar__track | assets/css/pages/detalhe-anuncio-rail-parity.css :: .doke-reviews-bar__track
detalhe-anuncio.html,1024x768,containers/rails,.doke-reviews-bar__track,padding.right,42,0,-42,assets/css/patterns/reviews-section.css :: .doke-reviews-bar__track | assets/css/pages/detalhe-anuncio-rail-parity.css :: .doke-reviews-bar__track
detalhe-anuncio.html,1024x768,containers/rails,.doke-reviews-bar__track,padding.left,42,0,-42,assets/css/patterns/reviews-section.css :: .doke-reviews-bar__track | assets/css/pages/detalhe-anuncio-rail-parity.css :: .doke-reviews-bar__track
detalhe-anuncio.html,1024x768,containers/rails,.doke-reviews-bar__track,border-radius,0px,999px,,assets/css/patterns/reviews-section.css :: .doke-reviews-bar__track | assets/css/pages/detalhe-anuncio-rail-parity.css :: .doke-reviews-bar__track
detalhe-anuncio.html,1024x768,containers/rails,.doke-reviews-bar__track,font-size,16,13.44,-2.56,assets/css/patterns/reviews-section.css :: .doke-reviews-bar__track | assets/css/pages/detalhe-anuncio-rail-parity.css :: .doke-reviews-bar__track
detalhe-anuncio.html,1024x768,containers/rails,.doke-reviews-bar__track,aspect-ratio,5.63,33.33,27.7,assets/css/patterns/reviews-section.css :: .doke-reviews-bar__track | assets/css/pages/detalhe-anuncio-rail-parity.css :: .doke-reviews-bar__track
detalhe-anuncio.html,1024x768,containers/rails,.doke-reviews-bar__track,gap,0px,normal,,assets/css/patterns/reviews-section.css :: .doke-reviews-bar__track | assets/css/pages/detalhe-anuncio-rail-parity.css :: .doke-reviews-bar__track
detalhe-anuncio.html,1024x768,containers/rails,.doke-reviews-bar__track,row-gap,0px,normal,,assets/css/patterns/reviews-section.css :: .doke-reviews-bar__track | assets/css/pages/detalhe-anuncio-rail-parity.css :: .doke-reviews-bar__track
detalhe-anuncio.html,1024x768,containers/rails,.doke-reviews-bar__track,column-gap,0px,normal,,assets/css/patterns/reviews-section.css :: .doke-reviews-bar__track | assets/css/pages/detalhe-anuncio-rail-parity.css :: .doke-reviews-bar__track
detalhe-anuncio.html,1024x768,containers/rails,.doke-reviews-bar__track,x,80.72,250.56,169.84,assets/css/patterns/reviews-section.css :: .doke-reviews-bar__track | assets/css/pages/detalhe-anuncio-rail-parity.css :: .doke-reviews-bar__track
detalhe-anuncio.html,1024x768,containers/rails,.doke-reviews-bar__track,y,410.36,2152.91,1742.55,assets/css/patterns/reviews-section.css :: .doke-reviews-bar__track | assets/css/pages/detalhe-anuncio-rail-parity.css :: .doke-reviews-bar__track
detalhe-anuncio.html,1024x768,containers/rails,.doke-reviews-bar__track,width,832.55,300,-532.55,assets/css/patterns/reviews-section.css :: .doke-reviews-bar__track | assets/css/pages/detalhe-anuncio-rail-parity.css :: .doke-reviews-bar__track
detalhe-anuncio.html,1024x768,containers/rails,.doke-reviews-bar__track,height,116,9,-107,assets/css/patterns/reviews-section.css :: .doke-reviews-bar__track | assets/css/pages/detalhe-anuncio-rail-parity.css :: .doke-reviews-bar__track
detalhe-anuncio.html,1024x768,containers/rails,.doke-reviews-bar__track,border-radius,0px,999px,,assets/css/patterns/reviews-section.css :: .doke-reviews-bar__track | assets/css/pages/detalhe-anuncio-rail-parity.css :: .doke-reviews-bar__track
detalhe-anuncio.html,1024x768,containers/rails,.doke-reviews-bar__track,font-size,16,13.44,-2.56,assets/css/patterns/reviews-section.css :: .doke-reviews-bar__track | assets/css/pages/detalhe-anuncio-rail-parity.css :: .doke-reviews-bar__track
detalhe-anuncio.html,1024x768,containers/rails,.doke-reviews-bar__track,aspect-ratio,7.18,33.33,26.15,assets/css/patterns/reviews-section.css :: .doke-reviews-bar__track | assets/css/pages/detalhe-anuncio-rail-parity.css :: .doke-reviews-bar__track
detalhe-anuncio.html,1024x768,containers/rails,.doke-reviews-bar__track,gap,22px,normal,,assets/css/patterns/reviews-section.css :: .doke-reviews-bar__track | assets/css/pages/detalhe-anuncio-rail-parity.css :: .doke-reviews-bar__track
detalhe-anuncio.html,1024x768,containers/rails,.doke-reviews-bar__track,row-gap,22px,normal,,assets/css/patterns/reviews-section.css :: .doke-reviews-bar__track | assets/css/pages/detalhe-anuncio-rail-parity.css :: .doke-reviews-bar__track
detalhe-anuncio.html,1024x768,containers/rails,.doke-reviews-bar__track,column-gap,22px,normal,,assets/css/patterns/reviews-section.css :: .doke-reviews-bar__track | assets/css/pages/detalhe-anuncio-rail-parity.css :: .doke-reviews-bar__track
detalhe-anuncio.html,1024x768,containers/rails,.doke-reviews-bar__track,measured-child-gap-x,22,,,assets/css/patterns/reviews-section.css :: .doke-reviews-bar__track | assets/css/pages/detalhe-anuncio-rail-parity.css :: .doke-reviews-bar__track
detalhe-anuncio.html,1024x768,containers/rails,.content-rail.doke-scroll-rail.home-media-rail.home-media-rail--workers.detail-related-media-rail,x,38.72,131,92.28,assets/css/components/shell/doke-shell-contract.css :: .content-rail | assets/css/pages/detalhe-anuncio.css :: .content-rail | assets/css/pages/detalhe-anuncio-rail-parity.css :: .content-rail | assets/css/components/cards/marketplace-card-contract.css :: .content-rail
detalhe-anuncio.html,1024x768,containers/rails,.content-rail.doke-scroll-rail.home-media-rail.home-media-rail--workers.detail-related-media-rail,y,639.17,3064.25,2425.08,assets/css/components/shell/doke-shell-contract.css :: .content-rail | assets/css/pages/detalhe-anuncio.css :: .content-rail | assets/css/pages/detalhe-anuncio-rail-parity.css :: .content-rail | assets/css/components/cards/marketplace-card-contract.css :: .content-rail
detalhe-anuncio.html,1024x768,containers/rails,.content-rail.doke-scroll-rail.home-media-rail.home-media-rail--workers.detail-related-media-rail,width,962.55,762,-200.55,assets/css/components/shell/doke-shell-contract.css :: .content-rail | assets/css/pages/detalhe-anuncio.css :: .content-rail | assets/css/pages/detalhe-anuncio-rail-parity.css :: .content-rail | assets/css/components/cards/marketplace-card-contract.css :: .content-rail
detalhe-anuncio.html,1024x768,containers/rails,.content-rail.doke-scroll-rail.home-media-rail.home-media-rail--workers.detail-related-media-rail,height,594.33,158,-436.33,assets/css/components/shell/doke-shell-contract.css :: .content-rail | assets/css/pages/detalhe-anuncio.css :: .content-rail | assets/css/pages/detalhe-anuncio-rail-parity.css :: .content-rail | assets/css/components/cards/marketplace-card-contract.css :: .content-rail
detalhe-anuncio.html,1024x768,containers/rails,.content-rail.doke-scroll-rail.home-media-rail.home-media-rail--workers.detail-related-media-rail,aspect-ratio,1.62,4.82,3.2,assets/css/components/shell/doke-shell-contract.css :: .content-rail | assets/css/pages/detalhe-anuncio.css :: .content-rail | assets/css/pages/detalhe-anuncio-rail-parity.css :: .content-rail | assets/css/components/cards/marketplace-card-contract.css :: .content-rail
detalhe-anuncio.html,1024x768,containers/rails,.content-rail.doke-scroll-rail.home-media-rail.home-media-rail--workers.detail-related-media-rail,media.height,148,158,10,assets/css/components/shell/doke-shell-contract.css :: .content-rail | assets/css/pages/detalhe-anuncio.css :: .content-rail | assets/css/pages/detalhe-anuncio-rail-parity.css :: .content-rail | assets/css/components/cards/marketplace-card-contract.css :: .content-rail
detalhe-anuncio.html,1024x768,containers/rails,.content-rail.doke-scroll-rail.home-media-rail.home-media-rail--workers.detail-related-media-rail,media.aspect-ratio,6.49,4.82,-1.67,assets/css/components/shell/doke-shell-contract.css :: .content-rail | assets/css/pages/detalhe-anuncio.css :: .content-rail | assets/css/pages/detalhe-anuncio-rail-parity.css :: .content-rail | assets/css/components/cards/marketplace-card-contract.css :: .content-rail
detalhe-anuncio.html,1024x768,containers/rails,.short-videos__track.detail-related-workers__track,x,38.72,131,92.28,assets/css/pages/detalhe-anuncio.css :: .detail-related-workers__track | assets/css/pages/detalhe-anuncio-rail-parity.css :: .detail-related-workers__track | assets/css/components/cards/marketplace-card-contract.css :: .short-videos__track
detalhe-anuncio.html,1024x768,containers/rails,.short-videos__track.detail-related-workers__track,y,639.17,3064.25,2425.08,assets/css/pages/detalhe-anuncio.css :: .detail-related-workers__track | assets/css/pages/detalhe-anuncio-rail-parity.css :: .detail-related-workers__track | assets/css/components/cards/marketplace-card-contract.css :: .short-videos__track
detalhe-anuncio.html,1024x768,containers/rails,.short-videos__track.detail-related-workers__track,width,962.55,762,-200.55,assets/css/pages/detalhe-anuncio.css :: .detail-related-workers__track | assets/css/pages/detalhe-anuncio-rail-parity.css :: .detail-related-workers__track | assets/css/components/cards/marketplace-card-contract.css :: .short-videos__track
detalhe-anuncio.html,1024x768,containers/rails,.short-videos__track.detail-related-workers__track,height,594.33,158,-436.33,assets/css/pages/detalhe-anuncio.css :: .detail-related-workers__track | assets/css/pages/detalhe-anuncio-rail-parity.css :: .detail-related-workers__track | assets/css/components/cards/marketplace-card-contract.css :: .short-videos__track
detalhe-anuncio.html,1024x768,containers/rails,.short-videos__track.detail-related-workers__track,padding.bottom,0,6,6,assets/css/pages/detalhe-anuncio.css :: .detail-related-workers__track | assets/css/pages/detalhe-anuncio-rail-parity.css :: .detail-related-workers__track | assets/css/components/cards/marketplace-card-contract.css :: .short-videos__track
detalhe-anuncio.html,1024x768,containers/rails,.short-videos__track.detail-related-workers__track,aspect-ratio,1.62,4.82,3.2,assets/css/pages/detalhe-anuncio.css :: .detail-related-workers__track | assets/css/pages/detalhe-anuncio-rail-parity.css :: .detail-related-workers__track | assets/css/components/cards/marketplace-card-contract.css :: .short-videos__track
detalhe-anuncio.html,1024x768,containers/rails,.short-videos__track.detail-related-workers__track,gap,14px,10px,-4,assets/css/pages/detalhe-anuncio.css :: .detail-related-workers__track | assets/css/pages/detalhe-anuncio-rail-parity.css :: .detail-related-workers__track | assets/css/components/cards/marketplace-card-contract.css :: .short-videos__track
detalhe-anuncio.html,1024x768,containers/rails,.short-videos__track.detail-related-workers__track,row-gap,14px,10px,-4,assets/css/pages/detalhe-anuncio.css :: .detail-related-workers__track | assets/css/pages/detalhe-anuncio-rail-parity.css :: .detail-related-workers__track | assets/css/components/cards/marketplace-card-contract.css :: .short-videos__track
detalhe-anuncio.html,1024x768,containers/rails,.short-videos__track.detail-related-workers__track,column-gap,14px,10px,-4,assets/css/pages/detalhe-anuncio.css :: .detail-related-workers__track | assets/css/pages/detalhe-anuncio-rail-parity.css :: .detail-related-workers__track | assets/css/components/cards/marketplace-card-contract.css :: .short-videos__track
detalhe-anuncio.html,1024x768,containers/rails,.short-videos__track.detail-related-workers__track,measured-child-gap-x,14,10,-4,assets/css/pages/detalhe-anuncio.css :: .detail-related-workers__track | assets/css/pages/detalhe-anuncio-rail-parity.css :: .detail-related-workers__track | assets/css/components/cards/marketplace-card-contract.css :: .short-videos__track
detalhe-anuncio.html,1024x768,containers/rails,.short-videos__track.detail-related-workers__track,media.height,148,152,4,assets/css/pages/detalhe-anuncio.css :: .detail-related-workers__track | assets/css/pages/detalhe-anuncio-rail-parity.css :: .detail-related-workers__track | assets/css/components/cards/marketplace-card-contract.css :: .short-videos__track
detalhe-anuncio.html,1024x768,containers/rails,.short-videos__track.detail-related-workers__track,media.aspect-ratio,6.49,0.78,-5.71,assets/css/pages/detalhe-anuncio.css :: .detail-related-workers__track | assets/css/pages/detalhe-anuncio-rail-parity.css :: .detail-related-workers__track | assets/css/components/cards/marketplace-card-contract.css :: .short-videos__track
detalhe-anuncio.html,1024x768,containers/rails,.short-videos__track.detail-related-workers__track,media.border-radius,0px,14px,,assets/css/pages/detalhe-anuncio.css :: .detail-related-workers__track | assets/css/pages/detalhe-anuncio-rail-parity.css :: .detail-related-workers__track | assets/css/components/cards/marketplace-card-contract.css :: .short-videos__track
detalhe-anuncio.html,1024x768,containers/rails,.content-rail.doke-scroll-rail.home-media-rail.home-media-rail--publications.detail-related-media-rail,x,38.72,131,92.28,assets/css/components/shell/doke-shell-contract.css :: .content-rail | assets/css/pages/detalhe-anuncio.css :: .content-rail | assets/css/pages/detalhe-anuncio-rail-parity.css :: .content-rail | assets/css/components/cards/marketplace-card-contract.css :: .content-rail
detalhe-anuncio.html,1024x768,containers/rails,.content-rail.doke-scroll-rail.home-media-rail.home-media-rail--publications.detail-related-media-rail,y,1294.95,3297.13,2002.18,assets/css/components/shell/doke-shell-contract.css :: .content-rail | assets/css/pages/detalhe-anuncio.css :: .content-rail | assets/css/pages/detalhe-anuncio-rail-parity.css :: .content-rail | assets/css/components/cards/marketplace-card-contract.css :: .content-rail
detalhe-anuncio.html,1024x768,containers/rails,.content-rail.doke-scroll-rail.home-media-rail.home-media-rail--publications.detail-related-media-rail,width,962.55,762,-200.55,assets/css/components/shell/doke-shell-contract.css :: .content-rail | assets/css/pages/detalhe-anuncio.css :: .content-rail | assets/css/pages/detalhe-anuncio-rail-parity.css :: .content-rail | assets/css/components/cards/marketplace-card-contract.css :: .content-rail
detalhe-anuncio.html,1024x768,containers/rails,.content-rail.doke-scroll-rail.home-media-rail.home-media-rail--publications.detail-related-media-rail,height,357.36,277.95,-79.41,assets/css/components/shell/doke-shell-contract.css :: .content-rail | assets/css/pages/detalhe-anuncio.css :: .content-rail | assets/css/pages/detalhe-anuncio-rail-parity.css :: .content-rail | assets/css/components/cards/marketplace-card-contract.css :: .content-rail
detalhe-anuncio.html,1024x768,containers/rails,.content-rail.doke-scroll-rail.home-media-rail.home-media-rail--publications.detail-related-media-rail,padding.right,68,0,-68,assets/css/components/shell/doke-shell-contract.css :: .content-rail | assets/css/pages/detalhe-anuncio.css :: .content-rail | assets/css/pages/detalhe-anuncio-rail-parity.css :: .content-rail | assets/css/components/cards/marketplace-card-contract.css :: .content-rail
detalhe-anuncio.html,1024x768,containers/rails,.content-rail.doke-scroll-rail.home-media-rail.home-media-rail--publications.detail-related-media-rail,padding.left,68,0,-68,assets/css/components/shell/doke-shell-contract.css :: .content-rail | assets/css/pages/detalhe-anuncio.css :: .content-rail | assets/css/pages/detalhe-anuncio-rail-parity.css :: .content-rail | assets/css/components/cards/marketplace-card-contract.css :: .content-rail
detalhe-anuncio.html,1024x768,containers/rails,.content-rail.doke-scroll-rail.home-media-rail.home-media-rail--publications.detail-related-media-rail,aspect-ratio,2.69,2.74,0.05,assets/css/components/shell/doke-shell-contract.css :: .content-rail | assets/css/pages/detalhe-anuncio.css :: .content-rail | assets/css/pages/detalhe-anuncio-rail-parity.css :: .content-rail | assets/css/components/cards/marketplace-card-contract.css :: .content-rail
detalhe-anuncio.html,1024x768,containers/rails,.content-rail.doke-scroll-rail.home-media-rail.home-media-rail--publications.detail-related-media-rail,media.height,357.36,277.95,-79.41,assets/css/components/shell/doke-shell-contract.css :: .content-rail | assets/css/pages/detalhe-anuncio.css :: .content-rail | assets/css/pages/detalhe-anuncio-rail-parity.css :: .content-rail | assets/css/components/cards/marketplace-card-contract.css :: .content-rail
detalhe-anuncio.html,1024x768,containers/rails,.content-rail.doke-scroll-rail.home-media-rail.home-media-rail--publications.detail-related-media-rail,media.aspect-ratio,2.69,2.74,0.05,assets/css/components/shell/doke-shell-contract.css :: .content-rail | assets/css/pages/detalhe-anuncio.css :: .content-rail | assets/css/pages/detalhe-anuncio-rail-parity.css :: .content-rail | assets/css/components/cards/marketplace-card-contract.css :: .content-rail
detalhe-anuncio.html,1024x768,containers/rails,.publication-grid.detail-related-publications__track,x,106.72,131,24.28,assets/css/pages/detalhe-anuncio.css :: .detail-related-publications__track | assets/css/pages/detalhe-anuncio-rail-parity.css :: .detail-related-publications__track | assets/css/components/cards/marketplace-card-contract.css :: .publication-grid
detalhe-anuncio.html,1024x768,containers/rails,.publication-grid.detail-related-publications__track,y,1294.95,3297.13,2002.18,assets/css/pages/detalhe-anuncio.css :: .detail-related-publications__track | assets/css/pages/detalhe-anuncio-rail-parity.css :: .detail-related-publications__track | assets/css/components/cards/marketplace-card-contract.css :: .publication-grid
detalhe-anuncio.html,1024x768,containers/rails,.publication-grid.detail-related-publications__track,width,826.55,762,-64.55,assets/css/pages/detalhe-anuncio.css :: .detail-related-publications__track | assets/css/pages/detalhe-anuncio-rail-parity.css :: .detail-related-publications__track | assets/css/components/cards/marketplace-card-contract.css :: .publication-grid
detalhe-anuncio.html,1024x768,containers/rails,.publication-grid.detail-related-publications__track,height,357.36,277.95,-79.41,assets/css/pages/detalhe-anuncio.css :: .detail-related-publications__track | assets/css/pages/detalhe-anuncio-rail-parity.css :: .detail-related-publications__track | assets/css/components/cards/marketplace-card-contract.css :: .publication-grid
detalhe-anuncio.html,1024x768,containers/rails,.publication-grid.detail-related-publications__track,padding.top,4,0,-4,assets/css/pages/detalhe-anuncio.css :: .detail-related-publications__track | assets/css/pages/detalhe-anuncio-rail-parity.css :: .detail-related-publications__track | assets/css/components/cards/marketplace-card-contract.css :: .publication-grid
detalhe-anuncio.html,1024x768,containers/rails,.publication-grid.detail-related-publications__track,padding.bottom,10,6,-4,assets/css/pages/detalhe-anuncio.css :: .detail-related-publications__track | assets/css/pages/detalhe-anuncio-rail-parity.css :: .detail-related-publications__track | assets/css/components/cards/marketplace-card-contract.css :: .publication-grid
detalhe-anuncio.html,1024x768,containers/rails,.publication-grid.detail-related-publications__track,aspect-ratio,2.31,2.74,0.43,assets/css/pages/detalhe-anuncio.css :: .detail-related-publications__track | assets/css/pages/detalhe-anuncio-rail-parity.css :: .detail-related-publications__track | assets/css/components/cards/marketplace-card-contract.css :: .publication-grid
detalhe-anuncio.html,1024x768,containers/rails,.publication-grid.detail-related-publications__track,gap,18px,10px,-8,assets/css/pages/detalhe-anuncio.css :: .detail-related-publications__track | assets/css/pages/detalhe-anuncio-rail-parity.css :: .detail-related-publications__track | assets/css/components/cards/marketplace-card-contract.css :: .publication-grid
detalhe-anuncio.html,1024x768,containers/rails,.publication-grid.detail-related-publications__track,row-gap,18px,10px,-8,assets/css/pages/detalhe-anuncio.css :: .detail-related-publications__track | assets/css/pages/detalhe-anuncio-rail-parity.css :: .detail-related-publications__track | assets/css/components/cards/marketplace-card-contract.css :: .publication-grid
detalhe-anuncio.html,1024x768,containers/rails,.publication-grid.detail-related-publications__track,column-gap,18px,10px,-8,assets/css/pages/detalhe-anuncio.css :: .detail-related-publications__track | assets/css/pages/detalhe-anuncio-rail-parity.css :: .detail-related-publications__track | assets/css/components/cards/marketplace-card-contract.css :: .publication-grid
detalhe-anuncio.html,1024x768,containers/rails,.publication-grid.detail-related-publications__track,measured-child-gap-x,18,10,-8,assets/css/pages/detalhe-anuncio.css :: .detail-related-publications__track | assets/css/pages/detalhe-anuncio-rail-parity.css :: .detail-related-publications__track | assets/css/components/cards/marketplace-card-contract.css :: .publication-grid
detalhe-anuncio.html,1024x768,containers/rails,.publication-grid.detail-related-publications__track,media.height,343.36,164,-179.36,assets/css/pages/detalhe-anuncio.css :: .detail-related-publications__track | assets/css/pages/detalhe-anuncio-rail-parity.css :: .detail-related-publications__track | assets/css/components/cards/marketplace-card-contract.css :: .publication-grid
detalhe-anuncio.html,1024x768,containers/rails,.publication-grid.detail-related-publications__track,media.aspect-ratio,0.56,1.07,0.51,assets/css/pages/detalhe-anuncio.css :: .detail-related-publications__track | assets/css/pages/detalhe-anuncio-rail-parity.css :: .detail-related-publications__track | assets/css/components/cards/marketplace-card-contract.css :: .publication-grid
detalhe-anuncio.html,1024x768,containers/rails,.publication-grid.detail-related-publications__track,media.border-radius,24px,22px 22px 0px 0px,,assets/css/pages/detalhe-anuncio.css :: .detail-related-publications__track | assets/css/pages/detalhe-anuncio-rail-parity.css :: .detail-related-publications__track | assets/css/components/cards/marketplace-card-contract.css :: .publication-grid
detalhe-anuncio.html,1024x768,doke-ad-card,.doke-ad-card.doke-ad-card--similar,x,38.72,131,92.28,assets/css/components/shell/doke-shell-contract.css :: .doke-ad-card | assets/css/pages/detalhe-anuncio.css :: .doke-ad-card | assets/css/pages/detalhe-anuncio-rail-parity.css :: .doke-ad-card | assets/css/components/cards/marketplace-card-contract.css :: .doke-ad-card
detalhe-anuncio.html,1024x768,doke-ad-card,.doke-ad-card.doke-ad-card--similar,y,639.17,3684.05,3044.88,assets/css/components/shell/doke-shell-contract.css :: .doke-ad-card | assets/css/pages/detalhe-anuncio.css :: .doke-ad-card | assets/css/pages/detalhe-anuncio-rail-parity.css :: .doke-ad-card | assets/css/components/cards/marketplace-card-contract.css :: .doke-ad-card
detalhe-anuncio.html,1024x768,doke-ad-card,.doke-ad-card.doke-ad-card--similar,width,962.55,361.25,-601.3,assets/css/components/shell/doke-shell-contract.css :: .doke-ad-card | assets/css/pages/detalhe-anuncio.css :: .doke-ad-card | assets/css/pages/detalhe-anuncio-rail-parity.css :: .doke-ad-card | assets/css/components/cards/marketplace-card-contract.css :: .doke-ad-card
detalhe-anuncio.html,1024x768,doke-ad-card,.doke-ad-card.doke-ad-card--similar,height,554.88,457.39,-97.49,assets/css/components/shell/doke-shell-contract.css :: .doke-ad-card | assets/css/pages/detalhe-anuncio.css :: .doke-ad-card | assets/css/pages/detalhe-anuncio-rail-parity.css :: .doke-ad-card | assets/css/components/cards/marketplace-card-contract.css :: .doke-ad-card
detalhe-anuncio.html,1024x768,doke-ad-card,.doke-ad-card.doke-ad-card--similar,border-radius,24px,22px,,assets/css/components/shell/doke-shell-contract.css :: .doke-ad-card | assets/css/pages/detalhe-anuncio.css :: .doke-ad-card | assets/css/pages/detalhe-anuncio-rail-parity.css :: .doke-ad-card | assets/css/components/cards/marketplace-card-contract.css :: .doke-ad-card
detalhe-anuncio.html,1024x768,doke-ad-card,.doke-ad-card.doke-ad-card--similar,box-shadow,"rgba(19, 48, 82, 0.08) 0px 10px 28px 0px","rgba(15, 45, 75, 0.043) 0px 8px 24px 0px",,assets/css/components/shell/doke-shell-contract.css :: .doke-ad-card | assets/css/pages/detalhe-anuncio.css :: .doke-ad-card | assets/css/pages/detalhe-anuncio-rail-parity.css :: .doke-ad-card | assets/css/components/cards/marketplace-card-contract.css :: .doke-ad-card
detalhe-anuncio.html,1024x768,doke-ad-card,.doke-ad-card.doke-ad-card--similar,aspect-ratio,1.73,0.79,-0.94,assets/css/components/shell/doke-shell-contract.css :: .doke-ad-card | assets/css/pages/detalhe-anuncio.css :: .doke-ad-card | assets/css/pages/detalhe-anuncio-rail-parity.css :: .doke-ad-card | assets/css/components/cards/marketplace-card-contract.css :: .doke-ad-card
detalhe-anuncio.html,1024x768,doke-ad-card,.doke-ad-card.doke-ad-card--similar,media.height,148,184,36,assets/css/components/shell/doke-shell-contract.css :: .doke-ad-card | assets/css/pages/detalhe-anuncio.css :: .doke-ad-card | assets/css/pages/detalhe-anuncio-rail-parity.css :: .doke-ad-card | assets/css/components/cards/marketplace-card-contract.css :: .doke-ad-card
detalhe-anuncio.html,1024x768,doke-ad-card,.doke-ad-card.doke-ad-card--similar,media.aspect-ratio,6.49,1.95,-4.54,assets/css/components/shell/doke-shell-contract.css :: .doke-ad-card | assets/css/pages/detalhe-anuncio.css :: .doke-ad-card | assets/css/pages/detalhe-anuncio-rail-parity.css :: .doke-ad-card | assets/css/components/cards/marketplace-card-contract.css :: .doke-ad-card
detalhe-anuncio.html,1024x768,doke-ad-card,.doke-ad-card.doke-ad-card--similar,texto cortado,false,true,,assets/css/components/shell/doke-shell-contract.css :: .doke-ad-card | assets/css/pages/detalhe-anuncio.css :: .doke-ad-card | assets/css/pages/detalhe-anuncio-rail-parity.css :: .doke-ad-card | assets/css/components/cards/marketplace-card-contract.css :: .doke-ad-card
detalhe-anuncio.html,1024x768,doke-ad-card,.doke-ad-card.doke-ad-card--similar,x,1015.27,510.25,-505.02,assets/css/components/shell/doke-shell-contract.css :: .doke-ad-card | assets/css/pages/detalhe-anuncio.css :: .doke-ad-card | assets/css/pages/detalhe-anuncio-rail-parity.css :: .doke-ad-card | assets/css/components/cards/marketplace-card-contract.css :: .doke-ad-card
detalhe-anuncio.html,1024x768,doke-ad-card,.doke-ad-card.doke-ad-card--similar,y,639.17,3684.05,3044.88,assets/css/components/shell/doke-shell-contract.css :: .doke-ad-card | assets/css/pages/detalhe-anuncio.css :: .doke-ad-card | assets/css/pages/detalhe-anuncio-rail-parity.css :: .doke-ad-card | assets/css/components/cards/marketplace-card-contract.css :: .doke-ad-card
detalhe-anuncio.html,1024x768,doke-ad-card,.doke-ad-card.doke-ad-card--similar,width,962.55,361.25,-601.3,assets/css/components/shell/doke-shell-contract.css :: .doke-ad-card | assets/css/pages/detalhe-anuncio.css :: .doke-ad-card | assets/css/pages/detalhe-anuncio-rail-parity.css :: .doke-ad-card | assets/css/components/cards/marketplace-card-contract.css :: .doke-ad-card
detalhe-anuncio.html,1024x768,doke-ad-card,.doke-ad-card.doke-ad-card--similar,height,560.89,457.39,-103.5,assets/css/components/shell/doke-shell-contract.css :: .doke-ad-card | assets/css/pages/detalhe-anuncio.css :: .doke-ad-card | assets/css/pages/detalhe-anuncio-rail-parity.css :: .doke-ad-card | assets/css/components/cards/marketplace-card-contract.css :: .doke-ad-card
detalhe-anuncio.html,1024x768,doke-ad-card,.doke-ad-card.doke-ad-card--similar,border-radius,24px,22px,,assets/css/components/shell/doke-shell-contract.css :: .doke-ad-card | assets/css/pages/detalhe-anuncio.css :: .doke-ad-card | assets/css/pages/detalhe-anuncio-rail-parity.css :: .doke-ad-card | assets/css/components/cards/marketplace-card-contract.css :: .doke-ad-card
detalhe-anuncio.html,1024x768,doke-ad-card,.doke-ad-card.doke-ad-card--similar,box-shadow,"rgba(19, 48, 82, 0.08) 0px 10px 28px 0px","rgba(15, 45, 75, 0.043) 0px 8px 24px 0px",,assets/css/components/shell/doke-shell-contract.css :: .doke-ad-card | assets/css/pages/detalhe-anuncio.css :: .doke-ad-card | assets/css/pages/detalhe-anuncio-rail-parity.css :: .doke-ad-card | assets/css/components/cards/marketplace-card-contract.css :: .doke-ad-card
detalhe-anuncio.html,1024x768,doke-ad-card,.doke-ad-card.doke-ad-card--similar,aspect-ratio,1.72,0.79,-0.93,assets/css/components/shell/doke-shell-contract.css :: .doke-ad-card | assets/css/pages/detalhe-anuncio.css :: .doke-ad-card | assets/css/pages/detalhe-anuncio-rail-parity.css :: .doke-ad-card | assets/css/components/cards/marketplace-card-contract.css :: .doke-ad-card
detalhe-anuncio.html,1024x768,doke-ad-card,.doke-ad-card.doke-ad-card--similar,media.height,148,184,36,assets/css/components/shell/doke-shell-contract.css :: .doke-ad-card | assets/css/pages/detalhe-anuncio.css :: .doke-ad-card | assets/css/pages/detalhe-anuncio-rail-parity.css :: .doke-ad-card | assets/css/components/cards/marketplace-card-contract.css :: .doke-ad-card
detalhe-anuncio.html,1024x768,doke-ad-card,.doke-ad-card.doke-ad-card--similar,media.aspect-ratio,6.49,1.95,-4.54,assets/css/components/shell/doke-shell-contract.css :: .doke-ad-card | assets/css/pages/detalhe-anuncio.css :: .doke-ad-card | assets/css/pages/detalhe-anuncio-rail-parity.css :: .doke-ad-card | assets/css/components/cards/marketplace-card-contract.css :: .doke-ad-card
detalhe-anuncio.html,1024x768,doke-ad-card,.doke-ad-card.doke-ad-card--similar,texto cortado,false,true,,assets/css/components/shell/doke-shell-contract.css :: .doke-ad-card | assets/css/pages/detalhe-anuncio.css :: .doke-ad-card | assets/css/pages/detalhe-anuncio-rail-parity.css :: .doke-ad-card | assets/css/components/cards/marketplace-card-contract.css :: .doke-ad-card
detalhe-anuncio.html,1024x768,doke-ad-card,.doke-ad-card.doke-ad-card--similar,x,1991.81,131,-1860.81,assets/css/components/shell/doke-shell-contract.css :: .doke-ad-card | assets/css/pages/detalhe-anuncio.css :: .doke-ad-card | assets/css/pages/detalhe-anuncio-rail-parity.css :: .doke-ad-card | assets/css/components/cards/marketplace-card-contract.css :: .doke-ad-card
detalhe-anuncio.html,1024x768,doke-ad-card,.doke-ad-card.doke-ad-card--similar,y,639.17,4159.44,3520.27,assets/css/components/shell/doke-shell-contract.css :: .doke-ad-card | assets/css/pages/detalhe-anuncio.css :: .doke-ad-card | assets/css/pages/detalhe-anuncio-rail-parity.css :: .doke-ad-card | assets/css/components/cards/marketplace-card-contract.css :: .doke-ad-card
detalhe-anuncio.html,1024x768,doke-ad-card,.doke-ad-card.doke-ad-card--similar,width,962.55,361.25,-601.3,assets/css/components/shell/doke-shell-contract.css :: .doke-ad-card | assets/css/pages/detalhe-anuncio.css :: .doke-ad-card | assets/css/pages/detalhe-anuncio-rail-parity.css :: .doke-ad-card | assets/css/components/cards/marketplace-card-contract.css :: .doke-ad-card
detalhe-anuncio.html,1024x768,doke-ad-card,.doke-ad-card.doke-ad-card--similar,height,594.33,457.39,-136.94,assets/css/components/shell/doke-shell-contract.css :: .doke-ad-card | assets/css/pages/detalhe-anuncio.css :: .doke-ad-card | assets/css/pages/detalhe-anuncio-rail-parity.css :: .doke-ad-card | assets/css/components/cards/marketplace-card-contract.css :: .doke-ad-card
detalhe-anuncio.html,1024x768,doke-ad-card,.doke-ad-card.doke-ad-card--similar,border-radius,24px,22px,,assets/css/components/shell/doke-shell-contract.css :: .doke-ad-card | assets/css/pages/detalhe-anuncio.css :: .doke-ad-card | assets/css/pages/detalhe-anuncio-rail-parity.css :: .doke-ad-card | assets/css/components/cards/marketplace-card-contract.css :: .doke-ad-card
detalhe-anuncio.html,1024x768,doke-ad-card,.doke-ad-card.doke-ad-card--similar,box-shadow,"rgba(19, 48, 82, 0.08) 0px 10px 28px 0px","rgba(15, 45, 75, 0.043) 0px 8px 24px 0px",,assets/css/components/shell/doke-shell-contract.css :: .doke-ad-card | assets/css/pages/detalhe-anuncio.css :: .doke-ad-card | assets/css/pages/detalhe-anuncio-rail-parity.css :: .doke-ad-card | assets/css/components/cards/marketplace-card-contract.css :: .doke-ad-card
detalhe-anuncio.html,1024x768,doke-ad-card,.doke-ad-card.doke-ad-card--similar,aspect-ratio,1.62,0.79,-0.83,assets/css/components/shell/doke-shell-contract.css :: .doke-ad-card | assets/css/pages/detalhe-anuncio.css :: .doke-ad-card | assets/css/pages/detalhe-anuncio-rail-parity.css :: .doke-ad-card | assets/css/components/cards/marketplace-card-contract.css :: .doke-ad-card
detalhe-anuncio.html,1024x768,doke-ad-card,.doke-ad-card.doke-ad-card--similar,media.height,148,184,36,assets/css/components/shell/doke-shell-contract.css :: .doke-ad-card | assets/css/pages/detalhe-anuncio.css :: .doke-ad-card | assets/css/pages/detalhe-anuncio-rail-parity.css :: .doke-ad-card | assets/css/components/cards/marketplace-card-contract.css :: .doke-ad-card
detalhe-anuncio.html,1024x768,doke-ad-card,.doke-ad-card.doke-ad-card--similar,media.aspect-ratio,6.49,1.95,-4.54,assets/css/components/shell/doke-shell-contract.css :: .doke-ad-card | assets/css/pages/detalhe-anuncio.css :: .doke-ad-card | assets/css/pages/detalhe-anuncio-rail-parity.css :: .doke-ad-card | assets/css/components/cards/marketplace-card-contract.css :: .doke-ad-card
detalhe-anuncio.html,1024x768,doke-ad-card,.doke-ad-card.doke-ad-card--similar,texto cortado,false,true,,assets/css/components/shell/doke-shell-contract.css :: .doke-ad-card | assets/css/pages/detalhe-anuncio.css :: .doke-ad-card | assets/css/pages/detalhe-anuncio-rail-parity.css :: .doke-ad-card | assets/css/components/cards/marketplace-card-contract.css :: .doke-ad-card
detalhe-anuncio.html,1024x768,doke-ad-card,.doke-ad-card.doke-ad-card--similar,x,38.72,510.25,471.53,assets/css/components/shell/doke-shell-contract.css :: .doke-ad-card | assets/css/pages/detalhe-anuncio.css :: .doke-ad-card | assets/css/pages/detalhe-anuncio-rail-parity.css :: .doke-ad-card | assets/css/components/cards/marketplace-card-contract.css :: .doke-ad-card
detalhe-anuncio.html,1024x768,doke-ad-card,.doke-ad-card.doke-ad-card--similar,y,2244.45,4159.44,1914.99,assets/css/components/shell/doke-shell-contract.css :: .doke-ad-card | assets/css/pages/detalhe-anuncio.css :: .doke-ad-card | assets/css/pages/detalhe-anuncio-rail-parity.css :: .doke-ad-card | assets/css/components/cards/marketplace-card-contract.css :: .doke-ad-card
detalhe-anuncio.html,1024x768,doke-ad-card,.doke-ad-card.doke-ad-card--similar,width,472.27,361.25,-111.02,assets/css/components/shell/doke-shell-contract.css :: .doke-ad-card | assets/css/pages/detalhe-anuncio.css :: .doke-ad-card | assets/css/pages/detalhe-anuncio-rail-parity.css :: .doke-ad-card | assets/css/components/cards/marketplace-card-contract.css :: .doke-ad-card
detalhe-anuncio.html,1024x768,doke-ad-card,.doke-ad-card.doke-ad-card--similar,height,561.39,457.39,-104,assets/css/components/shell/doke-shell-contract.css :: .doke-ad-card | assets/css/pages/detalhe-anuncio.css :: .doke-ad-card | assets/css/pages/detalhe-anuncio-rail-parity.css :: .doke-ad-card | assets/css/components/cards/marketplace-card-contract.css :: .doke-ad-card
detalhe-anuncio.html,1024x768,doke-ad-card,.doke-ad-card.doke-ad-card--similar,border-radius,24px,22px,,assets/css/components/shell/doke-shell-contract.css :: .doke-ad-card | assets/css/pages/detalhe-anuncio.css :: .doke-ad-card | assets/css/pages/detalhe-anuncio-rail-parity.css :: .doke-ad-card | assets/css/components/cards/marketplace-card-contract.css :: .doke-ad-card
detalhe-anuncio.html,1024x768,doke-ad-card,.doke-ad-card.doke-ad-card--similar,box-shadow,"rgba(19, 48, 82, 0.08) 0px 10px 28px 0px","rgba(15, 45, 75, 0.043) 0px 8px 24px 0px",,assets/css/components/shell/doke-shell-contract.css :: .doke-ad-card | assets/css/pages/detalhe-anuncio.css :: .doke-ad-card | assets/css/pages/detalhe-anuncio-rail-parity.css :: .doke-ad-card | assets/css/components/cards/marketplace-card-contract.css :: .doke-ad-card
detalhe-anuncio.html,1024x768,doke-ad-card,.doke-ad-card.doke-ad-card--similar,aspect-ratio,0.84,0.79,-0.05,assets/css/components/shell/doke-shell-contract.css :: .doke-ad-card | assets/css/pages/detalhe-anuncio.css :: .doke-ad-card | assets/css/pages/detalhe-anuncio-rail-parity.css :: .doke-ad-card | assets/css/components/cards/marketplace-card-contract.css :: .doke-ad-card
detalhe-anuncio.html,1024x768,doke-ad-card,.doke-ad-card.doke-ad-card--similar,media.height,146,184,38,assets/css/components/shell/doke-shell-contract.css :: .doke-ad-card | assets/css/pages/detalhe-anuncio.css :: .doke-ad-card | assets/css/pages/detalhe-anuncio-rail-parity.css :: .doke-ad-card | assets/css/components/cards/marketplace-card-contract.css :: .doke-ad-card
detalhe-anuncio.html,1024x768,doke-ad-card,.doke-ad-card.doke-ad-card--similar,media.aspect-ratio,3.22,1.95,-1.27,assets/css/components/shell/doke-shell-contract.css :: .doke-ad-card | assets/css/pages/detalhe-anuncio.css :: .doke-ad-card | assets/css/pages/detalhe-anuncio-rail-parity.css :: .doke-ad-card | assets/css/components/cards/marketplace-card-contract.css :: .doke-ad-card
detalhe-anuncio.html,1024x768,doke-ad-card,.doke-ad-card.doke-ad-card--similar,texto cortado,false,true,,assets/css/components/shell/doke-shell-contract.css :: .doke-ad-card | assets/css/pages/detalhe-anuncio.css :: .doke-ad-card | assets/css/pages/detalhe-anuncio-rail-parity.css :: .doke-ad-card | assets/css/components/cards/marketplace-card-contract.css :: .doke-ad-card
detalhe-anuncio.html,1024x768,publication-card,.publication-card.publication-card--photo.doke-card,x,106.72,131,24.28,assets/css/components/shell/doke-shell-contract.css :: .doke-card | assets/css/components/shell/mobile-base-stability.css :: .doke-card | assets/css/components/cards/publication-card.css :: .publication-card | assets/css/pages/detalhe-anuncio.css :: .publication-card | assets/css/pages/detalhe-anuncio-rail-parity.css :: .publication-card | assets/css/components/cards/marketplace-card-contract.css :: .publication-card
detalhe-anuncio.html,1024x768,publication-card,.publication-card.publication-card--photo.doke-card,y,1713.77,3297.13,1583.36,assets/css/components/shell/doke-shell-contract.css :: .doke-card | assets/css/components/shell/mobile-base-stability.css :: .doke-card | assets/css/components/cards/publication-card.css :: .publication-card | assets/css/pages/detalhe-anuncio.css :: .publication-card | assets/css/pages/detalhe-anuncio-rail-parity.css :: .publication-card | assets/css/components/cards/marketplace-card-contract.css :: .publication-card
detalhe-anuncio.html,1024x768,publication-card,.publication-card.publication-card--photo.doke-card,width,826.55,176,-650.55,assets/css/components/shell/doke-shell-contract.css :: .doke-card | assets/css/components/shell/mobile-base-stability.css :: .doke-card | assets/css/components/cards/publication-card.css :: .publication-card | assets/css/pages/detalhe-anuncio.css :: .publication-card | assets/css/pages/detalhe-anuncio-rail-parity.css :: .publication-card | assets/css/components/cards/marketplace-card-contract.css :: .publication-card
detalhe-anuncio.html,1024x768,publication-card,.publication-card.publication-card--photo.doke-card,height,371.88,271.95,-99.93,assets/css/components/shell/doke-shell-contract.css :: .doke-card | assets/css/components/shell/mobile-base-stability.css :: .doke-card | assets/css/components/cards/publication-card.css :: .publication-card | assets/css/pages/detalhe-anuncio.css :: .publication-card | assets/css/pages/detalhe-anuncio-rail-parity.css :: .publication-card | assets/css/components/cards/marketplace-card-contract.css :: .publication-card
detalhe-anuncio.html,1024x768,publication-card,.publication-card.publication-card--photo.doke-card,border-radius,24px,0px,,assets/css/components/shell/doke-shell-contract.css :: .doke-card | assets/css/components/shell/mobile-base-stability.css :: .doke-card | assets/css/components/cards/publication-card.css :: .publication-card | assets/css/pages/detalhe-anuncio.css :: .publication-card | assets/css/pages/detalhe-anuncio-rail-parity.css :: .publication-card | assets/css/components/cards/marketplace-card-contract.css :: .publication-card
detalhe-anuncio.html,1024x768,publication-card,.publication-card.publication-card--photo.doke-card,box-shadow,"rgba(19, 48, 82, 0.08) 0px 10px 28px 0px",none,,assets/css/components/shell/doke-shell-contract.css :: .doke-card | assets/css/components/shell/mobile-base-stability.css :: .doke-card | assets/css/components/cards/publication-card.css :: .publication-card | assets/css/pages/detalhe-anuncio.css :: .publication-card | assets/css/pages/detalhe-anuncio-rail-parity.css :: .publication-card | assets/css/components/cards/marketplace-card-contract.css :: .publication-card
detalhe-anuncio.html,1024x768,publication-card,.publication-card.publication-card--photo.doke-card,aspect-ratio,2.22,0.65,-1.57,assets/css/components/shell/doke-shell-contract.css :: .doke-card | assets/css/components/shell/mobile-base-stability.css :: .doke-card | assets/css/components/cards/publication-card.css :: .publication-card | assets/css/pages/detalhe-anuncio.css :: .publication-card | assets/css/pages/detalhe-anuncio-rail-parity.css :: .publication-card | assets/css/components/cards/marketplace-card-contract.css :: .publication-card
detalhe-anuncio.html,1024x768,publication-card,.publication-card.publication-card--photo.doke-card,media.height,204.8,164,-40.8,assets/css/components/shell/doke-shell-contract.css :: .doke-card | assets/css/components/shell/mobile-base-stability.css :: .doke-card | assets/css/components/cards/publication-card.css :: .publication-card | assets/css/pages/detalhe-anuncio.css :: .publication-card | assets/css/pages/detalhe-anuncio-rail-parity.css :: .publication-card | assets/css/components/cards/marketplace-card-contract.css :: .publication-card
detalhe-anuncio.html,1024x768,publication-card,.publication-card.publication-card--photo.doke-card,media.aspect-ratio,3.93,1.07,-2.86,assets/css/components/shell/doke-shell-contract.css :: .doke-card | assets/css/components/shell/mobile-base-stability.css :: .doke-card | assets/css/components/cards/publication-card.css :: .publication-card | assets/css/pages/detalhe-anuncio.css :: .publication-card | assets/css/pages/detalhe-anuncio-rail-parity.css :: .publication-card | assets/css/components/cards/marketplace-card-contract.css :: .publication-card
detalhe-anuncio.html,1024x768,publication-card,.publication-card.publication-card--photo.doke-card,media.border-radius,18px,22px 22px 0px 0px,,assets/css/components/shell/doke-shell-contract.css :: .doke-card | assets/css/components/shell/mobile-base-stability.css :: .doke-card | assets/css/components/cards/publication-card.css :: .publication-card | assets/css/pages/detalhe-anuncio.css :: .publication-card | assets/css/pages/detalhe-anuncio-rail-parity.css :: .publication-card | assets/css/components/cards/marketplace-card-contract.css :: .publication-card
detalhe-anuncio.html,1024x768,publication-card,.publication-card.publication-card--video.doke-card,x,947.27,317,-630.27,assets/css/components/shell/doke-shell-contract.css :: .doke-card | assets/css/components/shell/mobile-base-stability.css :: .doke-card | assets/css/components/cards/publication-card.css :: .publication-card | assets/css/pages/detalhe-anuncio.css :: .publication-card | assets/css/pages/detalhe-anuncio-rail-parity.css :: .publication-card | assets/css/components/cards/marketplace-card-contract.css :: .publication-card
detalhe-anuncio.html,1024x768,publication-card,.publication-card.publication-card--video.doke-card,y,1713.77,3297.13,1583.36,assets/css/components/shell/doke-shell-contract.css :: .doke-card | assets/css/components/shell/mobile-base-stability.css :: .doke-card | assets/css/components/cards/publication-card.css :: .publication-card | assets/css/pages/detalhe-anuncio.css :: .publication-card | assets/css/pages/detalhe-anuncio-rail-parity.css :: .publication-card | assets/css/components/cards/marketplace-card-contract.css :: .publication-card
detalhe-anuncio.html,1024x768,publication-card,.publication-card.publication-card--video.doke-card,width,826.55,176,-650.55,assets/css/components/shell/doke-shell-contract.css :: .doke-card | assets/css/components/shell/mobile-base-stability.css :: .doke-card | assets/css/components/cards/publication-card.css :: .publication-card | assets/css/pages/detalhe-anuncio.css :: .publication-card | assets/css/pages/detalhe-anuncio-rail-parity.css :: .publication-card | assets/css/components/cards/marketplace-card-contract.css :: .publication-card
detalhe-anuncio.html,1024x768,publication-card,.publication-card.publication-card--video.doke-card,height,365.8,271.95,-93.85,assets/css/components/shell/doke-shell-contract.css :: .doke-card | assets/css/components/shell/mobile-base-stability.css :: .doke-card | assets/css/components/cards/publication-card.css :: .publication-card | assets/css/pages/detalhe-anuncio.css :: .publication-card | assets/css/pages/detalhe-anuncio-rail-parity.css :: .publication-card | assets/css/components/cards/marketplace-card-contract.css :: .publication-card
detalhe-anuncio.html,1024x768,publication-card,.publication-card.publication-card--video.doke-card,border-radius,24px,0px,,assets/css/components/shell/doke-shell-contract.css :: .doke-card | assets/css/components/shell/mobile-base-stability.css :: .doke-card | assets/css/components/cards/publication-card.css :: .publication-card | assets/css/pages/detalhe-anuncio.css :: .publication-card | assets/css/pages/detalhe-anuncio-rail-parity.css :: .publication-card | assets/css/components/cards/marketplace-card-contract.css :: .publication-card
detalhe-anuncio.html,1024x768,publication-card,.publication-card.publication-card--video.doke-card,box-shadow,"rgba(19, 48, 82, 0.08) 0px 10px 28px 0px",none,,assets/css/components/shell/doke-shell-contract.css :: .doke-card | assets/css/components/shell/mobile-base-stability.css :: .doke-card | assets/css/components/cards/publication-card.css :: .publication-card | assets/css/pages/detalhe-anuncio.css :: .publication-card | assets/css/pages/detalhe-anuncio-rail-parity.css :: .publication-card | assets/css/components/cards/marketplace-card-contract.css :: .publication-card
detalhe-anuncio.html,1024x768,publication-card,.publication-card.publication-card--video.doke-card,aspect-ratio,2.26,0.65,-1.61,assets/css/components/shell/doke-shell-contract.css :: .doke-card | assets/css/components/shell/mobile-base-stability.css :: .doke-card | assets/css/components/cards/publication-card.css :: .publication-card | assets/css/pages/detalhe-anuncio.css :: .publication-card | assets/css/pages/detalhe-anuncio-rail-parity.css :: .publication-card | assets/css/components/cards/marketplace-card-contract.css :: .publication-card
detalhe-anuncio.html,1024x768,publication-card,.publication-card.publication-card--video.doke-card,media.height,204.8,164,-40.8,assets/css/components/shell/doke-shell-contract.css :: .doke-card | assets/css/components/shell/mobile-base-stability.css :: .doke-card | assets/css/components/cards/publication-card.css :: .publication-card | assets/css/pages/detalhe-anuncio.css :: .publication-card | assets/css/pages/detalhe-anuncio-rail-parity.css :: .publication-card | assets/css/components/cards/marketplace-card-contract.css :: .publication-card
detalhe-anuncio.html,1024x768,publication-card,.publication-card.publication-card--video.doke-card,media.aspect-ratio,3.93,1.07,-2.86,assets/css/components/shell/doke-shell-contract.css :: .doke-card | assets/css/components/shell/mobile-base-stability.css :: .doke-card | assets/css/components/cards/publication-card.css :: .publication-card | assets/css/pages/detalhe-anuncio.css :: .publication-card | assets/css/pages/detalhe-anuncio-rail-parity.css :: .publication-card | assets/css/components/cards/marketplace-card-contract.css :: .publication-card
detalhe-anuncio.html,1024x768,publication-card,.publication-card.publication-card--video.doke-card,media.border-radius,18px,22px 22px 0px 0px,,assets/css/components/shell/doke-shell-contract.css :: .doke-card | assets/css/components/shell/mobile-base-stability.css :: .doke-card | assets/css/components/cards/publication-card.css :: .publication-card | assets/css/pages/detalhe-anuncio.css :: .publication-card | assets/css/pages/detalhe-anuncio-rail-parity.css :: .publication-card | assets/css/components/cards/marketplace-card-contract.css :: .publication-card
detalhe-anuncio.html,1024x768,publication-card,.publication-card.publication-card--before-after.doke-card,x,1787.81,503,-1284.81,assets/css/components/shell/doke-shell-contract.css :: .doke-card | assets/css/components/shell/mobile-base-stability.css :: .doke-card | assets/css/components/cards/publication-card.css :: .publication-card | assets/css/pages/detalhe-anuncio.css :: .publication-card | assets/css/pages/detalhe-anuncio-rail-parity.css :: .publication-card | assets/css/components/cards/marketplace-card-contract.css :: .publication-card
detalhe-anuncio.html,1024x768,publication-card,.publication-card.publication-card--before-after.doke-card,y,1713.77,3297.13,1583.36,assets/css/components/shell/doke-shell-contract.css :: .doke-card | assets/css/components/shell/mobile-base-stability.css :: .doke-card | assets/css/components/cards/publication-card.css :: .publication-card | assets/css/pages/detalhe-anuncio.css :: .publication-card | assets/css/pages/detalhe-anuncio-rail-parity.css :: .publication-card | assets/css/components/cards/marketplace-card-contract.css :: .publication-card
detalhe-anuncio.html,1024x768,publication-card,.publication-card.publication-card--before-after.doke-card,width,826.55,176,-650.55,assets/css/components/shell/doke-shell-contract.css :: .doke-card | assets/css/components/shell/mobile-base-stability.css :: .doke-card | assets/css/components/cards/publication-card.css :: .publication-card | assets/css/pages/detalhe-anuncio.css :: .publication-card | assets/css/pages/detalhe-anuncio-rail-parity.css :: .publication-card | assets/css/components/cards/marketplace-card-contract.css :: .publication-card
detalhe-anuncio.html,1024x768,publication-card,.publication-card.publication-card--before-after.doke-card,height,370.61,271.95,-98.66,assets/css/components/shell/doke-shell-contract.css :: .doke-card | assets/css/components/shell/mobile-base-stability.css :: .doke-card | assets/css/components/cards/publication-card.css :: .publication-card | assets/css/pages/detalhe-anuncio.css :: .publication-card | assets/css/pages/detalhe-anuncio-rail-parity.css :: .publication-card | assets/css/components/cards/marketplace-card-contract.css :: .publication-card
detalhe-anuncio.html,1024x768,publication-card,.publication-card.publication-card--before-after.doke-card,border-radius,24px,0px,,assets/css/components/shell/doke-shell-contract.css :: .doke-card | assets/css/components/shell/mobile-base-stability.css :: .doke-card | assets/css/components/cards/publication-card.css :: .publication-card | assets/css/pages/detalhe-anuncio.css :: .publication-card | assets/css/pages/detalhe-anuncio-rail-parity.css :: .publication-card | assets/css/components/cards/marketplace-card-contract.css :: .publication-card
detalhe-anuncio.html,1024x768,publication-card,.publication-card.publication-card--before-after.doke-card,box-shadow,"rgba(19, 48, 82, 0.08) 0px 10px 28px 0px",none,,assets/css/components/shell/doke-shell-contract.css :: .doke-card | assets/css/components/shell/mobile-base-stability.css :: .doke-card | assets/css/components/cards/publication-card.css :: .publication-card | assets/css/pages/detalhe-anuncio.css :: .publication-card | assets/css/pages/detalhe-anuncio-rail-parity.css :: .publication-card | assets/css/components/cards/marketplace-card-contract.css :: .publication-card
detalhe-anuncio.html,1024x768,publication-card,.publication-card.publication-card--before-after.doke-card,aspect-ratio,2.23,0.65,-1.58,assets/css/components/shell/doke-shell-contract.css :: .doke-card | assets/css/components/shell/mobile-base-stability.css :: .doke-card | assets/css/components/cards/publication-card.css :: .publication-card | assets/css/pages/detalhe-anuncio.css :: .publication-card | assets/css/pages/detalhe-anuncio-rail-parity.css :: .publication-card | assets/css/components/cards/marketplace-card-contract.css :: .publication-card
detalhe-anuncio.html,1024x768,publication-card,.publication-card.publication-card--before-after.doke-card,media.height,204.8,164,-40.8,assets/css/components/shell/doke-shell-contract.css :: .doke-card | assets/css/components/shell/mobile-base-stability.css :: .doke-card | assets/css/components/cards/publication-card.css :: .publication-card | assets/css/pages/detalhe-anuncio.css :: .publication-card | assets/css/pages/detalhe-anuncio-rail-parity.css :: .publication-card | assets/css/components/cards/marketplace-card-contract.css :: .publication-card
detalhe-anuncio.html,1024x768,publication-card,.publication-card.publication-card--before-after.doke-card,media.aspect-ratio,3.93,1.07,-2.86,assets/css/components/shell/doke-shell-contract.css :: .doke-card | assets/css/components/shell/mobile-base-stability.css :: .doke-card | assets/css/components/cards/publication-card.css :: .publication-card | assets/css/pages/detalhe-anuncio.css :: .publication-card | assets/css/pages/detalhe-anuncio-rail-parity.css :: .publication-card | assets/css/components/cards/marketplace-card-contract.css :: .publication-card
detalhe-anuncio.html,1024x768,publication-card,.publication-card.publication-card--before-after.doke-card,media.border-radius,18px,22px 22px 0px 0px,,assets/css/components/shell/doke-shell-contract.css :: .doke-card | assets/css/components/shell/mobile-base-stability.css :: .doke-card | assets/css/components/cards/publication-card.css :: .publication-card | assets/css/pages/detalhe-anuncio.css :: .publication-card | assets/css/pages/detalhe-anuncio-rail-parity.css :: .publication-card | assets/css/components/cards/marketplace-card-contract.css :: .publication-card
detalhe-anuncio.html,1024x768,video-card / worker card,.video-card.video-card--one.doke-card.doke-worker-card.doke-media-card,x,106.72,131,24.28,assets/css/components/shell/doke-shell-contract.css :: .doke-card | assets/css/components/shell/mobile-base-stability.css :: .doke-card | assets/css/components/cards/worker-card.css :: .video-card | assets/css/pages/detalhe-anuncio.css :: .video-card | assets/css/pages/detalhe-anuncio-rail-parity.css :: .video-card | assets/css/components/cards/marketplace-card-contract.css :: .video-card
detalhe-anuncio.html,1024x768,video-card / worker card,.video-card.video-card--one.doke-card.doke-worker-card.doke-media-card,y,1298.95,3064.25,1765.3,assets/css/components/shell/doke-shell-contract.css :: .doke-card | assets/css/components/shell/mobile-base-stability.css :: .doke-card | assets/css/components/cards/worker-card.css :: .video-card | assets/css/pages/detalhe-anuncio.css :: .video-card | assets/css/pages/detalhe-anuncio-rail-parity.css :: .video-card | assets/css/components/cards/marketplace-card-contract.css :: .video-card
detalhe-anuncio.html,1024x768,video-card / worker card,.video-card.video-card--one.doke-card.doke-worker-card.doke-media-card,width,193.14,118,-75.14,assets/css/components/shell/doke-shell-contract.css :: .doke-card | assets/css/components/shell/mobile-base-stability.css :: .doke-card | assets/css/components/cards/worker-card.css :: .video-card | assets/css/pages/detalhe-anuncio.css :: .video-card | assets/css/pages/detalhe-anuncio-rail-parity.css :: .video-card | assets/css/components/cards/marketplace-card-contract.css :: .video-card
detalhe-anuncio.html,1024x768,video-card / worker card,.video-card.video-card--one.doke-card.doke-worker-card.doke-media-card,height,343.36,152,-191.36,assets/css/components/shell/doke-shell-contract.css :: .doke-card | assets/css/components/shell/mobile-base-stability.css :: .doke-card | assets/css/components/cards/worker-card.css :: .video-card | assets/css/pages/detalhe-anuncio.css :: .video-card | assets/css/pages/detalhe-anuncio-rail-parity.css :: .video-card | assets/css/components/cards/marketplace-card-contract.css :: .video-card
detalhe-anuncio.html,1024x768,video-card / worker card,.video-card.video-card--one.doke-card.doke-worker-card.doke-media-card,border-radius,24px,14px,,assets/css/components/shell/doke-shell-contract.css :: .doke-card | assets/css/components/shell/mobile-base-stability.css :: .doke-card | assets/css/components/cards/worker-card.css :: .video-card | assets/css/pages/detalhe-anuncio.css :: .video-card | assets/css/pages/detalhe-anuncio-rail-parity.css :: .video-card | assets/css/components/cards/marketplace-card-contract.css :: .video-card
detalhe-anuncio.html,1024x768,video-card / worker card,.video-card.video-card--one.doke-card.doke-worker-card.doke-media-card,box-shadow,"rgba(19, 48, 82, 0.08) 0px 10px 28px 0px",none,,assets/css/components/shell/doke-shell-contract.css :: .doke-card | assets/css/components/shell/mobile-base-stability.css :: .doke-card | assets/css/components/cards/worker-card.css :: .video-card | assets/css/pages/detalhe-anuncio.css :: .video-card | assets/css/pages/detalhe-anuncio-rail-parity.css :: .video-card | assets/css/components/cards/marketplace-card-contract.css :: .video-card
detalhe-anuncio.html,1024x768,video-card / worker card,.video-card.video-card--one.doke-card.doke-worker-card.doke-media-card,aspect-ratio,0.56,0.78,0.22,assets/css/components/shell/doke-shell-contract.css :: .doke-card | assets/css/components/shell/mobile-base-stability.css :: .doke-card | assets/css/components/cards/worker-card.css :: .video-card | assets/css/pages/detalhe-anuncio.css :: .video-card | assets/css/pages/detalhe-anuncio-rail-parity.css :: .video-card | assets/css/components/cards/marketplace-card-contract.css :: .video-card
detalhe-anuncio.html,1024x768,video-card / worker card,.video-card.video-card--one.doke-card.doke-worker-card.doke-media-card,media.height,343.36,152,-191.36,assets/css/components/shell/doke-shell-contract.css :: .doke-card | assets/css/components/shell/mobile-base-stability.css :: .doke-card | assets/css/components/cards/worker-card.css :: .video-card | assets/css/pages/detalhe-anuncio.css :: .video-card | assets/css/pages/detalhe-anuncio-rail-parity.css :: .video-card | assets/css/components/cards/marketplace-card-contract.css :: .video-card
detalhe-anuncio.html,1024x768,video-card / worker card,.video-card.video-card--one.doke-card.doke-worker-card.doke-media-card,media.aspect-ratio,0.56,0.78,0.22,assets/css/components/shell/doke-shell-contract.css :: .doke-card | assets/css/components/shell/mobile-base-stability.css :: .doke-card | assets/css/components/cards/worker-card.css :: .video-card | assets/css/pages/detalhe-anuncio.css :: .video-card | assets/css/pages/detalhe-anuncio-rail-parity.css :: .video-card | assets/css/components/cards/marketplace-card-contract.css :: .video-card
detalhe-anuncio.html,1024x768,video-card / worker card,.video-card.video-card--one.doke-card.doke-worker-card.doke-media-card,media.border-radius,24px,14px,,assets/css/components/shell/doke-shell-contract.css :: .doke-card | assets/css/components/shell/mobile-base-stability.css :: .doke-card | assets/css/components/cards/worker-card.css :: .video-card | assets/css/pages/detalhe-anuncio.css :: .video-card | assets/css/pages/detalhe-anuncio-rail-parity.css :: .video-card | assets/css/components/cards/marketplace-card-contract.css :: .video-card
detalhe-anuncio.html,1024x768,video-card / worker card,.video-card.video-card--two.doke-card.doke-worker-card.doke-media-card,x,317.86,259,-58.86,assets/css/components/shell/doke-shell-contract.css :: .doke-card | assets/css/components/shell/mobile-base-stability.css :: .doke-card | assets/css/components/cards/worker-card.css :: .video-card | assets/css/pages/detalhe-anuncio.css :: .video-card | assets/css/pages/detalhe-anuncio-rail-parity.css :: .video-card | assets/css/components/cards/marketplace-card-contract.css :: .video-card
detalhe-anuncio.html,1024x768,video-card / worker card,.video-card.video-card--two.doke-card.doke-worker-card.doke-media-card,y,1298.95,3064.25,1765.3,assets/css/components/shell/doke-shell-contract.css :: .doke-card | assets/css/components/shell/mobile-base-stability.css :: .doke-card | assets/css/components/cards/worker-card.css :: .video-card | assets/css/pages/detalhe-anuncio.css :: .video-card | assets/css/pages/detalhe-anuncio-rail-parity.css :: .video-card | assets/css/components/cards/marketplace-card-contract.css :: .video-card
detalhe-anuncio.html,1024x768,video-card / worker card,.video-card.video-card--two.doke-card.doke-worker-card.doke-media-card,width,193.13,118,-75.13,assets/css/components/shell/doke-shell-contract.css :: .doke-card | assets/css/components/shell/mobile-base-stability.css :: .doke-card | assets/css/components/cards/worker-card.css :: .video-card | assets/css/pages/detalhe-anuncio.css :: .video-card | assets/css/pages/detalhe-anuncio-rail-parity.css :: .video-card | assets/css/components/cards/marketplace-card-contract.css :: .video-card
detalhe-anuncio.html,1024x768,video-card / worker card,.video-card.video-card--two.doke-card.doke-worker-card.doke-media-card,height,343.36,152,-191.36,assets/css/components/shell/doke-shell-contract.css :: .doke-card | assets/css/components/shell/mobile-base-stability.css :: .doke-card | assets/css/components/cards/worker-card.css :: .video-card | assets/css/pages/detalhe-anuncio.css :: .video-card | assets/css/pages/detalhe-anuncio-rail-parity.css :: .video-card | assets/css/components/cards/marketplace-card-contract.css :: .video-card
detalhe-anuncio.html,1024x768,video-card / worker card,.video-card.video-card--two.doke-card.doke-worker-card.doke-media-card,border-radius,24px,14px,,assets/css/components/shell/doke-shell-contract.css :: .doke-card | assets/css/components/shell/mobile-base-stability.css :: .doke-card | assets/css/components/cards/worker-card.css :: .video-card | assets/css/pages/detalhe-anuncio.css :: .video-card | assets/css/pages/detalhe-anuncio-rail-parity.css :: .video-card | assets/css/components/cards/marketplace-card-contract.css :: .video-card
detalhe-anuncio.html,1024x768,video-card / worker card,.video-card.video-card--two.doke-card.doke-worker-card.doke-media-card,box-shadow,"rgba(19, 48, 82, 0.08) 0px 10px 28px 0px",none,,assets/css/components/shell/doke-shell-contract.css :: .doke-card | assets/css/components/shell/mobile-base-stability.css :: .doke-card | assets/css/components/cards/worker-card.css :: .video-card | assets/css/pages/detalhe-anuncio.css :: .video-card | assets/css/pages/detalhe-anuncio-rail-parity.css :: .video-card | assets/css/components/cards/marketplace-card-contract.css :: .video-card
detalhe-anuncio.html,1024x768,video-card / worker card,.video-card.video-card--two.doke-card.doke-worker-card.doke-media-card,aspect-ratio,0.56,0.78,0.22,assets/css/components/shell/doke-shell-contract.css :: .doke-card | assets/css/components/shell/mobile-base-stability.css :: .doke-card | assets/css/components/cards/worker-card.css :: .video-card | assets/css/pages/detalhe-anuncio.css :: .video-card | assets/css/pages/detalhe-anuncio-rail-parity.css :: .video-card | assets/css/components/cards/marketplace-card-contract.css :: .video-card
detalhe-anuncio.html,1024x768,video-card / worker card,.video-card.video-card--two.doke-card.doke-worker-card.doke-media-card,media.height,343.36,152,-191.36,assets/css/components/shell/doke-shell-contract.css :: .doke-card | assets/css/components/shell/mobile-base-stability.css :: .doke-card | assets/css/components/cards/worker-card.css :: .video-card | assets/css/pages/detalhe-anuncio.css :: .video-card | assets/css/pages/detalhe-anuncio-rail-parity.css :: .video-card | assets/css/components/cards/marketplace-card-contract.css :: .video-card
detalhe-anuncio.html,1024x768,video-card / worker card,.video-card.video-card--two.doke-card.doke-worker-card.doke-media-card,media.aspect-ratio,0.56,0.78,0.22,assets/css/components/shell/doke-shell-contract.css :: .doke-card | assets/css/components/shell/mobile-base-stability.css :: .doke-card | assets/css/components/cards/worker-card.css :: .video-card | assets/css/pages/detalhe-anuncio.css :: .video-card | assets/css/pages/detalhe-anuncio-rail-parity.css :: .video-card | assets/css/components/cards/marketplace-card-contract.css :: .video-card
detalhe-anuncio.html,1024x768,video-card / worker card,.video-card.video-card--two.doke-card.doke-worker-card.doke-media-card,media.border-radius,24px,14px,,assets/css/components/shell/doke-shell-contract.css :: .doke-card | assets/css/components/shell/mobile-base-stability.css :: .doke-card | assets/css/components/cards/worker-card.css :: .video-card | assets/css/pages/detalhe-anuncio.css :: .video-card | assets/css/pages/detalhe-anuncio-rail-parity.css :: .video-card | assets/css/components/cards/marketplace-card-contract.css :: .video-card
detalhe-anuncio.html,1024x768,video-card / worker card,.video-card.video-card--three.doke-card.doke-worker-card.doke-media-card,x,528.98,387,-141.98,assets/css/components/shell/doke-shell-contract.css :: .doke-card | assets/css/components/shell/mobile-base-stability.css :: .doke-card | assets/css/components/cards/worker-card.css :: .video-card | assets/css/pages/detalhe-anuncio.css :: .video-card | assets/css/pages/detalhe-anuncio-rail-parity.css :: .video-card | assets/css/components/cards/marketplace-card-contract.css :: .video-card
detalhe-anuncio.html,1024x768,video-card / worker card,.video-card.video-card--three.doke-card.doke-worker-card.doke-media-card,y,1298.95,3064.25,1765.3,assets/css/components/shell/doke-shell-contract.css :: .doke-card | assets/css/components/shell/mobile-base-stability.css :: .doke-card | assets/css/components/cards/worker-card.css :: .video-card | assets/css/pages/detalhe-anuncio.css :: .video-card | assets/css/pages/detalhe-anuncio-rail-parity.css :: .video-card | assets/css/components/cards/marketplace-card-contract.css :: .video-card
detalhe-anuncio.html,1024x768,video-card / worker card,.video-card.video-card--three.doke-card.doke-worker-card.doke-media-card,width,193.14,118,-75.14,assets/css/components/shell/doke-shell-contract.css :: .doke-card | assets/css/components/shell/mobile-base-stability.css :: .doke-card | assets/css/components/cards/worker-card.css :: .video-card | assets/css/pages/detalhe-anuncio.css :: .video-card | assets/css/pages/detalhe-anuncio-rail-parity.css :: .video-card | assets/css/components/cards/marketplace-card-contract.css :: .video-card
detalhe-anuncio.html,1024x768,video-card / worker card,.video-card.video-card--three.doke-card.doke-worker-card.doke-media-card,height,343.36,152,-191.36,assets/css/components/shell/doke-shell-contract.css :: .doke-card | assets/css/components/shell/mobile-base-stability.css :: .doke-card | assets/css/components/cards/worker-card.css :: .video-card | assets/css/pages/detalhe-anuncio.css :: .video-card | assets/css/pages/detalhe-anuncio-rail-parity.css :: .video-card | assets/css/components/cards/marketplace-card-contract.css :: .video-card
detalhe-anuncio.html,1024x768,video-card / worker card,.video-card.video-card--three.doke-card.doke-worker-card.doke-media-card,border-radius,24px,14px,,assets/css/components/shell/doke-shell-contract.css :: .doke-card | assets/css/components/shell/mobile-base-stability.css :: .doke-card | assets/css/components/cards/worker-card.css :: .video-card | assets/css/pages/detalhe-anuncio.css :: .video-card | assets/css/pages/detalhe-anuncio-rail-parity.css :: .video-card | assets/css/components/cards/marketplace-card-contract.css :: .video-card
detalhe-anuncio.html,1024x768,video-card / worker card,.video-card.video-card--three.doke-card.doke-worker-card.doke-media-card,box-shadow,"rgba(19, 48, 82, 0.08) 0px 10px 28px 0px",none,,assets/css/components/shell/doke-shell-contract.css :: .doke-card | assets/css/components/shell/mobile-base-stability.css :: .doke-card | assets/css/components/cards/worker-card.css :: .video-card | assets/css/pages/detalhe-anuncio.css :: .video-card | assets/css/pages/detalhe-anuncio-rail-parity.css :: .video-card | assets/css/components/cards/marketplace-card-contract.css :: .video-card
detalhe-anuncio.html,1024x768,video-card / worker card,.video-card.video-card--three.doke-card.doke-worker-card.doke-media-card,aspect-ratio,0.56,0.78,0.22,assets/css/components/shell/doke-shell-contract.css :: .doke-card | assets/css/components/shell/mobile-base-stability.css :: .doke-card | assets/css/components/cards/worker-card.css :: .video-card | assets/css/pages/detalhe-anuncio.css :: .video-card | assets/css/pages/detalhe-anuncio-rail-parity.css :: .video-card | assets/css/components/cards/marketplace-card-contract.css :: .video-card
detalhe-anuncio.html,1024x768,video-card / worker card,.video-card.video-card--three.doke-card.doke-worker-card.doke-media-card,media.height,343.36,152,-191.36,assets/css/components/shell/doke-shell-contract.css :: .doke-card | assets/css/components/shell/mobile-base-stability.css :: .doke-card | assets/css/components/cards/worker-card.css :: .video-card | assets/css/pages/detalhe-anuncio.css :: .video-card | assets/css/pages/detalhe-anuncio-rail-parity.css :: .video-card | assets/css/components/cards/marketplace-card-contract.css :: .video-card
detalhe-anuncio.html,1024x768,video-card / worker card,.video-card.video-card--three.doke-card.doke-worker-card.doke-media-card,media.aspect-ratio,0.56,0.78,0.22,assets/css/components/shell/doke-shell-contract.css :: .doke-card | assets/css/components/shell/mobile-base-stability.css :: .doke-card | assets/css/components/cards/worker-card.css :: .video-card | assets/css/pages/detalhe-anuncio.css :: .video-card | assets/css/pages/detalhe-anuncio-rail-parity.css :: .video-card | assets/css/components/cards/marketplace-card-contract.css :: .video-card
detalhe-anuncio.html,1024x768,video-card / worker card,.video-card.video-card--three.doke-card.doke-worker-card.doke-media-card,media.border-radius,24px,14px,,assets/css/components/shell/doke-shell-contract.css :: .doke-card | assets/css/components/shell/mobile-base-stability.css :: .doke-card | assets/css/components/cards/worker-card.css :: .video-card | assets/css/pages/detalhe-anuncio.css :: .video-card | assets/css/pages/detalhe-anuncio-rail-parity.css :: .video-card | assets/css/components/cards/marketplace-card-contract.css :: .video-card
detalhe-anuncio.html,1024x768,video-card / worker card,.video-card.video-card--four.doke-card.doke-worker-card.doke-media-card,x,740.13,515,-225.13,assets/css/components/shell/doke-shell-contract.css :: .doke-card | assets/css/components/shell/mobile-base-stability.css :: .doke-card | assets/css/components/cards/worker-card.css :: .video-card | assets/css/pages/detalhe-anuncio.css :: .video-card | assets/css/pages/detalhe-anuncio-rail-parity.css :: .video-card | assets/css/components/cards/marketplace-card-contract.css :: .video-card
detalhe-anuncio.html,1024x768,video-card / worker card,.video-card.video-card--four.doke-card.doke-worker-card.doke-media-card,y,1298.95,3064.25,1765.3,assets/css/components/shell/doke-shell-contract.css :: .doke-card | assets/css/components/shell/mobile-base-stability.css :: .doke-card | assets/css/components/cards/worker-card.css :: .video-card | assets/css/pages/detalhe-anuncio.css :: .video-card | assets/css/pages/detalhe-anuncio-rail-parity.css :: .video-card | assets/css/components/cards/marketplace-card-contract.css :: .video-card
detalhe-anuncio.html,1024x768,video-card / worker card,.video-card.video-card--four.doke-card.doke-worker-card.doke-media-card,width,193.14,118,-75.14,assets/css/components/shell/doke-shell-contract.css :: .doke-card | assets/css/components/shell/mobile-base-stability.css :: .doke-card | assets/css/components/cards/worker-card.css :: .video-card | assets/css/pages/detalhe-anuncio.css :: .video-card | assets/css/pages/detalhe-anuncio-rail-parity.css :: .video-card | assets/css/components/cards/marketplace-card-contract.css :: .video-card
detalhe-anuncio.html,1024x768,video-card / worker card,.video-card.video-card--four.doke-card.doke-worker-card.doke-media-card,height,343.36,152,-191.36,assets/css/components/shell/doke-shell-contract.css :: .doke-card | assets/css/components/shell/mobile-base-stability.css :: .doke-card | assets/css/components/cards/worker-card.css :: .video-card | assets/css/pages/detalhe-anuncio.css :: .video-card | assets/css/pages/detalhe-anuncio-rail-parity.css :: .video-card | assets/css/components/cards/marketplace-card-contract.css :: .video-card
detalhe-anuncio.html,1024x768,video-card / worker card,.video-card.video-card--four.doke-card.doke-worker-card.doke-media-card,border-radius,24px,14px,,assets/css/components/shell/doke-shell-contract.css :: .doke-card | assets/css/components/shell/mobile-base-stability.css :: .doke-card | assets/css/components/cards/worker-card.css :: .video-card | assets/css/pages/detalhe-anuncio.css :: .video-card | assets/css/pages/detalhe-anuncio-rail-parity.css :: .video-card | assets/css/components/cards/marketplace-card-contract.css :: .video-card
detalhe-anuncio.html,1024x768,video-card / worker card,.video-card.video-card--four.doke-card.doke-worker-card.doke-media-card,box-shadow,"rgba(19, 48, 82, 0.08) 0px 10px 28px 0px",none,,assets/css/components/shell/doke-shell-contract.css :: .doke-card | assets/css/components/shell/mobile-base-stability.css :: .doke-card | assets/css/components/cards/worker-card.css :: .video-card | assets/css/pages/detalhe-anuncio.css :: .video-card | assets/css/pages/detalhe-anuncio-rail-parity.css :: .video-card | assets/css/components/cards/marketplace-card-contract.css :: .video-card
detalhe-anuncio.html,1024x768,video-card / worker card,.video-card.video-card--four.doke-card.doke-worker-card.doke-media-card,aspect-ratio,0.56,0.78,0.22,assets/css/components/shell/doke-shell-contract.css :: .doke-card | assets/css/components/shell/mobile-base-stability.css :: .doke-card | assets/css/components/cards/worker-card.css :: .video-card | assets/css/pages/detalhe-anuncio.css :: .video-card | assets/css/pages/detalhe-anuncio-rail-parity.css :: .video-card | assets/css/components/cards/marketplace-card-contract.css :: .video-card
detalhe-anuncio.html,1024x768,video-card / worker card,.video-card.video-card--four.doke-card.doke-worker-card.doke-media-card,media.height,343.36,152,-191.36,assets/css/components/shell/doke-shell-contract.css :: .doke-card | assets/css/components/shell/mobile-base-stability.css :: .doke-card | assets/css/components/cards/worker-card.css :: .video-card | assets/css/pages/detalhe-anuncio.css :: .video-card | assets/css/pages/detalhe-anuncio-rail-parity.css :: .video-card | assets/css/components/cards/marketplace-card-contract.css :: .video-card
detalhe-anuncio.html,1024x768,video-card / worker card,.video-card.video-card--four.doke-card.doke-worker-card.doke-media-card,media.aspect-ratio,0.56,0.78,0.22,assets/css/components/shell/doke-shell-contract.css :: .doke-card | assets/css/components/shell/mobile-base-stability.css :: .doke-card | assets/css/components/cards/worker-card.css :: .video-card | assets/css/pages/detalhe-anuncio.css :: .video-card | assets/css/pages/detalhe-anuncio-rail-parity.css :: .video-card | assets/css/components/cards/marketplace-card-contract.css :: .video-card
detalhe-anuncio.html,1024x768,video-card / worker card,.video-card.video-card--four.doke-card.doke-worker-card.doke-media-card,media.border-radius,24px,14px,,assets/css/components/shell/doke-shell-contract.css :: .doke-card | assets/css/components/shell/mobile-base-stability.css :: .doke-card | assets/css/components/cards/worker-card.css :: .video-card | assets/css/pages/detalhe-anuncio.css :: .video-card | assets/css/pages/detalhe-anuncio-rail-parity.css :: .video-card | assets/css/components/cards/marketplace-card-contract.css :: .video-card
detalhe-anuncio.html,1024x768,review cards,.detail-mobile-review-card,x,106.72,0,-106.72,assets/css/pages/detalhe-anuncio.css :: .detail-mobile-review-card
detalhe-anuncio.html,1024x768,review cards,.detail-mobile-review-card,y,1713.77,0,-1713.77,assets/css/pages/detalhe-anuncio.css :: .detail-mobile-review-card
detalhe-anuncio.html,1024x768,review cards,.detail-mobile-review-card,width,826.55,0,-826.55,assets/css/pages/detalhe-anuncio.css :: .detail-mobile-review-card
detalhe-anuncio.html,1024x768,review cards,.detail-mobile-review-card,height,371.88,0,-371.88,assets/css/pages/detalhe-anuncio.css :: .detail-mobile-review-card
detalhe-anuncio.html,1024x768,review cards,.detail-mobile-review-card,border-radius,24px,0px,,assets/css/pages/detalhe-anuncio.css :: .detail-mobile-review-card
detalhe-anuncio.html,1024x768,review cards,.detail-mobile-review-card,box-shadow,"rgba(19, 48, 82, 0.08) 0px 10px 28px 0px",none,,assets/css/pages/detalhe-anuncio.css :: .detail-mobile-review-card
detalhe-anuncio.html,1024x768,review cards,.detail-mobile-review-card,aspect-ratio,2.22,,,assets/css/pages/detalhe-anuncio.css :: .detail-mobile-review-card
detalhe-anuncio.html,1024x768,review cards,.detail-mobile-review-card,measured-child-gap-y,0,,,assets/css/pages/detalhe-anuncio.css :: .detail-mobile-review-card
detalhe-anuncio.html,1024x768,review cards,.detail-mobile-review-card,media.height,204.8,,,assets/css/pages/detalhe-anuncio.css :: .detail-mobile-review-card
detalhe-anuncio.html,1024x768,review cards,.detail-mobile-review-card,media.aspect-ratio,3.93,,,assets/css/pages/detalhe-anuncio.css :: .detail-mobile-review-card
detalhe-anuncio.html,1024x768,review cards,.detail-mobile-review-card,media.border-radius,18px,,,assets/css/pages/detalhe-anuncio.css :: .detail-mobile-review-card
detalhe-anuncio.html,1024x768,review cards,.detail-mobile-review-card__top,x,947.27,0,-947.27,assets/css/pages/detalhe-anuncio.css :: .detail-mobile-review-card__top
detalhe-anuncio.html,1024x768,review cards,.detail-mobile-review-card__top,y,1713.77,0,-1713.77,assets/css/pages/detalhe-anuncio.css :: .detail-mobile-review-card__top
detalhe-anuncio.html,1024x768,review cards,.detail-mobile-review-card__top,width,826.55,0,-826.55,assets/css/pages/detalhe-anuncio.css :: .detail-mobile-review-card__top
detalhe-anuncio.html,1024x768,review cards,.detail-mobile-review-card__top,height,365.8,0,-365.8,assets/css/pages/detalhe-anuncio.css :: .detail-mobile-review-card__top
detalhe-anuncio.html,1024x768,review cards,.detail-mobile-review-card__top,border-radius,24px,0px,,assets/css/pages/detalhe-anuncio.css :: .detail-mobile-review-card__top
detalhe-anuncio.html,1024x768,review cards,.detail-mobile-review-card__top,box-shadow,"rgba(19, 48, 82, 0.08) 0px 10px 28px 0px",none,,assets/css/pages/detalhe-anuncio.css :: .detail-mobile-review-card__top
detalhe-anuncio.html,1024x768,review cards,.detail-mobile-review-card__top,aspect-ratio,2.26,,,assets/css/pages/detalhe-anuncio.css :: .detail-mobile-review-card__top
detalhe-anuncio.html,1024x768,review cards,.detail-mobile-review-card__top,measured-child-gap-y,0,,,assets/css/pages/detalhe-anuncio.css :: .detail-mobile-review-card__top
detalhe-anuncio.html,1024x768,review cards,.detail-mobile-review-card__top,media.height,204.8,,,assets/css/pages/detalhe-anuncio.css :: .detail-mobile-review-card__top
detalhe-anuncio.html,1024x768,review cards,.detail-mobile-review-card__top,media.aspect-ratio,3.93,,,assets/css/pages/detalhe-anuncio.css :: .detail-mobile-review-card__top
detalhe-anuncio.html,1024x768,review cards,.detail-mobile-review-card__top,media.border-radius,18px,,,assets/css/pages/detalhe-anuncio.css :: .detail-mobile-review-card__top
detalhe-anuncio.html,1024x768,review cards,.detail-mobile-review-card__avatar,x,1787.81,0,-1787.81,assets/css/pages/detalhe-anuncio.css :: .detail-mobile-review-card__avatar
detalhe-anuncio.html,1024x768,review cards,.detail-mobile-review-card__avatar,y,1713.77,0,-1713.77,assets/css/pages/detalhe-anuncio.css :: .detail-mobile-review-card__avatar
detalhe-anuncio.html,1024x768,review cards,.detail-mobile-review-card__avatar,width,826.55,0,-826.55,assets/css/pages/detalhe-anuncio.css :: .detail-mobile-review-card__avatar
detalhe-anuncio.html,1024x768,review cards,.detail-mobile-review-card__avatar,height,370.61,0,-370.61,assets/css/pages/detalhe-anuncio.css :: .detail-mobile-review-card__avatar
detalhe-anuncio.html,1024x768,review cards,.detail-mobile-review-card__avatar,border-radius,24px,0px,,assets/css/pages/detalhe-anuncio.css :: .detail-mobile-review-card__avatar
detalhe-anuncio.html,1024x768,review cards,.detail-mobile-review-card__avatar,box-shadow,"rgba(19, 48, 82, 0.08) 0px 10px 28px 0px",none,,assets/css/pages/detalhe-anuncio.css :: .detail-mobile-review-card__avatar
detalhe-anuncio.html,1024x768,review cards,.detail-mobile-review-card__avatar,aspect-ratio,2.23,,,assets/css/pages/detalhe-anuncio.css :: .detail-mobile-review-card__avatar
detalhe-anuncio.html,1024x768,review cards,.detail-mobile-review-card__avatar,measured-child-gap-y,0,,,assets/css/pages/detalhe-anuncio.css :: .detail-mobile-review-card__avatar
detalhe-anuncio.html,1024x768,review cards,.detail-mobile-review-card__avatar,media.height,204.8,,,assets/css/pages/detalhe-anuncio.css :: .detail-mobile-review-card__avatar
detalhe-anuncio.html,1024x768,review cards,.detail-mobile-review-card__avatar,media.aspect-ratio,3.93,,,assets/css/pages/detalhe-anuncio.css :: .detail-mobile-review-card__avatar
detalhe-anuncio.html,1024x768,review cards,.detail-mobile-review-card__avatar,media.border-radius,18px,,,assets/css/pages/detalhe-anuncio.css :: .detail-mobile-review-card__avatar
detalhe-anuncio.html,1280x800,headers,.app-header.app-header--detail.home-side-meta,x,280,288,8,assets/css/components/shell/desktop-topbar.css :: .home-side-meta | assets/css/components/shell/doke-shell-contract.css :: .app-header | assets/css/components/shell/app-header.css :: .app-header | assets/css/components/shell/mobile-app-shell.css :: .home-side-meta | assets/css/components/shell/mobile-base-stability.css :: .home-side-meta | assets/css/pages/detalhe-anuncio.css :: .app-header | assets/css/pages/detalhe-anuncio-rail-parity.css :: .app-header
detalhe-anuncio.html,1280x800,headers,.app-header.app-header--detail.home-side-meta,width,1008,1000,-8,assets/css/components/shell/desktop-topbar.css :: .home-side-meta | assets/css/components/shell/doke-shell-contract.css :: .app-header | assets/css/components/shell/app-header.css :: .app-header | assets/css/components/shell/mobile-app-shell.css :: .home-side-meta | assets/css/components/shell/mobile-base-stability.css :: .home-side-meta | assets/css/pages/detalhe-anuncio.css :: .app-header | assets/css/pages/detalhe-anuncio-rail-parity.css :: .app-header
detalhe-anuncio.html,1280x800,headers,.app-header.app-header--detail.home-side-meta,padding.right,38.4,0,-38.4,assets/css/components/shell/desktop-topbar.css :: .home-side-meta | assets/css/components/shell/doke-shell-contract.css :: .app-header | assets/css/components/shell/app-header.css :: .app-header | assets/css/components/shell/mobile-app-shell.css :: .home-side-meta | assets/css/components/shell/mobile-base-stability.css :: .home-side-meta | assets/css/pages/detalhe-anuncio.css :: .app-header | assets/css/pages/detalhe-anuncio-rail-parity.css :: .app-header
detalhe-anuncio.html,1280x800,headers,.app-header.app-header--detail.home-side-meta,padding.left,38.4,0,-38.4,assets/css/components/shell/desktop-topbar.css :: .home-side-meta | assets/css/components/shell/doke-shell-contract.css :: .app-header | assets/css/components/shell/app-header.css :: .app-header | assets/css/components/shell/mobile-app-shell.css :: .home-side-meta | assets/css/components/shell/mobile-base-stability.css :: .home-side-meta | assets/css/pages/detalhe-anuncio.css :: .app-header | assets/css/pages/detalhe-anuncio-rail-parity.css :: .app-header
detalhe-anuncio.html,1280x800,headers,.app-header.app-header--detail.home-side-meta,aspect-ratio,10.5,10.42,-0.08,assets/css/components/shell/desktop-topbar.css :: .home-side-meta | assets/css/components/shell/doke-shell-contract.css :: .app-header | assets/css/components/shell/app-header.css :: .app-header | assets/css/components/shell/mobile-app-shell.css :: .home-side-meta | assets/css/components/shell/mobile-base-stability.css :: .home-side-meta | assets/css/pages/detalhe-anuncio.css :: .app-header | assets/css/pages/detalhe-anuncio-rail-parity.css :: .app-header
detalhe-anuncio.html,1280x800,header inner,.app-header__inner,x,366.39,326.41,-39.98,assets/css/components/shell/doke-shell-contract.css :: .app-header__inner | assets/css/components/shell/app-header.css :: .app-header__inner | assets/css/pages/detalhe-anuncio.css :: .app-header__inner | assets/css/pages/detalhe-anuncio-rail-parity.css :: .app-header__inner
detalhe-anuncio.html,1280x800,header inner,.app-header__inner,width,835.22,923.19,87.97,assets/css/components/shell/doke-shell-contract.css :: .app-header__inner | assets/css/components/shell/app-header.css :: .app-header__inner | assets/css/pages/detalhe-anuncio.css :: .app-header__inner | assets/css/pages/detalhe-anuncio-rail-parity.css :: .app-header__inner
detalhe-anuncio.html,1280x800,header inner,.app-header__inner,aspect-ratio,17.4,19.23,1.83,assets/css/components/shell/doke-shell-contract.css :: .app-header__inner | assets/css/components/shell/app-header.css :: .app-header__inner | assets/css/pages/detalhe-anuncio.css :: .app-header__inner | assets/css/pages/detalhe-anuncio-rail-parity.css :: .app-header__inner
detalhe-anuncio.html,1280x800,containers/rails,.doke-reviews-bar__track,x,328,451.41,123.41,assets/css/patterns/reviews-section.css :: .doke-reviews-bar__track | assets/css/pages/detalhe-anuncio-rail-parity.css :: .doke-reviews-bar__track
detalhe-anuncio.html,1280x800,containers/rails,.doke-reviews-bar__track,y,238.78,1840.39,1601.61,assets/css/patterns/reviews-section.css :: .doke-reviews-bar__track | assets/css/pages/detalhe-anuncio-rail-parity.css :: .doke-reviews-bar__track
detalhe-anuncio.html,1280x800,containers/rails,.doke-reviews-bar__track,width,912,300,-612,assets/css/patterns/reviews-section.css :: .doke-reviews-bar__track | assets/css/pages/detalhe-anuncio-rail-parity.css :: .doke-reviews-bar__track
detalhe-anuncio.html,1280x800,containers/rails,.doke-reviews-bar__track,height,220,9,-211,assets/css/patterns/reviews-section.css :: .doke-reviews-bar__track | assets/css/pages/detalhe-anuncio-rail-parity.css :: .doke-reviews-bar__track
detalhe-anuncio.html,1280x800,containers/rails,.doke-reviews-bar__track,padding.right,76,0,-76,assets/css/patterns/reviews-section.css :: .doke-reviews-bar__track | assets/css/pages/detalhe-anuncio-rail-parity.css :: .doke-reviews-bar__track
detalhe-anuncio.html,1280x800,containers/rails,.doke-reviews-bar__track,padding.left,76,0,-76,assets/css/patterns/reviews-section.css :: .doke-reviews-bar__track | assets/css/pages/detalhe-anuncio-rail-parity.css :: .doke-reviews-bar__track
detalhe-anuncio.html,1280x800,containers/rails,.doke-reviews-bar__track,border-radius,0px,999px,,assets/css/patterns/reviews-section.css :: .doke-reviews-bar__track | assets/css/pages/detalhe-anuncio-rail-parity.css :: .doke-reviews-bar__track
detalhe-anuncio.html,1280x800,containers/rails,.doke-reviews-bar__track,font-size,16,13.44,-2.56,assets/css/patterns/reviews-section.css :: .doke-reviews-bar__track | assets/css/pages/detalhe-anuncio-rail-parity.css :: .doke-reviews-bar__track
detalhe-anuncio.html,1280x800,containers/rails,.doke-reviews-bar__track,aspect-ratio,4.15,33.33,29.18,assets/css/patterns/reviews-section.css :: .doke-reviews-bar__track | assets/css/pages/detalhe-anuncio-rail-parity.css :: .doke-reviews-bar__track
detalhe-anuncio.html,1280x800,containers/rails,.doke-reviews-bar__track,measured-child-gap-y,26,,,assets/css/patterns/reviews-section.css :: .doke-reviews-bar__track | assets/css/pages/detalhe-anuncio-rail-parity.css :: .doke-reviews-bar__track
detalhe-anuncio.html,1280x800,containers/rails,.doke-reviews-bar__track,x,404,451.41,47.41,assets/css/patterns/reviews-section.css :: .doke-reviews-bar__track | assets/css/pages/detalhe-anuncio-rail-parity.css :: .doke-reviews-bar__track
detalhe-anuncio.html,1280x800,containers/rails,.doke-reviews-bar__track,y,290.78,1868.39,1577.61,assets/css/patterns/reviews-section.css :: .doke-reviews-bar__track | assets/css/pages/detalhe-anuncio-rail-parity.css :: .doke-reviews-bar__track
detalhe-anuncio.html,1280x800,containers/rails,.doke-reviews-bar__track,width,760,300,-460,assets/css/patterns/reviews-section.css :: .doke-reviews-bar__track | assets/css/pages/detalhe-anuncio-rail-parity.css :: .doke-reviews-bar__track
detalhe-anuncio.html,1280x800,containers/rails,.doke-reviews-bar__track,height,116,9,-107,assets/css/patterns/reviews-section.css :: .doke-reviews-bar__track | assets/css/pages/detalhe-anuncio-rail-parity.css :: .doke-reviews-bar__track
detalhe-anuncio.html,1280x800,containers/rails,.doke-reviews-bar__track,border-radius,0px,999px,,assets/css/patterns/reviews-section.css :: .doke-reviews-bar__track | assets/css/pages/detalhe-anuncio-rail-parity.css :: .doke-reviews-bar__track
detalhe-anuncio.html,1280x800,containers/rails,.doke-reviews-bar__track,font-size,16,13.44,-2.56,assets/css/patterns/reviews-section.css :: .doke-reviews-bar__track | assets/css/pages/detalhe-anuncio-rail-parity.css :: .doke-reviews-bar__track
detalhe-anuncio.html,1280x800,containers/rails,.doke-reviews-bar__track,aspect-ratio,6.55,33.33,26.78,assets/css/patterns/reviews-section.css :: .doke-reviews-bar__track | assets/css/pages/detalhe-anuncio-rail-parity.css :: .doke-reviews-bar__track
detalhe-anuncio.html,1280x800,containers/rails,.doke-reviews-bar__track,gap,18px,normal,,assets/css/patterns/reviews-section.css :: .doke-reviews-bar__track | assets/css/pages/detalhe-anuncio-rail-parity.css :: .doke-reviews-bar__track
detalhe-anuncio.html,1280x800,containers/rails,.doke-reviews-bar__track,row-gap,18px,normal,,assets/css/patterns/reviews-section.css :: .doke-reviews-bar__track | assets/css/pages/detalhe-anuncio-rail-parity.css :: .doke-reviews-bar__track
detalhe-anuncio.html,1280x800,containers/rails,.doke-reviews-bar__track,column-gap,18px,normal,,assets/css/patterns/reviews-section.css :: .doke-reviews-bar__track | assets/css/pages/detalhe-anuncio-rail-parity.css :: .doke-reviews-bar__track
detalhe-anuncio.html,1280x800,containers/rails,.doke-reviews-bar__track,measured-child-gap-x,18,,,assets/css/patterns/reviews-section.css :: .doke-reviews-bar__track | assets/css/pages/detalhe-anuncio-rail-parity.css :: .doke-reviews-bar__track
detalhe-anuncio.html,1280x800,containers/rails,.content-rail.doke-scroll-rail.home-media-rail.home-media-rail--workers.detail-related-media-rail,x,356,326.41,-29.59,assets/css/components/shell/doke-shell-contract.css :: .content-rail | assets/css/pages/detalhe-anuncio.css :: .content-rail | assets/css/pages/detalhe-anuncio-rail-parity.css :: .content-rail | assets/css/components/cards/marketplace-card-contract.css :: .content-rail
detalhe-anuncio.html,1280x800,containers/rails,.content-rail.doke-scroll-rail.home-media-rail.home-media-rail--workers.detail-related-media-rail,y,571.59,2895.95,2324.36,assets/css/components/shell/doke-shell-contract.css :: .content-rail | assets/css/pages/detalhe-anuncio.css :: .content-rail | assets/css/pages/detalhe-anuncio-rail-parity.css :: .content-rail | assets/css/components/cards/marketplace-card-contract.css :: .content-rail
detalhe-anuncio.html,1280x800,containers/rails,.content-rail.doke-scroll-rail.home-media-rail.home-media-rail--workers.detail-related-media-rail,width,856,585.28,-270.72,assets/css/components/shell/doke-shell-contract.css :: .content-rail | assets/css/pages/detalhe-anuncio.css :: .content-rail | assets/css/pages/detalhe-anuncio-rail-parity.css :: .content-rail | assets/css/components/cards/marketplace-card-contract.css :: .content-rail
detalhe-anuncio.html,1280x800,containers/rails,.content-rail.doke-scroll-rail.home-media-rail.home-media-rail--workers.detail-related-media-rail,height,1726.88,236.13,-1490.75,assets/css/components/shell/doke-shell-contract.css :: .content-rail | assets/css/pages/detalhe-anuncio.css :: .content-rail | assets/css/pages/detalhe-anuncio-rail-parity.css :: .content-rail | assets/css/components/cards/marketplace-card-contract.css :: .content-rail
detalhe-anuncio.html,1280x800,containers/rails,.content-rail.doke-scroll-rail.home-media-rail.home-media-rail--workers.detail-related-media-rail,aspect-ratio,0.5,2.48,1.98,assets/css/components/shell/doke-shell-contract.css :: .content-rail | assets/css/pages/detalhe-anuncio.css :: .content-rail | assets/css/pages/detalhe-anuncio-rail-parity.css :: .content-rail | assets/css/components/cards/marketplace-card-contract.css :: .content-rail
detalhe-anuncio.html,1280x800,containers/rails,.content-rail.doke-scroll-rail.home-media-rail.home-media-rail--workers.detail-related-media-rail,media.height,153.59,236.13,82.54,assets/css/components/shell/doke-shell-contract.css :: .content-rail | assets/css/pages/detalhe-anuncio.css :: .content-rail | assets/css/pages/detalhe-anuncio-rail-parity.css :: .content-rail | assets/css/components/cards/marketplace-card-contract.css :: .content-rail
detalhe-anuncio.html,1280x800,containers/rails,.content-rail.doke-scroll-rail.home-media-rail.home-media-rail--workers.detail-related-media-rail,media.aspect-ratio,5.56,2.48,-3.08,assets/css/components/shell/doke-shell-contract.css :: .content-rail | assets/css/pages/detalhe-anuncio.css :: .content-rail | assets/css/pages/detalhe-anuncio-rail-parity.css :: .content-rail | assets/css/components/cards/marketplace-card-contract.css :: .content-rail
detalhe-anuncio.html,1280x800,containers/rails,.short-videos__track.detail-related-workers__track,x,356,326.41,-29.59,assets/css/pages/detalhe-anuncio.css :: .detail-related-workers__track | assets/css/pages/detalhe-anuncio-rail-parity.css :: .detail-related-workers__track | assets/css/components/cards/marketplace-card-contract.css :: .short-videos__track
detalhe-anuncio.html,1280x800,containers/rails,.short-videos__track.detail-related-workers__track,y,571.59,2895.95,2324.36,assets/css/pages/detalhe-anuncio.css :: .detail-related-workers__track | assets/css/pages/detalhe-anuncio-rail-parity.css :: .detail-related-workers__track | assets/css/components/cards/marketplace-card-contract.css :: .short-videos__track
detalhe-anuncio.html,1280x800,containers/rails,.short-videos__track.detail-related-workers__track,width,856,585.28,-270.72,assets/css/pages/detalhe-anuncio.css :: .detail-related-workers__track | assets/css/pages/detalhe-anuncio-rail-parity.css :: .detail-related-workers__track | assets/css/components/cards/marketplace-card-contract.css :: .short-videos__track
detalhe-anuncio.html,1280x800,containers/rails,.short-videos__track.detail-related-workers__track,height,1726.88,236.13,-1490.75,assets/css/pages/detalhe-anuncio.css :: .detail-related-workers__track | assets/css/pages/detalhe-anuncio-rail-parity.css :: .detail-related-workers__track | assets/css/components/cards/marketplace-card-contract.css :: .short-videos__track
detalhe-anuncio.html,1280x800,containers/rails,.short-videos__track.detail-related-workers__track,aspect-ratio,0.5,2.48,1.98,assets/css/pages/detalhe-anuncio.css :: .detail-related-workers__track | assets/css/pages/detalhe-anuncio-rail-parity.css :: .detail-related-workers__track | assets/css/components/cards/marketplace-card-contract.css :: .short-videos__track
detalhe-anuncio.html,1280x800,containers/rails,.short-videos__track.detail-related-workers__track,gap,14px,18px,4,assets/css/pages/detalhe-anuncio.css :: .detail-related-workers__track | assets/css/pages/detalhe-anuncio-rail-parity.css :: .detail-related-workers__track | assets/css/components/cards/marketplace-card-contract.css :: .short-videos__track
detalhe-anuncio.html,1280x800,containers/rails,.short-videos__track.detail-related-workers__track,row-gap,14px,18px,4,assets/css/pages/detalhe-anuncio.css :: .detail-related-workers__track | assets/css/pages/detalhe-anuncio-rail-parity.css :: .detail-related-workers__track | assets/css/components/cards/marketplace-card-contract.css :: .short-videos__track
detalhe-anuncio.html,1280x800,containers/rails,.short-videos__track.detail-related-workers__track,column-gap,14px,18px,4,assets/css/pages/detalhe-anuncio.css :: .detail-related-workers__track | assets/css/pages/detalhe-anuncio-rail-parity.css :: .detail-related-workers__track | assets/css/components/cards/marketplace-card-contract.css :: .short-videos__track
detalhe-anuncio.html,1280x800,containers/rails,.short-videos__track.detail-related-workers__track,measured-child-gap-x,,18,,assets/css/pages/detalhe-anuncio.css :: .detail-related-workers__track | assets/css/pages/detalhe-anuncio-rail-parity.css :: .detail-related-workers__track | assets/css/components/cards/marketplace-card-contract.css :: .short-videos__track
detalhe-anuncio.html,1280x800,containers/rails,.short-videos__track.detail-related-workers__track,measured-child-gap-y,0,,,assets/css/pages/detalhe-anuncio.css :: .detail-related-workers__track | assets/css/pages/detalhe-anuncio-rail-parity.css :: .detail-related-workers__track | assets/css/components/cards/marketplace-card-contract.css :: .short-videos__track
detalhe-anuncio.html,1280x800,containers/rails,.short-videos__track.detail-related-workers__track,media.height,153.59,236.13,82.54,assets/css/pages/detalhe-anuncio.css :: .detail-related-workers__track | assets/css/pages/detalhe-anuncio-rail-parity.css :: .detail-related-workers__track | assets/css/components/cards/marketplace-card-contract.css :: .short-videos__track
detalhe-anuncio.html,1280x800,containers/rails,.short-videos__track.detail-related-workers__track,media.aspect-ratio,5.56,0.56,-5,assets/css/pages/detalhe-anuncio.css :: .detail-related-workers__track | assets/css/pages/detalhe-anuncio-rail-parity.css :: .detail-related-workers__track | assets/css/components/cards/marketplace-card-contract.css :: .short-videos__track
detalhe-anuncio.html,1280x800,containers/rails,.content-rail.doke-scroll-rail.home-media-rail.home-media-rail--publications.detail-related-media-rail,y,2387.92,3279.3,891.38,assets/css/components/shell/doke-shell-contract.css :: .content-rail | assets/css/pages/detalhe-anuncio.css :: .content-rail | assets/css/pages/detalhe-anuncio-rail-parity.css :: .content-rail | assets/css/components/cards/marketplace-card-contract.css :: .content-rail
detalhe-anuncio.html,1280x800,containers/rails,.content-rail.doke-scroll-rail.home-media-rail.home-media-rail--publications.detail-related-media-rail,width,912,585.28,-326.72,assets/css/components/shell/doke-shell-contract.css :: .content-rail | assets/css/pages/detalhe-anuncio.css :: .content-rail | assets/css/pages/detalhe-anuncio-rail-parity.css :: .content-rail | assets/css/components/cards/marketplace-card-contract.css :: .content-rail
detalhe-anuncio.html,1280x800,containers/rails,.content-rail.doke-scroll-rail.home-media-rail.home-media-rail--publications.detail-related-media-rail,height,334.88,330,-4.88,assets/css/components/shell/doke-shell-contract.css :: .content-rail | assets/css/pages/detalhe-anuncio.css :: .content-rail | assets/css/pages/detalhe-anuncio-rail-parity.css :: .content-rail | assets/css/components/cards/marketplace-card-contract.css :: .content-rail
detalhe-anuncio.html,1280x800,containers/rails,.content-rail.doke-scroll-rail.home-media-rail.home-media-rail--publications.detail-related-media-rail,padding.right,68,0,-68,assets/css/components/shell/doke-shell-contract.css :: .content-rail | assets/css/pages/detalhe-anuncio.css :: .content-rail | assets/css/pages/detalhe-anuncio-rail-parity.css :: .content-rail | assets/css/components/cards/marketplace-card-contract.css :: .content-rail
detalhe-anuncio.html,1280x800,containers/rails,.content-rail.doke-scroll-rail.home-media-rail.home-media-rail--publications.detail-related-media-rail,padding.left,68,0,-68,assets/css/components/shell/doke-shell-contract.css :: .content-rail | assets/css/pages/detalhe-anuncio.css :: .content-rail | assets/css/pages/detalhe-anuncio-rail-parity.css :: .content-rail | assets/css/components/cards/marketplace-card-contract.css :: .content-rail
detalhe-anuncio.html,1280x800,containers/rails,.content-rail.doke-scroll-rail.home-media-rail.home-media-rail--publications.detail-related-media-rail,aspect-ratio,2.72,1.77,-0.95,assets/css/components/shell/doke-shell-contract.css :: .content-rail | assets/css/pages/detalhe-anuncio.css :: .content-rail | assets/css/pages/detalhe-anuncio-rail-parity.css :: .content-rail | assets/css/components/cards/marketplace-card-contract.css :: .content-rail
detalhe-anuncio.html,1280x800,containers/rails,.content-rail.doke-scroll-rail.home-media-rail.home-media-rail--publications.detail-related-media-rail,media.height,334.88,330,-4.88,assets/css/components/shell/doke-shell-contract.css :: .content-rail | assets/css/pages/detalhe-anuncio.css :: .content-rail | assets/css/pages/detalhe-anuncio-rail-parity.css :: .content-rail | assets/css/components/cards/marketplace-card-contract.css :: .content-rail
detalhe-anuncio.html,1280x800,containers/rails,.content-rail.doke-scroll-rail.home-media-rail.home-media-rail--publications.detail-related-media-rail,media.aspect-ratio,2.72,1.77,-0.95,assets/css/components/shell/doke-shell-contract.css :: .content-rail | assets/css/pages/detalhe-anuncio.css :: .content-rail | assets/css/pages/detalhe-anuncio-rail-parity.css :: .content-rail | assets/css/components/cards/marketplace-card-contract.css :: .content-rail
detalhe-anuncio.html,1280x800,containers/rails,.content-rail.doke-scroll-rail.home-media-rail.home-media-rail--publications.detail-related-media-rail,texto cortado,false,true,,assets/css/components/shell/doke-shell-contract.css :: .content-rail | assets/css/pages/detalhe-anuncio.css :: .content-rail | assets/css/pages/detalhe-anuncio-rail-parity.css :: .content-rail | assets/css/components/cards/marketplace-card-contract.css :: .content-rail
detalhe-anuncio.html,1280x800,containers/rails,.publication-grid.detail-related-publications__track,x,396,326.41,-69.59,assets/css/pages/detalhe-anuncio.css :: .detail-related-publications__track | assets/css/pages/detalhe-anuncio-rail-parity.css :: .detail-related-publications__track | assets/css/components/cards/marketplace-card-contract.css :: .publication-grid
detalhe-anuncio.html,1280x800,containers/rails,.publication-grid.detail-related-publications__track,y,2387.92,3279.3,891.38,assets/css/pages/detalhe-anuncio.css :: .detail-related-publications__track | assets/css/pages/detalhe-anuncio-rail-parity.css :: .detail-related-publications__track | assets/css/components/cards/marketplace-card-contract.css :: .publication-grid
detalhe-anuncio.html,1280x800,containers/rails,.publication-grid.detail-related-publications__track,width,776,585.28,-190.72,assets/css/pages/detalhe-anuncio.css :: .detail-related-publications__track | assets/css/pages/detalhe-anuncio-rail-parity.css :: .detail-related-publications__track | assets/css/components/cards/marketplace-card-contract.css :: .publication-grid
detalhe-anuncio.html,1280x800,containers/rails,.publication-grid.detail-related-publications__track,height,334.88,330,-4.88,assets/css/pages/detalhe-anuncio.css :: .detail-related-publications__track | assets/css/pages/detalhe-anuncio-rail-parity.css :: .detail-related-publications__track | assets/css/components/cards/marketplace-card-contract.css :: .publication-grid
detalhe-anuncio.html,1280x800,containers/rails,.publication-grid.detail-related-publications__track,padding.top,4,0,-4,assets/css/pages/detalhe-anuncio.css :: .detail-related-publications__track | assets/css/pages/detalhe-anuncio-rail-parity.css :: .detail-related-publications__track | assets/css/components/cards/marketplace-card-contract.css :: .publication-grid
detalhe-anuncio.html,1280x800,containers/rails,.publication-grid.detail-related-publications__track,padding.bottom,10,0,-10,assets/css/pages/detalhe-anuncio.css :: .detail-related-publications__track | assets/css/pages/detalhe-anuncio-rail-parity.css :: .detail-related-publications__track | assets/css/components/cards/marketplace-card-contract.css :: .publication-grid
detalhe-anuncio.html,1280x800,containers/rails,.publication-grid.detail-related-publications__track,aspect-ratio,2.32,1.77,-0.55,assets/css/pages/detalhe-anuncio.css :: .detail-related-publications__track | assets/css/pages/detalhe-anuncio-rail-parity.css :: .detail-related-publications__track | assets/css/components/cards/marketplace-card-contract.css :: .publication-grid
detalhe-anuncio.html,1280x800,containers/rails,.publication-grid.detail-related-publications__track,media.height,320.88,198.39,-122.49,assets/css/pages/detalhe-anuncio.css :: .detail-related-publications__track | assets/css/pages/detalhe-anuncio-rail-parity.css :: .detail-related-publications__track | assets/css/components/cards/marketplace-card-contract.css :: .publication-grid
detalhe-anuncio.html,1280x800,containers/rails,.publication-grid.detail-related-publications__track,media.aspect-ratio,0.56,0.92,0.36,assets/css/pages/detalhe-anuncio.css :: .detail-related-publications__track | assets/css/pages/detalhe-anuncio-rail-parity.css :: .detail-related-publications__track | assets/css/components/cards/marketplace-card-contract.css :: .publication-grid
detalhe-anuncio.html,1280x800,containers/rails,.publication-grid.detail-related-publications__track,media.border-radius,24px,22px 22px 0px 0px,,assets/css/pages/detalhe-anuncio.css :: .detail-related-publications__track | assets/css/pages/detalhe-anuncio-rail-parity.css :: .detail-related-publications__track | assets/css/components/cards/marketplace-card-contract.css :: .publication-grid
detalhe-anuncio.html,1280x800,containers/rails,.publication-grid.detail-related-publications__track,texto cortado,false,true,,assets/css/pages/detalhe-anuncio.css :: .detail-related-publications__track | assets/css/pages/detalhe-anuncio-rail-parity.css :: .detail-related-publications__track | assets/css/components/cards/marketplace-card-contract.css :: .publication-grid
detalhe-anuncio.html,1280x800,doke-ad-card,.doke-ad-card.doke-ad-card--similar,x,356,326.41,-29.59,assets/css/components/shell/doke-shell-contract.css :: .doke-ad-card | assets/css/pages/detalhe-anuncio.css :: .doke-ad-card | assets/css/pages/detalhe-anuncio-rail-parity.css :: .doke-ad-card | assets/css/components/cards/marketplace-card-contract.css :: .doke-ad-card
detalhe-anuncio.html,1280x800,doke-ad-card,.doke-ad-card.doke-ad-card--similar,y,571.59,3756.52,3184.93,assets/css/components/shell/doke-shell-contract.css :: .doke-ad-card | assets/css/pages/detalhe-anuncio.css :: .doke-ad-card | assets/css/pages/detalhe-anuncio-rail-parity.css :: .doke-ad-card | assets/css/components/cards/marketplace-card-contract.css :: .doke-ad-card
detalhe-anuncio.html,1280x800,doke-ad-card,.doke-ad-card.doke-ad-card--similar,width,856,270.2,-585.8,assets/css/components/shell/doke-shell-contract.css :: .doke-ad-card | assets/css/pages/detalhe-anuncio.css :: .doke-ad-card | assets/css/pages/detalhe-anuncio-rail-parity.css :: .doke-ad-card | assets/css/components/cards/marketplace-card-contract.css :: .doke-ad-card
detalhe-anuncio.html,1280x800,doke-ad-card,.doke-ad-card.doke-ad-card--similar,height,560.47,457.39,-103.08,assets/css/components/shell/doke-shell-contract.css :: .doke-ad-card | assets/css/pages/detalhe-anuncio.css :: .doke-ad-card | assets/css/pages/detalhe-anuncio-rail-parity.css :: .doke-ad-card | assets/css/components/cards/marketplace-card-contract.css :: .doke-ad-card
detalhe-anuncio.html,1280x800,doke-ad-card,.doke-ad-card.doke-ad-card--similar,border-radius,24px,22px,,assets/css/components/shell/doke-shell-contract.css :: .doke-ad-card | assets/css/pages/detalhe-anuncio.css :: .doke-ad-card | assets/css/pages/detalhe-anuncio-rail-parity.css :: .doke-ad-card | assets/css/components/cards/marketplace-card-contract.css :: .doke-ad-card
detalhe-anuncio.html,1280x800,doke-ad-card,.doke-ad-card.doke-ad-card--similar,box-shadow,"rgba(19, 48, 82, 0.08) 0px 10px 28px 0px","rgba(15, 45, 75, 0.043) 0px 8px 24px 0px",,assets/css/components/shell/doke-shell-contract.css :: .doke-ad-card | assets/css/pages/detalhe-anuncio.css :: .doke-ad-card | assets/css/pages/detalhe-anuncio-rail-parity.css :: .doke-ad-card | assets/css/components/cards/marketplace-card-contract.css :: .doke-ad-card
detalhe-anuncio.html,1280x800,doke-ad-card,.doke-ad-card.doke-ad-card--similar,aspect-ratio,1.53,0.59,-0.94,assets/css/components/shell/doke-shell-contract.css :: .doke-ad-card | assets/css/pages/detalhe-anuncio.css :: .doke-ad-card | assets/css/pages/detalhe-anuncio-rail-parity.css :: .doke-ad-card | assets/css/components/cards/marketplace-card-contract.css :: .doke-ad-card
detalhe-anuncio.html,1280x800,doke-ad-card,.doke-ad-card.doke-ad-card--similar,media.height,153.59,184,30.41,assets/css/components/shell/doke-shell-contract.css :: .doke-ad-card | assets/css/pages/detalhe-anuncio.css :: .doke-ad-card | assets/css/pages/detalhe-anuncio-rail-parity.css :: .doke-ad-card | assets/css/components/cards/marketplace-card-contract.css :: .doke-ad-card
detalhe-anuncio.html,1280x800,doke-ad-card,.doke-ad-card.doke-ad-card--similar,media.aspect-ratio,5.56,1.46,-4.1,assets/css/components/shell/doke-shell-contract.css :: .doke-ad-card | assets/css/pages/detalhe-anuncio.css :: .doke-ad-card | assets/css/pages/detalhe-anuncio-rail-parity.css :: .doke-ad-card | assets/css/components/cards/marketplace-card-contract.css :: .doke-ad-card
detalhe-anuncio.html,1280x800,doke-ad-card,.doke-ad-card.doke-ad-card--similar,texto cortado,false,true,,assets/css/components/shell/doke-shell-contract.css :: .doke-ad-card | assets/css/pages/detalhe-anuncio.css :: .doke-ad-card | assets/css/pages/detalhe-anuncio-rail-parity.css :: .doke-ad-card | assets/css/components/cards/marketplace-card-contract.css :: .doke-ad-card
detalhe-anuncio.html,1280x800,doke-ad-card,.doke-ad-card.doke-ad-card--similar,x,356,614.61,258.61,assets/css/components/shell/doke-shell-contract.css :: .doke-ad-card | assets/css/pages/detalhe-anuncio.css :: .doke-ad-card | assets/css/pages/detalhe-anuncio-rail-parity.css :: .doke-ad-card | assets/css/components/cards/marketplace-card-contract.css :: .doke-ad-card
detalhe-anuncio.html,1280x800,doke-ad-card,.doke-ad-card.doke-ad-card--similar,y,1132.06,3756.52,2624.46,assets/css/components/shell/doke-shell-contract.css :: .doke-ad-card | assets/css/pages/detalhe-anuncio.css :: .doke-ad-card | assets/css/pages/detalhe-anuncio-rail-parity.css :: .doke-ad-card | assets/css/components/cards/marketplace-card-contract.css :: .doke-ad-card
detalhe-anuncio.html,1280x800,doke-ad-card,.doke-ad-card.doke-ad-card--similar,width,856,270.2,-585.8,assets/css/components/shell/doke-shell-contract.css :: .doke-ad-card | assets/css/pages/detalhe-anuncio.css :: .doke-ad-card | assets/css/pages/detalhe-anuncio-rail-parity.css :: .doke-ad-card | assets/css/components/cards/marketplace-card-contract.css :: .doke-ad-card
detalhe-anuncio.html,1280x800,doke-ad-card,.doke-ad-card.doke-ad-card--similar,height,566.48,457.39,-109.09,assets/css/components/shell/doke-shell-contract.css :: .doke-ad-card | assets/css/pages/detalhe-anuncio.css :: .doke-ad-card | assets/css/pages/detalhe-anuncio-rail-parity.css :: .doke-ad-card | assets/css/components/cards/marketplace-card-contract.css :: .doke-ad-card
detalhe-anuncio.html,1280x800,doke-ad-card,.doke-ad-card.doke-ad-card--similar,border-radius,24px,22px,,assets/css/components/shell/doke-shell-contract.css :: .doke-ad-card | assets/css/pages/detalhe-anuncio.css :: .doke-ad-card | assets/css/pages/detalhe-anuncio-rail-parity.css :: .doke-ad-card | assets/css/components/cards/marketplace-card-contract.css :: .doke-ad-card
detalhe-anuncio.html,1280x800,doke-ad-card,.doke-ad-card.doke-ad-card--similar,box-shadow,"rgba(19, 48, 82, 0.08) 0px 10px 28px 0px","rgba(15, 45, 75, 0.043) 0px 8px 24px 0px",,assets/css/components/shell/doke-shell-contract.css :: .doke-ad-card | assets/css/pages/detalhe-anuncio.css :: .doke-ad-card | assets/css/pages/detalhe-anuncio-rail-parity.css :: .doke-ad-card | assets/css/components/cards/marketplace-card-contract.css :: .doke-ad-card
detalhe-anuncio.html,1280x800,doke-ad-card,.doke-ad-card.doke-ad-card--similar,aspect-ratio,1.51,0.59,-0.92,assets/css/components/shell/doke-shell-contract.css :: .doke-ad-card | assets/css/pages/detalhe-anuncio.css :: .doke-ad-card | assets/css/pages/detalhe-anuncio-rail-parity.css :: .doke-ad-card | assets/css/components/cards/marketplace-card-contract.css :: .doke-ad-card
detalhe-anuncio.html,1280x800,doke-ad-card,.doke-ad-card.doke-ad-card--similar,media.height,153.59,184,30.41,assets/css/components/shell/doke-shell-contract.css :: .doke-ad-card | assets/css/pages/detalhe-anuncio.css :: .doke-ad-card | assets/css/pages/detalhe-anuncio-rail-parity.css :: .doke-ad-card | assets/css/components/cards/marketplace-card-contract.css :: .doke-ad-card
detalhe-anuncio.html,1280x800,doke-ad-card,.doke-ad-card.doke-ad-card--similar,media.aspect-ratio,5.56,1.46,-4.1,assets/css/components/shell/doke-shell-contract.css :: .doke-ad-card | assets/css/pages/detalhe-anuncio.css :: .doke-ad-card | assets/css/pages/detalhe-anuncio-rail-parity.css :: .doke-ad-card | assets/css/components/cards/marketplace-card-contract.css :: .doke-ad-card
detalhe-anuncio.html,1280x800,doke-ad-card,.doke-ad-card.doke-ad-card--similar,texto cortado,false,true,,assets/css/components/shell/doke-shell-contract.css :: .doke-ad-card | assets/css/pages/detalhe-anuncio.css :: .doke-ad-card | assets/css/pages/detalhe-anuncio-rail-parity.css :: .doke-ad-card | assets/css/components/cards/marketplace-card-contract.css :: .doke-ad-card
detalhe-anuncio.html,1280x800,doke-ad-card,.doke-ad-card.doke-ad-card--similar,x,356,326.41,-29.59,assets/css/components/shell/doke-shell-contract.css :: .doke-ad-card | assets/css/pages/detalhe-anuncio.css :: .doke-ad-card | assets/css/pages/detalhe-anuncio-rail-parity.css :: .doke-ad-card | assets/css/components/cards/marketplace-card-contract.css :: .doke-ad-card
detalhe-anuncio.html,1280x800,doke-ad-card,.doke-ad-card.doke-ad-card--similar,y,1698.55,4231.91,2533.36,assets/css/components/shell/doke-shell-contract.css :: .doke-ad-card | assets/css/pages/detalhe-anuncio.css :: .doke-ad-card | assets/css/pages/detalhe-anuncio-rail-parity.css :: .doke-ad-card | assets/css/components/cards/marketplace-card-contract.css :: .doke-ad-card
detalhe-anuncio.html,1280x800,doke-ad-card,.doke-ad-card.doke-ad-card--similar,width,856,270.2,-585.8,assets/css/components/shell/doke-shell-contract.css :: .doke-ad-card | assets/css/pages/detalhe-anuncio.css :: .doke-ad-card | assets/css/pages/detalhe-anuncio-rail-parity.css :: .doke-ad-card | assets/css/components/cards/marketplace-card-contract.css :: .doke-ad-card
detalhe-anuncio.html,1280x800,doke-ad-card,.doke-ad-card.doke-ad-card--similar,height,599.92,457.39,-142.53,assets/css/components/shell/doke-shell-contract.css :: .doke-ad-card | assets/css/pages/detalhe-anuncio.css :: .doke-ad-card | assets/css/pages/detalhe-anuncio-rail-parity.css :: .doke-ad-card | assets/css/components/cards/marketplace-card-contract.css :: .doke-ad-card
detalhe-anuncio.html,1280x800,doke-ad-card,.doke-ad-card.doke-ad-card--similar,border-radius,24px,22px,,assets/css/components/shell/doke-shell-contract.css :: .doke-ad-card | assets/css/pages/detalhe-anuncio.css :: .doke-ad-card | assets/css/pages/detalhe-anuncio-rail-parity.css :: .doke-ad-card | assets/css/components/cards/marketplace-card-contract.css :: .doke-ad-card
detalhe-anuncio.html,1280x800,doke-ad-card,.doke-ad-card.doke-ad-card--similar,box-shadow,"rgba(19, 48, 82, 0.08) 0px 10px 28px 0px","rgba(15, 45, 75, 0.043) 0px 8px 24px 0px",,assets/css/components/shell/doke-shell-contract.css :: .doke-ad-card | assets/css/pages/detalhe-anuncio.css :: .doke-ad-card | assets/css/pages/detalhe-anuncio-rail-parity.css :: .doke-ad-card | assets/css/components/cards/marketplace-card-contract.css :: .doke-ad-card
detalhe-anuncio.html,1280x800,doke-ad-card,.doke-ad-card.doke-ad-card--similar,aspect-ratio,1.43,0.59,-0.84,assets/css/components/shell/doke-shell-contract.css :: .doke-ad-card | assets/css/pages/detalhe-anuncio.css :: .doke-ad-card | assets/css/pages/detalhe-anuncio-rail-parity.css :: .doke-ad-card | assets/css/components/cards/marketplace-card-contract.css :: .doke-ad-card
detalhe-anuncio.html,1280x800,doke-ad-card,.doke-ad-card.doke-ad-card--similar,media.height,153.59,184,30.41,assets/css/components/shell/doke-shell-contract.css :: .doke-ad-card | assets/css/pages/detalhe-anuncio.css :: .doke-ad-card | assets/css/pages/detalhe-anuncio-rail-parity.css :: .doke-ad-card | assets/css/components/cards/marketplace-card-contract.css :: .doke-ad-card
detalhe-anuncio.html,1280x800,doke-ad-card,.doke-ad-card.doke-ad-card--similar,media.aspect-ratio,5.56,1.46,-4.1,assets/css/components/shell/doke-shell-contract.css :: .doke-ad-card | assets/css/pages/detalhe-anuncio.css :: .doke-ad-card | assets/css/pages/detalhe-anuncio-rail-parity.css :: .doke-ad-card | assets/css/components/cards/marketplace-card-contract.css :: .doke-ad-card
detalhe-anuncio.html,1280x800,doke-ad-card,.doke-ad-card.doke-ad-card--similar,texto cortado,false,true,,assets/css/components/shell/doke-shell-contract.css :: .doke-ad-card | assets/css/pages/detalhe-anuncio.css :: .doke-ad-card | assets/css/pages/detalhe-anuncio-rail-parity.css :: .doke-ad-card | assets/css/components/cards/marketplace-card-contract.css :: .doke-ad-card
detalhe-anuncio.html,1280x800,doke-ad-card,.doke-ad-card.doke-ad-card--similar,x,356,614.61,258.61,assets/css/components/shell/doke-shell-contract.css :: .doke-ad-card | assets/css/pages/detalhe-anuncio.css :: .doke-ad-card | assets/css/pages/detalhe-anuncio-rail-parity.css :: .doke-ad-card | assets/css/components/cards/marketplace-card-contract.css :: .doke-ad-card
detalhe-anuncio.html,1280x800,doke-ad-card,.doke-ad-card.doke-ad-card--similar,y,3453.75,4231.91,778.16,assets/css/components/shell/doke-shell-contract.css :: .doke-ad-card | assets/css/pages/detalhe-anuncio.css :: .doke-ad-card | assets/css/pages/detalhe-anuncio-rail-parity.css :: .doke-ad-card | assets/css/components/cards/marketplace-card-contract.css :: .doke-ad-card
detalhe-anuncio.html,1280x800,doke-ad-card,.doke-ad-card.doke-ad-card--similar,width,273.33,270.2,-3.13,assets/css/components/shell/doke-shell-contract.css :: .doke-ad-card | assets/css/pages/detalhe-anuncio.css :: .doke-ad-card | assets/css/pages/detalhe-anuncio-rail-parity.css :: .doke-ad-card | assets/css/components/cards/marketplace-card-contract.css :: .doke-ad-card
detalhe-anuncio.html,1280x800,doke-ad-card,.doke-ad-card.doke-ad-card--similar,height,568.98,457.39,-111.59,assets/css/components/shell/doke-shell-contract.css :: .doke-ad-card | assets/css/pages/detalhe-anuncio.css :: .doke-ad-card | assets/css/pages/detalhe-anuncio-rail-parity.css :: .doke-ad-card | assets/css/components/cards/marketplace-card-contract.css :: .doke-ad-card
detalhe-anuncio.html,1280x800,doke-ad-card,.doke-ad-card.doke-ad-card--similar,border-radius,24px,22px,,assets/css/components/shell/doke-shell-contract.css :: .doke-ad-card | assets/css/pages/detalhe-anuncio.css :: .doke-ad-card | assets/css/pages/detalhe-anuncio-rail-parity.css :: .doke-ad-card | assets/css/components/cards/marketplace-card-contract.css :: .doke-ad-card
detalhe-anuncio.html,1280x800,doke-ad-card,.doke-ad-card.doke-ad-card--similar,box-shadow,"rgba(19, 48, 82, 0.08) 0px 10px 28px 0px","rgba(15, 45, 75, 0.043) 0px 8px 24px 0px",,assets/css/components/shell/doke-shell-contract.css :: .doke-ad-card | assets/css/pages/detalhe-anuncio.css :: .doke-ad-card | assets/css/pages/detalhe-anuncio-rail-parity.css :: .doke-ad-card | assets/css/components/cards/marketplace-card-contract.css :: .doke-ad-card
detalhe-anuncio.html,1280x800,doke-ad-card,.doke-ad-card.doke-ad-card--similar,aspect-ratio,0.48,0.59,0.11,assets/css/components/shell/doke-shell-contract.css :: .doke-ad-card | assets/css/pages/detalhe-anuncio.css :: .doke-ad-card | assets/css/pages/detalhe-anuncio-rail-parity.css :: .doke-ad-card | assets/css/components/cards/marketplace-card-contract.css :: .doke-ad-card
detalhe-anuncio.html,1280x800,doke-ad-card,.doke-ad-card.doke-ad-card--similar,media.height,153.59,184,30.41,assets/css/components/shell/doke-shell-contract.css :: .doke-ad-card | assets/css/pages/detalhe-anuncio.css :: .doke-ad-card | assets/css/pages/detalhe-anuncio-rail-parity.css :: .doke-ad-card | assets/css/components/cards/marketplace-card-contract.css :: .doke-ad-card
detalhe-anuncio.html,1280x800,doke-ad-card,.doke-ad-card.doke-ad-card--similar,media.aspect-ratio,1.77,1.46,-0.31,assets/css/components/shell/doke-shell-contract.css :: .doke-ad-card | assets/css/pages/detalhe-anuncio.css :: .doke-ad-card | assets/css/pages/detalhe-anuncio-rail-parity.css :: .doke-ad-card | assets/css/components/cards/marketplace-card-contract.css :: .doke-ad-card
detalhe-anuncio.html,1280x800,doke-ad-card,.doke-ad-card.doke-ad-card--similar,texto cortado,false,true,,assets/css/components/shell/doke-shell-contract.css :: .doke-ad-card | assets/css/pages/detalhe-anuncio.css :: .doke-ad-card | assets/css/pages/detalhe-anuncio-rail-parity.css :: .doke-ad-card | assets/css/components/cards/marketplace-card-contract.css :: .doke-ad-card
detalhe-anuncio.html,1280x800,publication-card,.publication-card.publication-card--photo.doke-card,x,396,326.41,-69.59,assets/css/components/shell/doke-shell-contract.css :: .doke-card | assets/css/components/shell/mobile-base-stability.css :: .doke-card | assets/css/components/cards/publication-card.css :: .publication-card | assets/css/pages/detalhe-anuncio.css :: .publication-card | assets/css/pages/detalhe-anuncio-rail-parity.css :: .publication-card | assets/css/components/cards/marketplace-card-contract.css :: .publication-card
detalhe-anuncio.html,1280x800,publication-card,.publication-card.publication-card--photo.doke-card,y,2816.25,3279.3,463.05,assets/css/components/shell/doke-shell-contract.css :: .doke-card | assets/css/components/shell/mobile-base-stability.css :: .doke-card | assets/css/components/cards/publication-card.css :: .publication-card | assets/css/pages/detalhe-anuncio.css :: .publication-card | assets/css/pages/detalhe-anuncio-rail-parity.css :: .publication-card | assets/css/components/cards/marketplace-card-contract.css :: .publication-card
detalhe-anuncio.html,1280x800,publication-card,.publication-card.publication-card--photo.doke-card,width,247.98,183.09,-64.89,assets/css/components/shell/doke-shell-contract.css :: .doke-card | assets/css/components/shell/mobile-base-stability.css :: .doke-card | assets/css/components/cards/publication-card.css :: .publication-card | assets/css/pages/detalhe-anuncio.css :: .publication-card | assets/css/pages/detalhe-anuncio-rail-parity.css :: .publication-card | assets/css/components/cards/marketplace-card-contract.css :: .publication-card
detalhe-anuncio.html,1280x800,publication-card,.publication-card.publication-card--photo.doke-card,height,440.69,330,-110.69,assets/css/components/shell/doke-shell-contract.css :: .doke-card | assets/css/components/shell/mobile-base-stability.css :: .doke-card | assets/css/components/cards/publication-card.css :: .publication-card | assets/css/pages/detalhe-anuncio.css :: .publication-card | assets/css/pages/detalhe-anuncio-rail-parity.css :: .publication-card | assets/css/components/cards/marketplace-card-contract.css :: .publication-card
detalhe-anuncio.html,1280x800,publication-card,.publication-card.publication-card--photo.doke-card,border-radius,24px,0px,,assets/css/components/shell/doke-shell-contract.css :: .doke-card | assets/css/components/shell/mobile-base-stability.css :: .doke-card | assets/css/components/cards/publication-card.css :: .publication-card | assets/css/pages/detalhe-anuncio.css :: .publication-card | assets/css/pages/detalhe-anuncio-rail-parity.css :: .publication-card | assets/css/components/cards/marketplace-card-contract.css :: .publication-card
detalhe-anuncio.html,1280x800,publication-card,.publication-card.publication-card--photo.doke-card,box-shadow,"rgba(19, 48, 82, 0.08) 0px 10px 28px 0px",none,,assets/css/components/shell/doke-shell-contract.css :: .doke-card | assets/css/components/shell/mobile-base-stability.css :: .doke-card | assets/css/components/cards/publication-card.css :: .publication-card | assets/css/pages/detalhe-anuncio.css :: .publication-card | assets/css/pages/detalhe-anuncio-rail-parity.css :: .publication-card | assets/css/components/cards/marketplace-card-contract.css :: .publication-card
detalhe-anuncio.html,1280x800,publication-card,.publication-card.publication-card--photo.doke-card,media.height,256,198.39,-57.61,assets/css/components/shell/doke-shell-contract.css :: .doke-card | assets/css/components/shell/mobile-base-stability.css :: .doke-card | assets/css/components/cards/publication-card.css :: .publication-card | assets/css/pages/detalhe-anuncio.css :: .publication-card | assets/css/pages/detalhe-anuncio-rail-parity.css :: .publication-card | assets/css/components/cards/marketplace-card-contract.css :: .publication-card
detalhe-anuncio.html,1280x800,publication-card,.publication-card.publication-card--photo.doke-card,media.aspect-ratio,0.88,0.92,0.04,assets/css/components/shell/doke-shell-contract.css :: .doke-card | assets/css/components/shell/mobile-base-stability.css :: .doke-card | assets/css/components/cards/publication-card.css :: .publication-card | assets/css/pages/detalhe-anuncio.css :: .publication-card | assets/css/pages/detalhe-anuncio-rail-parity.css :: .publication-card | assets/css/components/cards/marketplace-card-contract.css :: .publication-card
detalhe-anuncio.html,1280x800,publication-card,.publication-card.publication-card--photo.doke-card,media.border-radius,18px,22px 22px 0px 0px,,assets/css/components/shell/doke-shell-contract.css :: .doke-card | assets/css/components/shell/mobile-base-stability.css :: .doke-card | assets/css/components/cards/publication-card.css :: .publication-card | assets/css/pages/detalhe-anuncio.css :: .publication-card | assets/css/pages/detalhe-anuncio-rail-parity.css :: .publication-card | assets/css/components/cards/marketplace-card-contract.css :: .publication-card
detalhe-anuncio.html,1280x800,publication-card,.publication-card.publication-card--photo.doke-card,texto cortado,false,true,,assets/css/components/shell/doke-shell-contract.css :: .doke-card | assets/css/components/shell/mobile-base-stability.css :: .doke-card | assets/css/components/cards/publication-card.css :: .publication-card | assets/css/pages/detalhe-anuncio.css :: .publication-card | assets/css/pages/detalhe-anuncio-rail-parity.css :: .publication-card | assets/css/components/cards/marketplace-card-contract.css :: .publication-card
detalhe-anuncio.html,1280x800,publication-card,.publication-card.publication-card--video.doke-card,x,659.98,527.5,-132.48,assets/css/components/shell/doke-shell-contract.css :: .doke-card | assets/css/components/shell/mobile-base-stability.css :: .doke-card | assets/css/components/cards/publication-card.css :: .publication-card | assets/css/pages/detalhe-anuncio.css :: .publication-card | assets/css/pages/detalhe-anuncio-rail-parity.css :: .publication-card | assets/css/components/cards/marketplace-card-contract.css :: .publication-card
detalhe-anuncio.html,1280x800,publication-card,.publication-card.publication-card--video.doke-card,y,2816.25,3279.3,463.05,assets/css/components/shell/doke-shell-contract.css :: .doke-card | assets/css/components/shell/mobile-base-stability.css :: .doke-card | assets/css/components/cards/publication-card.css :: .publication-card | assets/css/pages/detalhe-anuncio.css :: .publication-card | assets/css/pages/detalhe-anuncio-rail-parity.css :: .publication-card | assets/css/components/cards/marketplace-card-contract.css :: .publication-card
detalhe-anuncio.html,1280x800,publication-card,.publication-card.publication-card--video.doke-card,width,247.98,183.09,-64.89,assets/css/components/shell/doke-shell-contract.css :: .doke-card | assets/css/components/shell/mobile-base-stability.css :: .doke-card | assets/css/components/cards/publication-card.css :: .publication-card | assets/css/pages/detalhe-anuncio.css :: .publication-card | assets/css/pages/detalhe-anuncio-rail-parity.css :: .publication-card | assets/css/components/cards/marketplace-card-contract.css :: .publication-card
detalhe-anuncio.html,1280x800,publication-card,.publication-card.publication-card--video.doke-card,height,440.69,330,-110.69,assets/css/components/shell/doke-shell-contract.css :: .doke-card | assets/css/components/shell/mobile-base-stability.css :: .doke-card | assets/css/components/cards/publication-card.css :: .publication-card | assets/css/pages/detalhe-anuncio.css :: .publication-card | assets/css/pages/detalhe-anuncio-rail-parity.css :: .publication-card | assets/css/components/cards/marketplace-card-contract.css :: .publication-card
detalhe-anuncio.html,1280x800,publication-card,.publication-card.publication-card--video.doke-card,border-radius,24px,0px,,assets/css/components/shell/doke-shell-contract.css :: .doke-card | assets/css/components/shell/mobile-base-stability.css :: .doke-card | assets/css/components/cards/publication-card.css :: .publication-card | assets/css/pages/detalhe-anuncio.css :: .publication-card | assets/css/pages/detalhe-anuncio-rail-parity.css :: .publication-card | assets/css/components/cards/marketplace-card-contract.css :: .publication-card
detalhe-anuncio.html,1280x800,publication-card,.publication-card.publication-card--video.doke-card,box-shadow,"rgba(19, 48, 82, 0.08) 0px 10px 28px 0px",none,,assets/css/components/shell/doke-shell-contract.css :: .doke-card | assets/css/components/shell/mobile-base-stability.css :: .doke-card | assets/css/components/cards/publication-card.css :: .publication-card | assets/css/pages/detalhe-anuncio.css :: .publication-card | assets/css/pages/detalhe-anuncio-rail-parity.css :: .publication-card | assets/css/components/cards/marketplace-card-contract.css :: .publication-card
detalhe-anuncio.html,1280x800,publication-card,.publication-card.publication-card--video.doke-card,media.height,256,198.39,-57.61,assets/css/components/shell/doke-shell-contract.css :: .doke-card | assets/css/components/shell/mobile-base-stability.css :: .doke-card | assets/css/components/cards/publication-card.css :: .publication-card | assets/css/pages/detalhe-anuncio.css :: .publication-card | assets/css/pages/detalhe-anuncio-rail-parity.css :: .publication-card | assets/css/components/cards/marketplace-card-contract.css :: .publication-card
detalhe-anuncio.html,1280x800,publication-card,.publication-card.publication-card--video.doke-card,media.aspect-ratio,0.88,0.92,0.04,assets/css/components/shell/doke-shell-contract.css :: .doke-card | assets/css/components/shell/mobile-base-stability.css :: .doke-card | assets/css/components/cards/publication-card.css :: .publication-card | assets/css/pages/detalhe-anuncio.css :: .publication-card | assets/css/pages/detalhe-anuncio-rail-parity.css :: .publication-card | assets/css/components/cards/marketplace-card-contract.css :: .publication-card
detalhe-anuncio.html,1280x800,publication-card,.publication-card.publication-card--video.doke-card,media.border-radius,18px,22px 22px 0px 0px,,assets/css/components/shell/doke-shell-contract.css :: .doke-card | assets/css/components/shell/mobile-base-stability.css :: .doke-card | assets/css/components/cards/publication-card.css :: .publication-card | assets/css/pages/detalhe-anuncio.css :: .publication-card | assets/css/pages/detalhe-anuncio-rail-parity.css :: .publication-card | assets/css/components/cards/marketplace-card-contract.css :: .publication-card
detalhe-anuncio.html,1280x800,publication-card,.publication-card.publication-card--video.doke-card,texto cortado,false,true,,assets/css/components/shell/doke-shell-contract.css :: .doke-card | assets/css/components/shell/mobile-base-stability.css :: .doke-card | assets/css/components/cards/publication-card.css :: .publication-card | assets/css/pages/detalhe-anuncio.css :: .publication-card | assets/css/pages/detalhe-anuncio-rail-parity.css :: .publication-card | assets/css/components/cards/marketplace-card-contract.css :: .publication-card
detalhe-anuncio.html,1280x800,publication-card,.publication-card.publication-card--before-after.doke-card,x,923.97,728.59,-195.38,assets/css/components/shell/doke-shell-contract.css :: .doke-card | assets/css/components/shell/mobile-base-stability.css :: .doke-card | assets/css/components/cards/publication-card.css :: .publication-card | assets/css/pages/detalhe-anuncio.css :: .publication-card | assets/css/pages/detalhe-anuncio-rail-parity.css :: .publication-card | assets/css/components/cards/marketplace-card-contract.css :: .publication-card
detalhe-anuncio.html,1280x800,publication-card,.publication-card.publication-card--before-after.doke-card,y,2816.25,3279.3,463.05,assets/css/components/shell/doke-shell-contract.css :: .doke-card | assets/css/components/shell/mobile-base-stability.css :: .doke-card | assets/css/components/cards/publication-card.css :: .publication-card | assets/css/pages/detalhe-anuncio.css :: .publication-card | assets/css/pages/detalhe-anuncio-rail-parity.css :: .publication-card | assets/css/components/cards/marketplace-card-contract.css :: .publication-card
detalhe-anuncio.html,1280x800,publication-card,.publication-card.publication-card--before-after.doke-card,width,247.98,183.09,-64.89,assets/css/components/shell/doke-shell-contract.css :: .doke-card | assets/css/components/shell/mobile-base-stability.css :: .doke-card | assets/css/components/cards/publication-card.css :: .publication-card | assets/css/pages/detalhe-anuncio.css :: .publication-card | assets/css/pages/detalhe-anuncio-rail-parity.css :: .publication-card | assets/css/components/cards/marketplace-card-contract.css :: .publication-card
detalhe-anuncio.html,1280x800,publication-card,.publication-card.publication-card--before-after.doke-card,height,440.69,330,-110.69,assets/css/components/shell/doke-shell-contract.css :: .doke-card | assets/css/components/shell/mobile-base-stability.css :: .doke-card | assets/css/components/cards/publication-card.css :: .publication-card | assets/css/pages/detalhe-anuncio.css :: .publication-card | assets/css/pages/detalhe-anuncio-rail-parity.css :: .publication-card | assets/css/components/cards/marketplace-card-contract.css :: .publication-card
detalhe-anuncio.html,1280x800,publication-card,.publication-card.publication-card--before-after.doke-card,border-radius,24px,0px,,assets/css/components/shell/doke-shell-contract.css :: .doke-card | assets/css/components/shell/mobile-base-stability.css :: .doke-card | assets/css/components/cards/publication-card.css :: .publication-card | assets/css/pages/detalhe-anuncio.css :: .publication-card | assets/css/pages/detalhe-anuncio-rail-parity.css :: .publication-card | assets/css/components/cards/marketplace-card-contract.css :: .publication-card
detalhe-anuncio.html,1280x800,publication-card,.publication-card.publication-card--before-after.doke-card,box-shadow,"rgba(19, 48, 82, 0.08) 0px 10px 28px 0px",none,,assets/css/components/shell/doke-shell-contract.css :: .doke-card | assets/css/components/shell/mobile-base-stability.css :: .doke-card | assets/css/components/cards/publication-card.css :: .publication-card | assets/css/pages/detalhe-anuncio.css :: .publication-card | assets/css/pages/detalhe-anuncio-rail-parity.css :: .publication-card | assets/css/components/cards/marketplace-card-contract.css :: .publication-card
detalhe-anuncio.html,1280x800,publication-card,.publication-card.publication-card--before-after.doke-card,media.height,256,198.39,-57.61,assets/css/components/shell/doke-shell-contract.css :: .doke-card | assets/css/components/shell/mobile-base-stability.css :: .doke-card | assets/css/components/cards/publication-card.css :: .publication-card | assets/css/pages/detalhe-anuncio.css :: .publication-card | assets/css/pages/detalhe-anuncio-rail-parity.css :: .publication-card | assets/css/components/cards/marketplace-card-contract.css :: .publication-card
detalhe-anuncio.html,1280x800,publication-card,.publication-card.publication-card--before-after.doke-card,media.aspect-ratio,0.88,0.92,0.04,assets/css/components/shell/doke-shell-contract.css :: .doke-card | assets/css/components/shell/mobile-base-stability.css :: .doke-card | assets/css/components/cards/publication-card.css :: .publication-card | assets/css/pages/detalhe-anuncio.css :: .publication-card | assets/css/pages/detalhe-anuncio-rail-parity.css :: .publication-card | assets/css/components/cards/marketplace-card-contract.css :: .publication-card
detalhe-anuncio.html,1280x800,publication-card,.publication-card.publication-card--before-after.doke-card,media.border-radius,18px,22px 22px 0px 0px,,assets/css/components/shell/doke-shell-contract.css :: .doke-card | assets/css/components/shell/mobile-base-stability.css :: .doke-card | assets/css/components/cards/publication-card.css :: .publication-card | assets/css/pages/detalhe-anuncio.css :: .publication-card | assets/css/pages/detalhe-anuncio-rail-parity.css :: .publication-card | assets/css/components/cards/marketplace-card-contract.css :: .publication-card
detalhe-anuncio.html,1280x800,publication-card,.publication-card.publication-card--before-after.doke-card,texto cortado,false,true,,assets/css/components/shell/doke-shell-contract.css :: .doke-card | assets/css/components/shell/mobile-base-stability.css :: .doke-card | assets/css/components/cards/publication-card.css :: .publication-card | assets/css/pages/detalhe-anuncio.css :: .publication-card | assets/css/pages/detalhe-anuncio-rail-parity.css :: .publication-card | assets/css/components/cards/marketplace-card-contract.css :: .publication-card
detalhe-anuncio.html,1280x800,video-card / worker card,.video-card.video-card--one.doke-card.doke-worker-card.doke-media-card,x,396,326.41,-69.59,assets/css/components/shell/doke-shell-contract.css :: .doke-card | assets/css/components/shell/mobile-base-stability.css :: .doke-card | assets/css/components/cards/worker-card.css :: .video-card | assets/css/pages/detalhe-anuncio.css :: .video-card | assets/css/pages/detalhe-anuncio-rail-parity.css :: .video-card | assets/css/components/cards/marketplace-card-contract.css :: .video-card
detalhe-anuncio.html,1280x800,video-card / worker card,.video-card.video-card--one.doke-card.doke-worker-card.doke-media-card,y,2391.92,2895.95,504.03,assets/css/components/shell/doke-shell-contract.css :: .doke-card | assets/css/components/shell/mobile-base-stability.css :: .doke-card | assets/css/components/cards/worker-card.css :: .video-card | assets/css/pages/detalhe-anuncio.css :: .video-card | assets/css/pages/detalhe-anuncio-rail-parity.css :: .video-card | assets/css/components/cards/marketplace-card-contract.css :: .video-card
detalhe-anuncio.html,1280x800,video-card / worker card,.video-card.video-card--one.doke-card.doke-worker-card.doke-media-card,width,180.5,132.81,-47.69,assets/css/components/shell/doke-shell-contract.css :: .doke-card | assets/css/components/shell/mobile-base-stability.css :: .doke-card | assets/css/components/cards/worker-card.css :: .video-card | assets/css/pages/detalhe-anuncio.css :: .video-card | assets/css/pages/detalhe-anuncio-rail-parity.css :: .video-card | assets/css/components/cards/marketplace-card-contract.css :: .video-card
detalhe-anuncio.html,1280x800,video-card / worker card,.video-card.video-card--one.doke-card.doke-worker-card.doke-media-card,height,320.88,236.13,-84.75,assets/css/components/shell/doke-shell-contract.css :: .doke-card | assets/css/components/shell/mobile-base-stability.css :: .doke-card | assets/css/components/cards/worker-card.css :: .video-card | assets/css/pages/detalhe-anuncio.css :: .video-card | assets/css/pages/detalhe-anuncio-rail-parity.css :: .video-card | assets/css/components/cards/marketplace-card-contract.css :: .video-card
detalhe-anuncio.html,1280x800,video-card / worker card,.video-card.video-card--one.doke-card.doke-worker-card.doke-media-card,border-radius,24px,0px,,assets/css/components/shell/doke-shell-contract.css :: .doke-card | assets/css/components/shell/mobile-base-stability.css :: .doke-card | assets/css/components/cards/worker-card.css :: .video-card | assets/css/pages/detalhe-anuncio.css :: .video-card | assets/css/pages/detalhe-anuncio-rail-parity.css :: .video-card | assets/css/components/cards/marketplace-card-contract.css :: .video-card
detalhe-anuncio.html,1280x800,video-card / worker card,.video-card.video-card--one.doke-card.doke-worker-card.doke-media-card,box-shadow,"rgba(19, 48, 82, 0.08) 0px 10px 28px 0px",none,,assets/css/components/shell/doke-shell-contract.css :: .doke-card | assets/css/components/shell/mobile-base-stability.css :: .doke-card | assets/css/components/cards/worker-card.css :: .video-card | assets/css/pages/detalhe-anuncio.css :: .video-card | assets/css/pages/detalhe-anuncio-rail-parity.css :: .video-card | assets/css/components/cards/marketplace-card-contract.css :: .video-card
detalhe-anuncio.html,1280x800,video-card / worker card,.video-card.video-card--one.doke-card.doke-worker-card.doke-media-card,media.height,320.88,236.13,-84.75,assets/css/components/shell/doke-shell-contract.css :: .doke-card | assets/css/components/shell/mobile-base-stability.css :: .doke-card | assets/css/components/cards/worker-card.css :: .video-card | assets/css/pages/detalhe-anuncio.css :: .video-card | assets/css/pages/detalhe-anuncio-rail-parity.css :: .video-card | assets/css/components/cards/marketplace-card-contract.css :: .video-card
detalhe-anuncio.html,1280x800,video-card / worker card,.video-card.video-card--one.doke-card.doke-worker-card.doke-media-card,media.border-radius,24px,0px,,assets/css/components/shell/doke-shell-contract.css :: .doke-card | assets/css/components/shell/mobile-base-stability.css :: .doke-card | assets/css/components/cards/worker-card.css :: .video-card | assets/css/pages/detalhe-anuncio.css :: .video-card | assets/css/pages/detalhe-anuncio-rail-parity.css :: .video-card | assets/css/components/cards/marketplace-card-contract.css :: .video-card
detalhe-anuncio.html,1280x800,video-card / worker card,.video-card.video-card--two.doke-card.doke-worker-card.doke-media-card,x,594.5,477.22,-117.28,assets/css/components/shell/doke-shell-contract.css :: .doke-card | assets/css/components/shell/mobile-base-stability.css :: .doke-card | assets/css/components/cards/worker-card.css :: .video-card | assets/css/pages/detalhe-anuncio.css :: .video-card | assets/css/pages/detalhe-anuncio-rail-parity.css :: .video-card | assets/css/components/cards/marketplace-card-contract.css :: .video-card
detalhe-anuncio.html,1280x800,video-card / worker card,.video-card.video-card--two.doke-card.doke-worker-card.doke-media-card,y,2391.92,2895.95,504.03,assets/css/components/shell/doke-shell-contract.css :: .doke-card | assets/css/components/shell/mobile-base-stability.css :: .doke-card | assets/css/components/cards/worker-card.css :: .video-card | assets/css/pages/detalhe-anuncio.css :: .video-card | assets/css/pages/detalhe-anuncio-rail-parity.css :: .video-card | assets/css/components/cards/marketplace-card-contract.css :: .video-card
detalhe-anuncio.html,1280x800,video-card / worker card,.video-card.video-card--two.doke-card.doke-worker-card.doke-media-card,width,180.5,132.83,-47.67,assets/css/components/shell/doke-shell-contract.css :: .doke-card | assets/css/components/shell/mobile-base-stability.css :: .doke-card | assets/css/components/cards/worker-card.css :: .video-card | assets/css/pages/detalhe-anuncio.css :: .video-card | assets/css/pages/detalhe-anuncio-rail-parity.css :: .video-card | assets/css/components/cards/marketplace-card-contract.css :: .video-card
detalhe-anuncio.html,1280x800,video-card / worker card,.video-card.video-card--two.doke-card.doke-worker-card.doke-media-card,height,320.88,236.13,-84.75,assets/css/components/shell/doke-shell-contract.css :: .doke-card | assets/css/components/shell/mobile-base-stability.css :: .doke-card | assets/css/components/cards/worker-card.css :: .video-card | assets/css/pages/detalhe-anuncio.css :: .video-card | assets/css/pages/detalhe-anuncio-rail-parity.css :: .video-card | assets/css/components/cards/marketplace-card-contract.css :: .video-card
detalhe-anuncio.html,1280x800,video-card / worker card,.video-card.video-card--two.doke-card.doke-worker-card.doke-media-card,border-radius,24px,0px,,assets/css/components/shell/doke-shell-contract.css :: .doke-card | assets/css/components/shell/mobile-base-stability.css :: .doke-card | assets/css/components/cards/worker-card.css :: .video-card | assets/css/pages/detalhe-anuncio.css :: .video-card | assets/css/pages/detalhe-anuncio-rail-parity.css :: .video-card | assets/css/components/cards/marketplace-card-contract.css :: .video-card
detalhe-anuncio.html,1280x800,video-card / worker card,.video-card.video-card--two.doke-card.doke-worker-card.doke-media-card,box-shadow,"rgba(19, 48, 82, 0.08) 0px 10px 28px 0px",none,,assets/css/components/shell/doke-shell-contract.css :: .doke-card | assets/css/components/shell/mobile-base-stability.css :: .doke-card | assets/css/components/cards/worker-card.css :: .video-card | assets/css/pages/detalhe-anuncio.css :: .video-card | assets/css/pages/detalhe-anuncio-rail-parity.css :: .video-card | assets/css/components/cards/marketplace-card-contract.css :: .video-card
detalhe-anuncio.html,1280x800,video-card / worker card,.video-card.video-card--two.doke-card.doke-worker-card.doke-media-card,media.height,320.88,236.13,-84.75,assets/css/components/shell/doke-shell-contract.css :: .doke-card | assets/css/components/shell/mobile-base-stability.css :: .doke-card | assets/css/components/cards/worker-card.css :: .video-card | assets/css/pages/detalhe-anuncio.css :: .video-card | assets/css/pages/detalhe-anuncio-rail-parity.css :: .video-card | assets/css/components/cards/marketplace-card-contract.css :: .video-card
detalhe-anuncio.html,1280x800,video-card / worker card,.video-card.video-card--two.doke-card.doke-worker-card.doke-media-card,media.border-radius,24px,0px,,assets/css/components/shell/doke-shell-contract.css :: .doke-card | assets/css/components/shell/mobile-base-stability.css :: .doke-card | assets/css/components/cards/worker-card.css :: .video-card | assets/css/pages/detalhe-anuncio.css :: .video-card | assets/css/pages/detalhe-anuncio-rail-parity.css :: .video-card | assets/css/components/cards/marketplace-card-contract.css :: .video-card
detalhe-anuncio.html,1280x800,video-card / worker card,.video-card.video-card--three.doke-card.doke-worker-card.doke-media-card,x,793,628.05,-164.95,assets/css/components/shell/doke-shell-contract.css :: .doke-card | assets/css/components/shell/mobile-base-stability.css :: .doke-card | assets/css/components/cards/worker-card.css :: .video-card | assets/css/pages/detalhe-anuncio.css :: .video-card | assets/css/pages/detalhe-anuncio-rail-parity.css :: .video-card | assets/css/components/cards/marketplace-card-contract.css :: .video-card
detalhe-anuncio.html,1280x800,video-card / worker card,.video-card.video-card--three.doke-card.doke-worker-card.doke-media-card,y,2391.92,2895.95,504.03,assets/css/components/shell/doke-shell-contract.css :: .doke-card | assets/css/components/shell/mobile-base-stability.css :: .doke-card | assets/css/components/cards/worker-card.css :: .video-card | assets/css/pages/detalhe-anuncio.css :: .video-card | assets/css/pages/detalhe-anuncio-rail-parity.css :: .video-card | assets/css/components/cards/marketplace-card-contract.css :: .video-card
detalhe-anuncio.html,1280x800,video-card / worker card,.video-card.video-card--three.doke-card.doke-worker-card.doke-media-card,width,180.5,132.81,-47.69,assets/css/components/shell/doke-shell-contract.css :: .doke-card | assets/css/components/shell/mobile-base-stability.css :: .doke-card | assets/css/components/cards/worker-card.css :: .video-card | assets/css/pages/detalhe-anuncio.css :: .video-card | assets/css/pages/detalhe-anuncio-rail-parity.css :: .video-card | assets/css/components/cards/marketplace-card-contract.css :: .video-card
detalhe-anuncio.html,1280x800,video-card / worker card,.video-card.video-card--three.doke-card.doke-worker-card.doke-media-card,height,320.88,236.13,-84.75,assets/css/components/shell/doke-shell-contract.css :: .doke-card | assets/css/components/shell/mobile-base-stability.css :: .doke-card | assets/css/components/cards/worker-card.css :: .video-card | assets/css/pages/detalhe-anuncio.css :: .video-card | assets/css/pages/detalhe-anuncio-rail-parity.css :: .video-card | assets/css/components/cards/marketplace-card-contract.css :: .video-card
detalhe-anuncio.html,1280x800,video-card / worker card,.video-card.video-card--three.doke-card.doke-worker-card.doke-media-card,border-radius,24px,0px,,assets/css/components/shell/doke-shell-contract.css :: .doke-card | assets/css/components/shell/mobile-base-stability.css :: .doke-card | assets/css/components/cards/worker-card.css :: .video-card | assets/css/pages/detalhe-anuncio.css :: .video-card | assets/css/pages/detalhe-anuncio-rail-parity.css :: .video-card | assets/css/components/cards/marketplace-card-contract.css :: .video-card
detalhe-anuncio.html,1280x800,video-card / worker card,.video-card.video-card--three.doke-card.doke-worker-card.doke-media-card,box-shadow,"rgba(19, 48, 82, 0.08) 0px 10px 28px 0px",none,,assets/css/components/shell/doke-shell-contract.css :: .doke-card | assets/css/components/shell/mobile-base-stability.css :: .doke-card | assets/css/components/cards/worker-card.css :: .video-card | assets/css/pages/detalhe-anuncio.css :: .video-card | assets/css/pages/detalhe-anuncio-rail-parity.css :: .video-card | assets/css/components/cards/marketplace-card-contract.css :: .video-card
detalhe-anuncio.html,1280x800,video-card / worker card,.video-card.video-card--three.doke-card.doke-worker-card.doke-media-card,media.height,320.88,236.13,-84.75,assets/css/components/shell/doke-shell-contract.css :: .doke-card | assets/css/components/shell/mobile-base-stability.css :: .doke-card | assets/css/components/cards/worker-card.css :: .video-card | assets/css/pages/detalhe-anuncio.css :: .video-card | assets/css/pages/detalhe-anuncio-rail-parity.css :: .video-card | assets/css/components/cards/marketplace-card-contract.css :: .video-card
detalhe-anuncio.html,1280x800,video-card / worker card,.video-card.video-card--three.doke-card.doke-worker-card.doke-media-card,media.border-radius,24px,0px,,assets/css/components/shell/doke-shell-contract.css :: .doke-card | assets/css/components/shell/mobile-base-stability.css :: .doke-card | assets/css/components/cards/worker-card.css :: .video-card | assets/css/pages/detalhe-anuncio.css :: .video-card | assets/css/pages/detalhe-anuncio-rail-parity.css :: .video-card | assets/css/components/cards/marketplace-card-contract.css :: .video-card
detalhe-anuncio.html,1280x800,video-card / worker card,.video-card.video-card--four.doke-card.doke-worker-card.doke-media-card,x,991.5,778.86,-212.64,assets/css/components/shell/doke-shell-contract.css :: .doke-card | assets/css/components/shell/mobile-base-stability.css :: .doke-card | assets/css/components/cards/worker-card.css :: .video-card | assets/css/pages/detalhe-anuncio.css :: .video-card | assets/css/pages/detalhe-anuncio-rail-parity.css :: .video-card | assets/css/components/cards/marketplace-card-contract.css :: .video-card
detalhe-anuncio.html,1280x800,video-card / worker card,.video-card.video-card--four.doke-card.doke-worker-card.doke-media-card,y,2391.92,2895.95,504.03,assets/css/components/shell/doke-shell-contract.css :: .doke-card | assets/css/components/shell/mobile-base-stability.css :: .doke-card | assets/css/components/cards/worker-card.css :: .video-card | assets/css/pages/detalhe-anuncio.css :: .video-card | assets/css/pages/detalhe-anuncio-rail-parity.css :: .video-card | assets/css/components/cards/marketplace-card-contract.css :: .video-card
detalhe-anuncio.html,1280x800,video-card / worker card,.video-card.video-card--four.doke-card.doke-worker-card.doke-media-card,width,180.5,132.83,-47.67,assets/css/components/shell/doke-shell-contract.css :: .doke-card | assets/css/components/shell/mobile-base-stability.css :: .doke-card | assets/css/components/cards/worker-card.css :: .video-card | assets/css/pages/detalhe-anuncio.css :: .video-card | assets/css/pages/detalhe-anuncio-rail-parity.css :: .video-card | assets/css/components/cards/marketplace-card-contract.css :: .video-card
detalhe-anuncio.html,1280x800,video-card / worker card,.video-card.video-card--four.doke-card.doke-worker-card.doke-media-card,height,320.88,236.13,-84.75,assets/css/components/shell/doke-shell-contract.css :: .doke-card | assets/css/components/shell/mobile-base-stability.css :: .doke-card | assets/css/components/cards/worker-card.css :: .video-card | assets/css/pages/detalhe-anuncio.css :: .video-card | assets/css/pages/detalhe-anuncio-rail-parity.css :: .video-card | assets/css/components/cards/marketplace-card-contract.css :: .video-card
detalhe-anuncio.html,1280x800,video-card / worker card,.video-card.video-card--four.doke-card.doke-worker-card.doke-media-card,border-radius,24px,0px,,assets/css/components/shell/doke-shell-contract.css :: .doke-card | assets/css/components/shell/mobile-base-stability.css :: .doke-card | assets/css/components/cards/worker-card.css :: .video-card | assets/css/pages/detalhe-anuncio.css :: .video-card | assets/css/pages/detalhe-anuncio-rail-parity.css :: .video-card | assets/css/components/cards/marketplace-card-contract.css :: .video-card
detalhe-anuncio.html,1280x800,video-card / worker card,.video-card.video-card--four.doke-card.doke-worker-card.doke-media-card,box-shadow,"rgba(19, 48, 82, 0.08) 0px 10px 28px 0px",none,,assets/css/components/shell/doke-shell-contract.css :: .doke-card | assets/css/components/shell/mobile-base-stability.css :: .doke-card | assets/css/components/cards/worker-card.css :: .video-card | assets/css/pages/detalhe-anuncio.css :: .video-card | assets/css/pages/detalhe-anuncio-rail-parity.css :: .video-card | assets/css/components/cards/marketplace-card-contract.css :: .video-card
detalhe-anuncio.html,1280x800,video-card / worker card,.video-card.video-card--four.doke-card.doke-worker-card.doke-media-card,media.height,320.88,236.13,-84.75,assets/css/components/shell/doke-shell-contract.css :: .doke-card | assets/css/components/shell/mobile-base-stability.css :: .doke-card | assets/css/components/cards/worker-card.css :: .video-card | assets/css/pages/detalhe-anuncio.css :: .video-card | assets/css/pages/detalhe-anuncio-rail-parity.css :: .video-card | assets/css/components/cards/marketplace-card-contract.css :: .video-card
detalhe-anuncio.html,1280x800,video-card / worker card,.video-card.video-card--four.doke-card.doke-worker-card.doke-media-card,media.border-radius,24px,0px,,assets/css/components/shell/doke-shell-contract.css :: .doke-card | assets/css/components/shell/mobile-base-stability.css :: .doke-card | assets/css/components/cards/worker-card.css :: .video-card | assets/css/pages/detalhe-anuncio.css :: .video-card | assets/css/pages/detalhe-anuncio-rail-parity.css :: .video-card | assets/css/components/cards/marketplace-card-contract.css :: .video-card
detalhe-anuncio.html,1280x800,review cards,.detail-mobile-review-card,x,396,0,-396,assets/css/pages/detalhe-anuncio.css :: .detail-mobile-review-card
detalhe-anuncio.html,1280x800,review cards,.detail-mobile-review-card,y,2816.25,0,-2816.25,assets/css/pages/detalhe-anuncio.css :: .detail-mobile-review-card
detalhe-anuncio.html,1280x800,review cards,.detail-mobile-review-card,width,247.98,0,-247.98,assets/css/pages/detalhe-anuncio.css :: .detail-mobile-review-card
detalhe-anuncio.html,1280x800,review cards,.detail-mobile-review-card,height,440.69,0,-440.69,assets/css/pages/detalhe-anuncio.css :: .detail-mobile-review-card
detalhe-anuncio.html,1280x800,review cards,.detail-mobile-review-card,border-radius,24px,0px,,assets/css/pages/detalhe-anuncio.css :: .detail-mobile-review-card
detalhe-anuncio.html,1280x800,review cards,.detail-mobile-review-card,box-shadow,"rgba(19, 48, 82, 0.08) 0px 10px 28px 0px",none,,assets/css/pages/detalhe-anuncio.css :: .detail-mobile-review-card
detalhe-anuncio.html,1280x800,review cards,.detail-mobile-review-card,aspect-ratio,0.56,,,assets/css/pages/detalhe-anuncio.css :: .detail-mobile-review-card
detalhe-anuncio.html,1280x800,review cards,.detail-mobile-review-card,measured-child-gap-y,0,,,assets/css/pages/detalhe-anuncio.css :: .detail-mobile-review-card
detalhe-anuncio.html,1280x800,review cards,.detail-mobile-review-card,media.height,256,,,assets/css/pages/detalhe-anuncio.css :: .detail-mobile-review-card
detalhe-anuncio.html,1280x800,review cards,.detail-mobile-review-card,media.aspect-ratio,0.88,,,assets/css/pages/detalhe-anuncio.css :: .detail-mobile-review-card
detalhe-anuncio.html,1280x800,review cards,.detail-mobile-review-card,media.border-radius,18px,,,assets/css/pages/detalhe-anuncio.css :: .detail-mobile-review-card
detalhe-anuncio.html,1280x800,review cards,.detail-mobile-review-card__top,x,659.98,0,-659.98,assets/css/pages/detalhe-anuncio.css :: .detail-mobile-review-card__top
detalhe-anuncio.html,1280x800,review cards,.detail-mobile-review-card__top,y,2816.25,0,-2816.25,assets/css/pages/detalhe-anuncio.css :: .detail-mobile-review-card__top
detalhe-anuncio.html,1280x800,review cards,.detail-mobile-review-card__top,width,247.98,0,-247.98,assets/css/pages/detalhe-anuncio.css :: .detail-mobile-review-card__top
detalhe-anuncio.html,1280x800,review cards,.detail-mobile-review-card__top,height,440.69,0,-440.69,assets/css/pages/detalhe-anuncio.css :: .detail-mobile-review-card__top
detalhe-anuncio.html,1280x800,review cards,.detail-mobile-review-card__top,border-radius,24px,0px,,assets/css/pages/detalhe-anuncio.css :: .detail-mobile-review-card__top
detalhe-anuncio.html,1280x800,review cards,.detail-mobile-review-card__top,box-shadow,"rgba(19, 48, 82, 0.08) 0px 10px 28px 0px",none,,assets/css/pages/detalhe-anuncio.css :: .detail-mobile-review-card__top
detalhe-anuncio.html,1280x800,review cards,.detail-mobile-review-card__top,aspect-ratio,0.56,,,assets/css/pages/detalhe-anuncio.css :: .detail-mobile-review-card__top
detalhe-anuncio.html,1280x800,review cards,.detail-mobile-review-card__top,measured-child-gap-y,0,,,assets/css/pages/detalhe-anuncio.css :: .detail-mobile-review-card__top
detalhe-anuncio.html,1280x800,review cards,.detail-mobile-review-card__top,media.height,256,,,assets/css/pages/detalhe-anuncio.css :: .detail-mobile-review-card__top
detalhe-anuncio.html,1280x800,review cards,.detail-mobile-review-card__top,media.aspect-ratio,0.88,,,assets/css/pages/detalhe-anuncio.css :: .detail-mobile-review-card__top
detalhe-anuncio.html,1280x800,review cards,.detail-mobile-review-card__top,media.border-radius,18px,,,assets/css/pages/detalhe-anuncio.css :: .detail-mobile-review-card__top
detalhe-anuncio.html,1280x800,review cards,.detail-mobile-review-card__avatar,x,923.97,0,-923.97,assets/css/pages/detalhe-anuncio.css :: .detail-mobile-review-card__avatar
detalhe-anuncio.html,1280x800,review cards,.detail-mobile-review-card__avatar,y,2816.25,0,-2816.25,assets/css/pages/detalhe-anuncio.css :: .detail-mobile-review-card__avatar
detalhe-anuncio.html,1280x800,review cards,.detail-mobile-review-card__avatar,width,247.98,0,-247.98,assets/css/pages/detalhe-anuncio.css :: .detail-mobile-review-card__avatar
detalhe-anuncio.html,1280x800,review cards,.detail-mobile-review-card__avatar,height,440.69,0,-440.69,assets/css/pages/detalhe-anuncio.css :: .detail-mobile-review-card__avatar
detalhe-anuncio.html,1280x800,review cards,.detail-mobile-review-card__avatar,border-radius,24px,0px,,assets/css/pages/detalhe-anuncio.css :: .detail-mobile-review-card__avatar
detalhe-anuncio.html,1280x800,review cards,.detail-mobile-review-card__avatar,box-shadow,"rgba(19, 48, 82, 0.08) 0px 10px 28px 0px",none,,assets/css/pages/detalhe-anuncio.css :: .detail-mobile-review-card__avatar
detalhe-anuncio.html,1280x800,review cards,.detail-mobile-review-card__avatar,aspect-ratio,0.56,,,assets/css/pages/detalhe-anuncio.css :: .detail-mobile-review-card__avatar
detalhe-anuncio.html,1280x800,review cards,.detail-mobile-review-card__avatar,measured-child-gap-y,0,,,assets/css/pages/detalhe-anuncio.css :: .detail-mobile-review-card__avatar
detalhe-anuncio.html,1280x800,review cards,.detail-mobile-review-card__avatar,media.height,256,,,assets/css/pages/detalhe-anuncio.css :: .detail-mobile-review-card__avatar
detalhe-anuncio.html,1280x800,review cards,.detail-mobile-review-card__avatar,media.aspect-ratio,0.88,,,assets/css/pages/detalhe-anuncio.css :: .detail-mobile-review-card__avatar
detalhe-anuncio.html,1280x800,review cards,.detail-mobile-review-card__avatar,media.border-radius,18px,,,assets/css/pages/detalhe-anuncio.css :: .detail-mobile-review-card__avatar
detalhe-anuncio.html,1280x800,page,document,overflow horizontal da página,1280,1288,8,"verificar containers com largura fixa, rails sem overflow controlado ou cards com min-width excessivo"
perfil.html,390x844,headers,.topbar.topbar--location.internal-page-topbar,padding.top,0,6,6,assets/css/components/shell/desktop-search.css :: .topbar | assets/css/components/shell/responsive-boundary.css :: .topbar | assets/css/components/shell/desktop-base-stability.css :: .topbar | assets/css/components/shell/app-header.css :: .topbar | assets/css/components/shell/mobile-base-stability.css :: .topbar | assets/css/components/layout/responsive-page-contract.css :: .topbar | assets/css/components/shell/doke-shell-contract.css :: .topbar | assets/css/pages/perfil/mobile-public-profile.css :: .topbar
perfil.html,390x844,headers,.topbar.topbar--location.internal-page-topbar,padding.right,0,12,12,assets/css/components/shell/desktop-search.css :: .topbar | assets/css/components/shell/responsive-boundary.css :: .topbar | assets/css/components/shell/desktop-base-stability.css :: .topbar | assets/css/components/shell/app-header.css :: .topbar | assets/css/components/shell/mobile-base-stability.css :: .topbar | assets/css/components/layout/responsive-page-contract.css :: .topbar | assets/css/components/shell/doke-shell-contract.css :: .topbar | assets/css/pages/perfil/mobile-public-profile.css :: .topbar
perfil.html,390x844,headers,.topbar.topbar--location.internal-page-topbar,padding.bottom,0,8,8,assets/css/components/shell/desktop-search.css :: .topbar | assets/css/components/shell/responsive-boundary.css :: .topbar | assets/css/components/shell/desktop-base-stability.css :: .topbar | assets/css/components/shell/app-header.css :: .topbar | assets/css/components/shell/mobile-base-stability.css :: .topbar | assets/css/components/layout/responsive-page-contract.css :: .topbar | assets/css/components/shell/doke-shell-contract.css :: .topbar | assets/css/pages/perfil/mobile-public-profile.css :: .topbar
perfil.html,390x844,headers,.topbar.topbar--location.internal-page-topbar,padding.left,0,12,12,assets/css/components/shell/desktop-search.css :: .topbar | assets/css/components/shell/responsive-boundary.css :: .topbar | assets/css/components/shell/desktop-base-stability.css :: .topbar | assets/css/components/shell/app-header.css :: .topbar | assets/css/components/shell/mobile-base-stability.css :: .topbar | assets/css/components/layout/responsive-page-contract.css :: .topbar | assets/css/components/shell/doke-shell-contract.css :: .topbar | assets/css/pages/perfil/mobile-public-profile.css :: .topbar
perfil.html,390x844,containers/rails,.doke-reviews-bar__track,x,26,0,-26,não identificado por busca de classe nos CSS importados pela página
perfil.html,390x844,containers/rails,.doke-reviews-bar__track,y,1812.16,0,-1812.16,não identificado por busca de classe nos CSS importados pela página
perfil.html,390x844,containers/rails,.doke-reviews-bar__track,width,354,0,-354,não identificado por busca de classe nos CSS importados pela página
perfil.html,390x844,containers/rails,.doke-reviews-bar__track,height,36,0,-36,não identificado por busca de classe nos CSS importados pela página
perfil.html,390x844,containers/rails,.doke-reviews-bar__track,aspect-ratio,9.83,,,não identificado por busca de classe nos CSS importados pela página
perfil.html,390x844,containers/rails,.doke-reviews-bar__track,x,26,0,-26,não identificado por busca de classe nos CSS importados pela página
perfil.html,390x844,containers/rails,.doke-reviews-bar__track,y,1812.16,0,-1812.16,não identificado por busca de classe nos CSS importados pela página
perfil.html,390x844,containers/rails,.doke-reviews-bar__track,width,354,0,-354,não identificado por busca de classe nos CSS importados pela página
perfil.html,390x844,containers/rails,.doke-reviews-bar__track,height,36,0,-36,não identificado por busca de classe nos CSS importados pela página
perfil.html,390x844,containers/rails,.doke-reviews-bar__track,aspect-ratio,9.83,,,não identificado por busca de classe nos CSS importados pela página
perfil.html,390x844,containers/rails,.doke-reviews-bar__track,measured-child-gap-x,0,,,não identificado por busca de classe nos CSS importados pela página
perfil.html,390x844,video-card / worker card,.before-after-preview.doke-worker-card.doke-media-card.doke-card.doke-page-section,x,26,8,-18,assets/css/components/layout/doke-layout-system.css :: .doke-page-section | assets/css/components/shell/desktop-base-stability.css :: .doke-worker-card | assets/css/components/shell/mobile-base-stability.css :: .doke-worker-card | assets/css/components/shell/doke-shell-contract.css :: .doke-card | assets/css/pages/perfil-reference-hero.css :: .doke-card | assets/css/pages/perfil/mobile-public-profile.css :: .doke-card | assets/css/pages/perfil/mobile-owner-media-polish.css :: .doke-worker-card | assets/css/components/cards/marketplace-card-contract.css :: .doke-worker-card
perfil.html,390x844,video-card / worker card,.before-after-preview.doke-worker-card.doke-media-card.doke-card.doke-page-section,y,2533.2,866,-1667.2,assets/css/components/layout/doke-layout-system.css :: .doke-page-section | assets/css/components/shell/desktop-base-stability.css :: .doke-worker-card | assets/css/components/shell/mobile-base-stability.css :: .doke-worker-card | assets/css/components/shell/doke-shell-contract.css :: .doke-card | assets/css/pages/perfil-reference-hero.css :: .doke-card | assets/css/pages/perfil/mobile-public-profile.css :: .doke-card | assets/css/pages/perfil/mobile-owner-media-polish.css :: .doke-worker-card | assets/css/components/cards/marketplace-card-contract.css :: .doke-worker-card
perfil.html,390x844,video-card / worker card,.before-after-preview.doke-worker-card.doke-media-card.doke-card.doke-page-section,width,354,375,21,assets/css/components/layout/doke-layout-system.css :: .doke-page-section | assets/css/components/shell/desktop-base-stability.css :: .doke-worker-card | assets/css/components/shell/mobile-base-stability.css :: .doke-worker-card | assets/css/components/shell/doke-shell-contract.css :: .doke-card | assets/css/pages/perfil-reference-hero.css :: .doke-card | assets/css/pages/perfil/mobile-public-profile.css :: .doke-card | assets/css/pages/perfil/mobile-owner-media-polish.css :: .doke-worker-card | assets/css/components/cards/marketplace-card-contract.css :: .doke-worker-card
perfil.html,390x844,video-card / worker card,.before-after-preview.doke-worker-card.doke-media-card.doke-card.doke-page-section,height,479.97,508.44,28.47,assets/css/components/layout/doke-layout-system.css :: .doke-page-section | assets/css/components/shell/desktop-base-stability.css :: .doke-worker-card | assets/css/components/shell/mobile-base-stability.css :: .doke-worker-card | assets/css/components/shell/doke-shell-contract.css :: .doke-card | assets/css/pages/perfil-reference-hero.css :: .doke-card | assets/css/pages/perfil/mobile-public-profile.css :: .doke-card | assets/css/pages/perfil/mobile-owner-media-polish.css :: .doke-worker-card | assets/css/components/cards/marketplace-card-contract.css :: .doke-worker-card
perfil.html,390x844,video-card / worker card,.before-after-preview.doke-worker-card.doke-media-card.doke-card.doke-page-section,gap,normal,14px,,assets/css/components/layout/doke-layout-system.css :: .doke-page-section | assets/css/components/shell/desktop-base-stability.css :: .doke-worker-card | assets/css/components/shell/mobile-base-stability.css :: .doke-worker-card | assets/css/components/shell/doke-shell-contract.css :: .doke-card | assets/css/pages/perfil-reference-hero.css :: .doke-card | assets/css/pages/perfil/mobile-public-profile.css :: .doke-card | assets/css/pages/perfil/mobile-owner-media-polish.css :: .doke-worker-card | assets/css/components/cards/marketplace-card-contract.css :: .doke-worker-card
perfil.html,390x844,video-card / worker card,.before-after-preview.doke-worker-card.doke-media-card.doke-card.doke-page-section,row-gap,normal,14px,,assets/css/components/layout/doke-layout-system.css :: .doke-page-section | assets/css/components/shell/desktop-base-stability.css :: .doke-worker-card | assets/css/components/shell/mobile-base-stability.css :: .doke-worker-card | assets/css/components/shell/doke-shell-contract.css :: .doke-card | assets/css/pages/perfil-reference-hero.css :: .doke-card | assets/css/pages/perfil/mobile-public-profile.css :: .doke-card | assets/css/pages/perfil/mobile-owner-media-polish.css :: .doke-worker-card | assets/css/components/cards/marketplace-card-contract.css :: .doke-worker-card
perfil.html,390x844,video-card / worker card,.before-after-preview.doke-worker-card.doke-media-card.doke-card.doke-page-section,column-gap,normal,14px,,assets/css/components/layout/doke-layout-system.css :: .doke-page-section | assets/css/components/shell/desktop-base-stability.css :: .doke-worker-card | assets/css/components/shell/mobile-base-stability.css :: .doke-worker-card | assets/css/components/shell/doke-shell-contract.css :: .doke-card | assets/css/pages/perfil-reference-hero.css :: .doke-card | assets/css/pages/perfil/mobile-public-profile.css :: .doke-card | assets/css/pages/perfil/mobile-owner-media-polish.css :: .doke-worker-card | assets/css/components/cards/marketplace-card-contract.css :: .doke-worker-card
perfil.html,390x844,video-card / worker card,.before-after-preview.doke-worker-card.doke-media-card.doke-card.doke-page-section,media.height,479.97,508.44,28.47,assets/css/components/layout/doke-layout-system.css :: .doke-page-section | assets/css/components/shell/desktop-base-stability.css :: .doke-worker-card | assets/css/components/shell/mobile-base-stability.css :: .doke-worker-card | assets/css/components/shell/doke-shell-contract.css :: .doke-card | assets/css/pages/perfil-reference-hero.css :: .doke-card | assets/css/pages/perfil/mobile-public-profile.css :: .doke-card | assets/css/pages/perfil/mobile-owner-media-polish.css :: .doke-worker-card | assets/css/components/cards/marketplace-card-contract.css :: .doke-worker-card
perfil.html,390x844,video-card / worker card,.before-after-preview__media-card.doke-card.doke-worker-card.doke-media-card,x,26,19,-7,assets/css/components/domain/doke-domain-cards.css :: .doke-card | assets/css/components/shell/desktop-base-stability.css :: .doke-card | assets/css/components/shell/mobile-base-stability.css :: .doke-card | assets/css/components/shell/doke-shell-contract.css :: .doke-card | assets/css/pages/perfil-reference-hero.css :: .doke-card | assets/css/pages/perfil/mobile-public-profile.css :: .doke-card | assets/css/pages/perfil/mobile-owner-media-polish.css :: .doke-worker-card | assets/css/components/cards/marketplace-card-contract.css :: .doke-card
perfil.html,390x844,video-card / worker card,.before-after-preview__media-card.doke-card.doke-worker-card.doke-media-card,y,3013.17,1059.97,-1953.2,assets/css/components/domain/doke-domain-cards.css :: .doke-card | assets/css/components/shell/desktop-base-stability.css :: .doke-card | assets/css/components/shell/mobile-base-stability.css :: .doke-card | assets/css/components/shell/doke-shell-contract.css :: .doke-card | assets/css/pages/perfil-reference-hero.css :: .doke-card | assets/css/pages/perfil/mobile-public-profile.css :: .doke-card | assets/css/pages/perfil/mobile-owner-media-polish.css :: .doke-worker-card | assets/css/components/cards/marketplace-card-contract.css :: .doke-card
perfil.html,390x844,video-card / worker card,.before-after-preview__media-card.doke-card.doke-worker-card.doke-media-card,width,354,29.09,-324.91,assets/css/components/domain/doke-domain-cards.css :: .doke-card | assets/css/components/shell/desktop-base-stability.css :: .doke-card | assets/css/components/shell/mobile-base-stability.css :: .doke-card | assets/css/components/shell/doke-shell-contract.css :: .doke-card | assets/css/pages/perfil-reference-hero.css :: .doke-card | assets/css/pages/perfil/mobile-public-profile.css :: .doke-card | assets/css/pages/perfil/mobile-owner-media-polish.css :: .doke-worker-card | assets/css/components/cards/marketplace-card-contract.css :: .doke-card
perfil.html,390x844,video-card / worker card,.before-after-preview__media-card.doke-card.doke-worker-card.doke-media-card,height,479.97,39.44,-440.53,assets/css/components/domain/doke-domain-cards.css :: .doke-card | assets/css/components/shell/desktop-base-stability.css :: .doke-card | assets/css/components/shell/mobile-base-stability.css :: .doke-card | assets/css/components/shell/doke-shell-contract.css :: .doke-card | assets/css/pages/perfil-reference-hero.css :: .doke-card | assets/css/pages/perfil/mobile-public-profile.css :: .doke-card | assets/css/pages/perfil/mobile-owner-media-polish.css :: .doke-worker-card | assets/css/components/cards/marketplace-card-contract.css :: .doke-card
perfil.html,390x844,video-card / worker card,.before-after-preview__media-card.doke-card.doke-worker-card.doke-media-card,font-size,16,11,-5,assets/css/components/domain/doke-domain-cards.css :: .doke-card | assets/css/components/shell/desktop-base-stability.css :: .doke-card | assets/css/components/shell/mobile-base-stability.css :: .doke-card | assets/css/components/shell/doke-shell-contract.css :: .doke-card | assets/css/pages/perfil-reference-hero.css :: .doke-card | assets/css/pages/perfil/mobile-public-profile.css :: .doke-card | assets/css/pages/perfil/mobile-owner-media-polish.css :: .doke-worker-card | assets/css/components/cards/marketplace-card-contract.css :: .doke-card
perfil.html,390x844,video-card / worker card,.before-after-preview__media-card.doke-card.doke-worker-card.doke-media-card,media.height,479.97,39.44,-440.53,assets/css/components/domain/doke-domain-cards.css :: .doke-card | assets/css/components/shell/desktop-base-stability.css :: .doke-card | assets/css/components/shell/mobile-base-stability.css :: .doke-card | assets/css/components/shell/doke-shell-contract.css :: .doke-card | assets/css/pages/perfil-reference-hero.css :: .doke-card | assets/css/pages/perfil/mobile-public-profile.css :: .doke-card | assets/css/pages/perfil/mobile-owner-media-polish.css :: .doke-worker-card | assets/css/components/cards/marketplace-card-contract.css :: .doke-card
perfil.html,390x844,video-card / worker card,.before-after-preview__media-card.doke-card.doke-worker-card.doke-media-card,overflow horizontal interno,false,true,27,assets/css/components/domain/doke-domain-cards.css :: .doke-card | assets/css/components/shell/desktop-base-stability.css :: .doke-card | assets/css/components/shell/mobile-base-stability.css :: .doke-card | assets/css/components/shell/doke-shell-contract.css :: .doke-card | assets/css/pages/perfil-reference-hero.css :: .doke-card | assets/css/pages/perfil/mobile-public-profile.css :: .doke-card | assets/css/pages/perfil/mobile-owner-media-polish.css :: .doke-worker-card | assets/css/components/cards/marketplace-card-contract.css :: .doke-card
perfil.html,390x844,video-card / worker card,.worker-preview.doke-worker-card.doke-media-card.doke-card.doke-page-section,x,26,0,-26,assets/css/components/layout/doke-layout-system.css :: .doke-page-section | assets/css/components/shell/desktop-base-stability.css :: .doke-worker-card | assets/css/components/shell/mobile-base-stability.css :: .doke-worker-card | assets/css/components/shell/doke-shell-contract.css :: .doke-card | assets/css/pages/perfil-reference-hero.css :: .doke-card | assets/css/pages/perfil/mobile-public-profile.css :: .doke-card | assets/css/pages/perfil/mobile-owner-media-polish.css :: .doke-worker-card | assets/css/components/cards/marketplace-card-contract.css :: .doke-worker-card
perfil.html,390x844,video-card / worker card,.worker-preview.doke-worker-card.doke-media-card.doke-card.doke-page-section,y,3493.14,0,-3493.14,assets/css/components/layout/doke-layout-system.css :: .doke-page-section | assets/css/components/shell/desktop-base-stability.css :: .doke-worker-card | assets/css/components/shell/mobile-base-stability.css :: .doke-worker-card | assets/css/components/shell/doke-shell-contract.css :: .doke-card | assets/css/pages/perfil-reference-hero.css :: .doke-card | assets/css/pages/perfil/mobile-public-profile.css :: .doke-card | assets/css/pages/perfil/mobile-owner-media-polish.css :: .doke-worker-card | assets/css/components/cards/marketplace-card-contract.css :: .doke-worker-card
perfil.html,390x844,video-card / worker card,.worker-preview.doke-worker-card.doke-media-card.doke-card.doke-page-section,width,354,0,-354,assets/css/components/layout/doke-layout-system.css :: .doke-page-section | assets/css/components/shell/desktop-base-stability.css :: .doke-worker-card | assets/css/components/shell/mobile-base-stability.css :: .doke-worker-card | assets/css/components/shell/doke-shell-contract.css :: .doke-card | assets/css/pages/perfil-reference-hero.css :: .doke-card | assets/css/pages/perfil/mobile-public-profile.css :: .doke-card | assets/css/pages/perfil/mobile-owner-media-polish.css :: .doke-worker-card | assets/css/components/cards/marketplace-card-contract.css :: .doke-worker-card
perfil.html,390x844,video-card / worker card,.worker-preview.doke-worker-card.doke-media-card.doke-card.doke-page-section,height,479.97,0,-479.97,assets/css/components/layout/doke-layout-system.css :: .doke-page-section | assets/css/components/shell/desktop-base-stability.css :: .doke-worker-card | assets/css/components/shell/mobile-base-stability.css :: .doke-worker-card | assets/css/components/shell/doke-shell-contract.css :: .doke-card | assets/css/pages/perfil-reference-hero.css :: .doke-card | assets/css/pages/perfil/mobile-public-profile.css :: .doke-card | assets/css/pages/perfil/mobile-owner-media-polish.css :: .doke-worker-card | assets/css/components/cards/marketplace-card-contract.css :: .doke-worker-card
perfil.html,390x844,video-card / worker card,.worker-preview.doke-worker-card.doke-media-card.doke-card.doke-page-section,aspect-ratio,0.74,,,assets/css/components/layout/doke-layout-system.css :: .doke-page-section | assets/css/components/shell/desktop-base-stability.css :: .doke-worker-card | assets/css/components/shell/mobile-base-stability.css :: .doke-worker-card | assets/css/components/shell/doke-shell-contract.css :: .doke-card | assets/css/pages/perfil-reference-hero.css :: .doke-card | assets/css/pages/perfil/mobile-public-profile.css :: .doke-card | assets/css/pages/perfil/mobile-owner-media-polish.css :: .doke-worker-card | assets/css/components/cards/marketplace-card-contract.css :: .doke-worker-card
perfil.html,390x844,video-card / worker card,.worker-preview.doke-worker-card.doke-media-card.doke-card.doke-page-section,gap,normal,14px,,assets/css/components/layout/doke-layout-system.css :: .doke-page-section | assets/css/components/shell/desktop-base-stability.css :: .doke-worker-card | assets/css/components/shell/mobile-base-stability.css :: .doke-worker-card | assets/css/components/shell/doke-shell-contract.css :: .doke-card | assets/css/pages/perfil-reference-hero.css :: .doke-card | assets/css/pages/perfil/mobile-public-profile.css :: .doke-card | assets/css/pages/perfil/mobile-owner-media-polish.css :: .doke-worker-card | assets/css/components/cards/marketplace-card-contract.css :: .doke-worker-card
perfil.html,390x844,video-card / worker card,.worker-preview.doke-worker-card.doke-media-card.doke-card.doke-page-section,row-gap,normal,14px,,assets/css/components/layout/doke-layout-system.css :: .doke-page-section | assets/css/components/shell/desktop-base-stability.css :: .doke-worker-card | assets/css/components/shell/mobile-base-stability.css :: .doke-worker-card | assets/css/components/shell/doke-shell-contract.css :: .doke-card | assets/css/pages/perfil-reference-hero.css :: .doke-card | assets/css/pages/perfil/mobile-public-profile.css :: .doke-card | assets/css/pages/perfil/mobile-owner-media-polish.css :: .doke-worker-card | assets/css/components/cards/marketplace-card-contract.css :: .doke-worker-card
perfil.html,390x844,video-card / worker card,.worker-preview.doke-worker-card.doke-media-card.doke-card.doke-page-section,column-gap,normal,14px,,assets/css/components/layout/doke-layout-system.css :: .doke-page-section | assets/css/components/shell/desktop-base-stability.css :: .doke-worker-card | assets/css/components/shell/mobile-base-stability.css :: .doke-worker-card | assets/css/components/shell/doke-shell-contract.css :: .doke-card | assets/css/pages/perfil-reference-hero.css :: .doke-card | assets/css/pages/perfil/mobile-public-profile.css :: .doke-card | assets/css/pages/perfil/mobile-owner-media-polish.css :: .doke-worker-card | assets/css/components/cards/marketplace-card-contract.css :: .doke-worker-card
perfil.html,390x844,video-card / worker card,.worker-preview.doke-worker-card.doke-media-card.doke-card.doke-page-section,media.height,479.97,0,-479.97,assets/css/components/layout/doke-layout-system.css :: .doke-page-section | assets/css/components/shell/desktop-base-stability.css :: .doke-worker-card | assets/css/components/shell/mobile-base-stability.css :: .doke-worker-card | assets/css/components/shell/doke-shell-contract.css :: .doke-card | assets/css/pages/perfil-reference-hero.css :: .doke-card | assets/css/pages/perfil/mobile-public-profile.css :: .doke-card | assets/css/pages/perfil/mobile-owner-media-polish.css :: .doke-worker-card | assets/css/components/cards/marketplace-card-contract.css :: .doke-worker-card
perfil.html,390x844,video-card / worker card,.worker-preview.doke-worker-card.doke-media-card.doke-card.doke-page-section,media.aspect-ratio,0.74,,,assets/css/components/layout/doke-layout-system.css :: .doke-page-section | assets/css/components/shell/desktop-base-stability.css :: .doke-worker-card | assets/css/components/shell/mobile-base-stability.css :: .doke-worker-card | assets/css/components/shell/doke-shell-contract.css :: .doke-card | assets/css/pages/perfil-reference-hero.css :: .doke-card | assets/css/pages/perfil/mobile-public-profile.css :: .doke-card | assets/css/pages/perfil/mobile-owner-media-polish.css :: .doke-worker-card | assets/css/components/cards/marketplace-card-contract.css :: .doke-worker-card
perfil.html,608x926,headers,.topbar.topbar--location.internal-page-topbar,x,8,0,-8,assets/css/components/shell/desktop-search.css :: .topbar | assets/css/components/shell/responsive-boundary.css :: .topbar | assets/css/components/shell/desktop-base-stability.css :: .topbar | assets/css/components/shell/app-header.css :: .topbar | assets/css/components/shell/mobile-base-stability.css :: .topbar | assets/css/components/layout/responsive-page-contract.css :: .topbar | assets/css/components/shell/doke-shell-contract.css :: .topbar | assets/css/pages/perfil/mobile-public-profile.css :: .topbar
perfil.html,608x926,headers,.topbar.topbar--location.internal-page-topbar,y,8,0,-8,assets/css/components/shell/desktop-search.css :: .topbar | assets/css/components/shell/responsive-boundary.css :: .topbar | assets/css/components/shell/desktop-base-stability.css :: .topbar | assets/css/components/shell/app-header.css :: .topbar | assets/css/components/shell/mobile-base-stability.css :: .topbar | assets/css/components/layout/responsive-page-contract.css :: .topbar | assets/css/components/shell/doke-shell-contract.css :: .topbar | assets/css/pages/perfil/mobile-public-profile.css :: .topbar
perfil.html,608x926,headers,.topbar.topbar--location.internal-page-topbar,width,608,0,-608,assets/css/components/shell/desktop-search.css :: .topbar | assets/css/components/shell/responsive-boundary.css :: .topbar | assets/css/components/shell/desktop-base-stability.css :: .topbar | assets/css/components/shell/app-header.css :: .topbar | assets/css/components/shell/mobile-base-stability.css :: .topbar | assets/css/components/layout/responsive-page-contract.css :: .topbar | assets/css/components/shell/doke-shell-contract.css :: .topbar | assets/css/pages/perfil/mobile-public-profile.css :: .topbar
perfil.html,608x926,headers,.topbar.topbar--location.internal-page-topbar,height,86,0,-86,assets/css/components/shell/desktop-search.css :: .topbar | assets/css/components/shell/responsive-boundary.css :: .topbar | assets/css/components/shell/desktop-base-stability.css :: .topbar | assets/css/components/shell/app-header.css :: .topbar | assets/css/components/shell/mobile-base-stability.css :: .topbar | assets/css/components/layout/responsive-page-contract.css :: .topbar | assets/css/components/shell/doke-shell-contract.css :: .topbar | assets/css/pages/perfil/mobile-public-profile.css :: .topbar
perfil.html,608x926,headers,.topbar.topbar--location.internal-page-topbar,padding.top,18,0,-18,assets/css/components/shell/desktop-search.css :: .topbar | assets/css/components/shell/responsive-boundary.css :: .topbar | assets/css/components/shell/desktop-base-stability.css :: .topbar | assets/css/components/shell/app-header.css :: .topbar | assets/css/components/shell/mobile-base-stability.css :: .topbar | assets/css/components/layout/responsive-page-contract.css :: .topbar | assets/css/components/shell/doke-shell-contract.css :: .topbar | assets/css/pages/perfil/mobile-public-profile.css :: .topbar
perfil.html,608x926,headers,.topbar.topbar--location.internal-page-topbar,padding.bottom,10,0,-10,assets/css/components/shell/desktop-search.css :: .topbar | assets/css/components/shell/responsive-boundary.css :: .topbar | assets/css/components/shell/desktop-base-stability.css :: .topbar | assets/css/components/shell/app-header.css :: .topbar | assets/css/components/shell/mobile-base-stability.css :: .topbar | assets/css/components/layout/responsive-page-contract.css :: .topbar | assets/css/components/shell/doke-shell-contract.css :: .topbar | assets/css/pages/perfil/mobile-public-profile.css :: .topbar
perfil.html,608x926,headers,.topbar.topbar--location.internal-page-topbar,aspect-ratio,7.07,,,assets/css/components/shell/desktop-search.css :: .topbar | assets/css/components/shell/responsive-boundary.css :: .topbar | assets/css/components/shell/desktop-base-stability.css :: .topbar | assets/css/components/shell/app-header.css :: .topbar | assets/css/components/shell/mobile-base-stability.css :: .topbar | assets/css/components/layout/responsive-page-contract.css :: .topbar | assets/css/components/shell/doke-shell-contract.css :: .topbar | assets/css/pages/perfil/mobile-public-profile.css :: .topbar
perfil.html,608x926,headers,.app-header.app-header--profile.home-side-meta,width,608,593,-15,assets/css/components/shell/app-header.css :: .app-header | assets/css/components/shell/mobile-base-stability.css :: .home-side-meta | assets/css/components/layout/responsive-page-contract.css :: .app-header | assets/css/components/shell/doke-shell-contract.css :: .app-header | assets/css/pages/perfil-reference-hero.css :: .app-header | assets/css/pages/perfil/mobile-public-profile.css :: .app-header | assets/css/pages/perfil-header-rail-parity.css :: .app-header | assets/css/pages/stable-desktop-rail.css :: .app-header
perfil.html,608x926,headers,.app-header.app-header--profile.home-side-meta,padding.bottom,10,14,4,assets/css/components/shell/app-header.css :: .app-header | assets/css/components/shell/mobile-base-stability.css :: .home-side-meta | assets/css/components/layout/responsive-page-contract.css :: .app-header | assets/css/components/shell/doke-shell-contract.css :: .app-header | assets/css/pages/perfil-reference-hero.css :: .app-header | assets/css/pages/perfil/mobile-public-profile.css :: .app-header | assets/css/pages/perfil-header-rail-parity.css :: .app-header | assets/css/pages/stable-desktop-rail.css :: .app-header
perfil.html,608x926,headers,.app-header.app-header--profile.home-side-meta,aspect-ratio,7.07,6.9,-0.17,assets/css/components/shell/app-header.css :: .app-header | assets/css/components/shell/mobile-base-stability.css :: .home-side-meta | assets/css/components/layout/responsive-page-contract.css :: .app-header | assets/css/components/shell/doke-shell-contract.css :: .app-header | assets/css/pages/perfil-reference-hero.css :: .app-header | assets/css/pages/perfil/mobile-public-profile.css :: .app-header | assets/css/pages/perfil-header-rail-parity.css :: .app-header | assets/css/pages/stable-desktop-rail.css :: .app-header
perfil.html,608x926,header inner,.app-header__inner,width,572,557,-15,assets/css/components/shell/app-header.css :: .app-header__inner | assets/css/components/layout/responsive-page-contract.css :: .app-header__inner | assets/css/components/shell/doke-shell-contract.css :: .app-header__inner | assets/css/pages/perfil-reference-hero.css :: .app-header__inner | assets/css/pages/perfil-header-rail-parity.css :: .app-header__inner | assets/css/pages/stable-desktop-rail.css :: .app-header__inner
perfil.html,608x926,header inner,.app-header__inner,height,48,52,4,assets/css/components/shell/app-header.css :: .app-header__inner | assets/css/components/layout/responsive-page-contract.css :: .app-header__inner | assets/css/components/shell/doke-shell-contract.css :: .app-header__inner | assets/css/pages/perfil-reference-hero.css :: .app-header__inner | assets/css/pages/perfil-header-rail-parity.css :: .app-header__inner | assets/css/pages/stable-desktop-rail.css :: .app-header__inner
perfil.html,608x926,header inner,.app-header__inner,aspect-ratio,11.92,10.71,-1.21,assets/css/components/shell/app-header.css :: .app-header__inner | assets/css/components/layout/responsive-page-contract.css :: .app-header__inner | assets/css/components/shell/doke-shell-contract.css :: .app-header__inner | assets/css/pages/perfil-reference-hero.css :: .app-header__inner | assets/css/pages/perfil-header-rail-parity.css :: .app-header__inner | assets/css/pages/stable-desktop-rail.css :: .app-header__inner
perfil.html,608x926,containers/rails,.doke-reviews-bar__track,x,26,0,-26,não identificado por busca de classe nos CSS importados pela página
perfil.html,608x926,containers/rails,.doke-reviews-bar__track,y,352.23,0,-352.23,não identificado por busca de classe nos CSS importados pela página
perfil.html,608x926,containers/rails,.doke-reviews-bar__track,width,572,0,-572,não identificado por busca de classe nos CSS importados pela página
perfil.html,608x926,containers/rails,.doke-reviews-bar__track,height,124,0,-124,não identificado por busca de classe nos CSS importados pela página
perfil.html,608x926,containers/rails,.doke-reviews-bar__track,aspect-ratio,4.61,,,não identificado por busca de classe nos CSS importados pela página
perfil.html,608x926,containers/rails,.doke-reviews-bar__track,gap,0px,normal,,não identificado por busca de classe nos CSS importados pela página
perfil.html,608x926,containers/rails,.doke-reviews-bar__track,row-gap,0px,normal,,não identificado por busca de classe nos CSS importados pela página
perfil.html,608x926,containers/rails,.doke-reviews-bar__track,column-gap,0px,normal,,não identificado por busca de classe nos CSS importados pela página
perfil.html,608x926,containers/rails,.doke-reviews-bar__track,x,26,0,-26,não identificado por busca de classe nos CSS importados pela página
perfil.html,608x926,containers/rails,.doke-reviews-bar__track,y,352.23,0,-352.23,não identificado por busca de classe nos CSS importados pela página
perfil.html,608x926,containers/rails,.doke-reviews-bar__track,width,572,0,-572,não identificado por busca de classe nos CSS importados pela página
perfil.html,608x926,containers/rails,.doke-reviews-bar__track,height,124,0,-124,não identificado por busca de classe nos CSS importados pela página
perfil.html,608x926,containers/rails,.doke-reviews-bar__track,aspect-ratio,4.61,,,não identificado por busca de classe nos CSS importados pela página
perfil.html,608x926,containers/rails,.doke-reviews-bar__track,gap,14px,normal,,não identificado por busca de classe nos CSS importados pela página
perfil.html,608x926,containers/rails,.doke-reviews-bar__track,row-gap,14px,normal,,não identificado por busca de classe nos CSS importados pela página
perfil.html,608x926,containers/rails,.doke-reviews-bar__track,column-gap,14px,normal,,não identificado por busca de classe nos CSS importados pela página
perfil.html,608x926,containers/rails,.doke-reviews-bar__track,measured-child-gap-x,14,,,não identificado por busca de classe nos CSS importados pela página
perfil.html,608x926,video-card / worker card,.before-after-preview.doke-worker-card.doke-media-card.doke-card.doke-page-section,x,26,8,-18,assets/css/components/layout/doke-layout-system.css :: .doke-page-section | assets/css/components/shell/desktop-base-stability.css :: .doke-worker-card | assets/css/components/shell/mobile-base-stability.css :: .doke-worker-card | assets/css/components/shell/doke-shell-contract.css :: .doke-card | assets/css/pages/perfil-reference-hero.css :: .doke-card | assets/css/pages/perfil/mobile-public-profile.css :: .doke-card | assets/css/pages/perfil/mobile-owner-media-polish.css :: .doke-worker-card | assets/css/components/cards/marketplace-card-contract.css :: .doke-worker-card
perfil.html,608x926,video-card / worker card,.before-after-preview.doke-worker-card.doke-media-card.doke-card.doke-page-section,y,2469.95,1034,-1435.95,assets/css/components/layout/doke-layout-system.css :: .doke-page-section | assets/css/components/shell/desktop-base-stability.css :: .doke-worker-card | assets/css/components/shell/mobile-base-stability.css :: .doke-worker-card | assets/css/components/shell/doke-shell-contract.css :: .doke-card | assets/css/pages/perfil-reference-hero.css :: .doke-card | assets/css/pages/perfil/mobile-public-profile.css :: .doke-card | assets/css/pages/perfil/mobile-owner-media-polish.css :: .doke-worker-card | assets/css/components/cards/marketplace-card-contract.css :: .doke-worker-card
perfil.html,608x926,video-card / worker card,.before-after-preview.doke-worker-card.doke-media-card.doke-card.doke-page-section,width,572,593,21,assets/css/components/layout/doke-layout-system.css :: .doke-page-section | assets/css/components/shell/desktop-base-stability.css :: .doke-worker-card | assets/css/components/shell/mobile-base-stability.css :: .doke-worker-card | assets/css/components/shell/doke-shell-contract.css :: .doke-card | assets/css/pages/perfil-reference-hero.css :: .doke-card | assets/css/pages/perfil/mobile-public-profile.css :: .doke-card | assets/css/pages/perfil/mobile-owner-media-polish.css :: .doke-worker-card | assets/css/components/cards/marketplace-card-contract.css :: .doke-worker-card
perfil.html,608x926,video-card / worker card,.before-after-preview.doke-worker-card.doke-media-card.doke-card.doke-page-section,height,775.55,804.03,28.48,assets/css/components/layout/doke-layout-system.css :: .doke-page-section | assets/css/components/shell/desktop-base-stability.css :: .doke-worker-card | assets/css/components/shell/mobile-base-stability.css :: .doke-worker-card | assets/css/components/shell/doke-shell-contract.css :: .doke-card | assets/css/pages/perfil-reference-hero.css :: .doke-card | assets/css/pages/perfil/mobile-public-profile.css :: .doke-card | assets/css/pages/perfil/mobile-owner-media-polish.css :: .doke-worker-card | assets/css/components/cards/marketplace-card-contract.css :: .doke-worker-card
perfil.html,608x926,video-card / worker card,.before-after-preview.doke-worker-card.doke-media-card.doke-card.doke-page-section,gap,normal,14px,,assets/css/components/layout/doke-layout-system.css :: .doke-page-section | assets/css/components/shell/desktop-base-stability.css :: .doke-worker-card | assets/css/components/shell/mobile-base-stability.css :: .doke-worker-card | assets/css/components/shell/doke-shell-contract.css :: .doke-card | assets/css/pages/perfil-reference-hero.css :: .doke-card | assets/css/pages/perfil/mobile-public-profile.css :: .doke-card | assets/css/pages/perfil/mobile-owner-media-polish.css :: .doke-worker-card | assets/css/components/cards/marketplace-card-contract.css :: .doke-worker-card
perfil.html,608x926,video-card / worker card,.before-after-preview.doke-worker-card.doke-media-card.doke-card.doke-page-section,row-gap,normal,14px,,assets/css/components/layout/doke-layout-system.css :: .doke-page-section | assets/css/components/shell/desktop-base-stability.css :: .doke-worker-card | assets/css/components/shell/mobile-base-stability.css :: .doke-worker-card | assets/css/components/shell/doke-shell-contract.css :: .doke-card | assets/css/pages/perfil-reference-hero.css :: .doke-card | assets/css/pages/perfil/mobile-public-profile.css :: .doke-card | assets/css/pages/perfil/mobile-owner-media-polish.css :: .doke-worker-card | assets/css/components/cards/marketplace-card-contract.css :: .doke-worker-card
perfil.html,608x926,video-card / worker card,.before-after-preview.doke-worker-card.doke-media-card.doke-card.doke-page-section,column-gap,normal,14px,,assets/css/components/layout/doke-layout-system.css :: .doke-page-section | assets/css/components/shell/desktop-base-stability.css :: .doke-worker-card | assets/css/components/shell/mobile-base-stability.css :: .doke-worker-card | assets/css/components/shell/doke-shell-contract.css :: .doke-card | assets/css/pages/perfil-reference-hero.css :: .doke-card | assets/css/pages/perfil/mobile-public-profile.css :: .doke-card | assets/css/pages/perfil/mobile-owner-media-polish.css :: .doke-worker-card | assets/css/components/cards/marketplace-card-contract.css :: .doke-worker-card
perfil.html,608x926,video-card / worker card,.before-after-preview.doke-worker-card.doke-media-card.doke-card.doke-page-section,media.height,775.55,804.03,28.48,assets/css/components/layout/doke-layout-system.css :: .doke-page-section | assets/css/components/shell/desktop-base-stability.css :: .doke-worker-card | assets/css/components/shell/mobile-base-stability.css :: .doke-worker-card | assets/css/components/shell/doke-shell-contract.css :: .doke-card | assets/css/pages/perfil-reference-hero.css :: .doke-card | assets/css/pages/perfil/mobile-public-profile.css :: .doke-card | assets/css/pages/perfil/mobile-owner-media-polish.css :: .doke-worker-card | assets/css/components/cards/marketplace-card-contract.css :: .doke-worker-card
perfil.html,608x926,video-card / worker card,.before-after-preview__media-card.doke-card.doke-worker-card.doke-media-card,x,26,19,-7,assets/css/components/domain/doke-domain-cards.css :: .doke-card | assets/css/components/shell/desktop-base-stability.css :: .doke-card | assets/css/components/shell/mobile-base-stability.css :: .doke-card | assets/css/components/shell/doke-shell-contract.css :: .doke-card | assets/css/pages/perfil-reference-hero.css :: .doke-card | assets/css/pages/perfil/mobile-public-profile.css :: .doke-card | assets/css/pages/perfil/mobile-owner-media-polish.css :: .doke-worker-card | assets/css/components/cards/marketplace-card-contract.css :: .doke-card
perfil.html,608x926,video-card / worker card,.before-after-preview__media-card.doke-card.doke-worker-card.doke-media-card,y,3245.5,1215.08,-2030.42,assets/css/components/domain/doke-domain-cards.css :: .doke-card | assets/css/components/shell/desktop-base-stability.css :: .doke-card | assets/css/components/shell/mobile-base-stability.css :: .doke-card | assets/css/components/shell/doke-shell-contract.css :: .doke-card | assets/css/pages/perfil-reference-hero.css :: .doke-card | assets/css/pages/perfil/mobile-public-profile.css :: .doke-card | assets/css/pages/perfil/mobile-owner-media-polish.css :: .doke-worker-card | assets/css/components/cards/marketplace-card-contract.css :: .doke-card
perfil.html,608x926,video-card / worker card,.before-after-preview__media-card.doke-card.doke-worker-card.doke-media-card,width,572,48.09,-523.91,assets/css/components/domain/doke-domain-cards.css :: .doke-card | assets/css/components/shell/desktop-base-stability.css :: .doke-card | assets/css/components/shell/mobile-base-stability.css :: .doke-card | assets/css/components/shell/doke-shell-contract.css :: .doke-card | assets/css/pages/perfil-reference-hero.css :: .doke-card | assets/css/pages/perfil/mobile-public-profile.css :: .doke-card | assets/css/pages/perfil/mobile-owner-media-polish.css :: .doke-worker-card | assets/css/components/cards/marketplace-card-contract.css :: .doke-card
perfil.html,608x926,video-card / worker card,.before-after-preview__media-card.doke-card.doke-worker-card.doke-media-card,height,775.55,65.2,-710.35,assets/css/components/domain/doke-domain-cards.css :: .doke-card | assets/css/components/shell/desktop-base-stability.css :: .doke-card | assets/css/components/shell/mobile-base-stability.css :: .doke-card | assets/css/components/shell/doke-shell-contract.css :: .doke-card | assets/css/pages/perfil-reference-hero.css :: .doke-card | assets/css/pages/perfil/mobile-public-profile.css :: .doke-card | assets/css/pages/perfil/mobile-owner-media-polish.css :: .doke-worker-card | assets/css/components/cards/marketplace-card-contract.css :: .doke-card
perfil.html,608x926,video-card / worker card,.before-after-preview__media-card.doke-card.doke-worker-card.doke-media-card,font-size,16,11,-5,assets/css/components/domain/doke-domain-cards.css :: .doke-card | assets/css/components/shell/desktop-base-stability.css :: .doke-card | assets/css/components/shell/mobile-base-stability.css :: .doke-card | assets/css/components/shell/doke-shell-contract.css :: .doke-card | assets/css/pages/perfil-reference-hero.css :: .doke-card | assets/css/pages/perfil/mobile-public-profile.css :: .doke-card | assets/css/pages/perfil/mobile-owner-media-polish.css :: .doke-worker-card | assets/css/components/cards/marketplace-card-contract.css :: .doke-card
perfil.html,608x926,video-card / worker card,.before-after-preview__media-card.doke-card.doke-worker-card.doke-media-card,media.height,775.55,65.2,-710.35,assets/css/components/domain/doke-domain-cards.css :: .doke-card | assets/css/components/shell/desktop-base-stability.css :: .doke-card | assets/css/components/shell/mobile-base-stability.css :: .doke-card | assets/css/components/shell/doke-shell-contract.css :: .doke-card | assets/css/pages/perfil-reference-hero.css :: .doke-card | assets/css/pages/perfil/mobile-public-profile.css :: .doke-card | assets/css/pages/perfil/mobile-owner-media-polish.css :: .doke-worker-card | assets/css/components/cards/marketplace-card-contract.css :: .doke-card
perfil.html,608x926,video-card / worker card,.before-after-preview__media-card.doke-card.doke-worker-card.doke-media-card,overflow horizontal interno,false,true,8,assets/css/components/domain/doke-domain-cards.css :: .doke-card | assets/css/components/shell/desktop-base-stability.css :: .doke-card | assets/css/components/shell/mobile-base-stability.css :: .doke-card | assets/css/components/shell/doke-shell-contract.css :: .doke-card | assets/css/pages/perfil-reference-hero.css :: .doke-card | assets/css/pages/perfil/mobile-public-profile.css :: .doke-card | assets/css/pages/perfil/mobile-owner-media-polish.css :: .doke-worker-card | assets/css/components/cards/marketplace-card-contract.css :: .doke-card
perfil.html,608x926,video-card / worker card,.worker-preview.doke-worker-card.doke-media-card.doke-card.doke-page-section,x,26,0,-26,assets/css/components/layout/doke-layout-system.css :: .doke-page-section | assets/css/components/shell/desktop-base-stability.css :: .doke-worker-card | assets/css/components/shell/mobile-base-stability.css :: .doke-worker-card | assets/css/components/shell/doke-shell-contract.css :: .doke-card | assets/css/pages/perfil-reference-hero.css :: .doke-card | assets/css/pages/perfil/mobile-public-profile.css :: .doke-card | assets/css/pages/perfil/mobile-owner-media-polish.css :: .doke-worker-card | assets/css/components/cards/marketplace-card-contract.css :: .doke-worker-card
perfil.html,608x926,video-card / worker card,.worker-preview.doke-worker-card.doke-media-card.doke-card.doke-page-section,y,4021.05,0,-4021.05,assets/css/components/layout/doke-layout-system.css :: .doke-page-section | assets/css/components/shell/desktop-base-stability.css :: .doke-worker-card | assets/css/components/shell/mobile-base-stability.css :: .doke-worker-card | assets/css/components/shell/doke-shell-contract.css :: .doke-card | assets/css/pages/perfil-reference-hero.css :: .doke-card | assets/css/pages/perfil/mobile-public-profile.css :: .doke-card | assets/css/pages/perfil/mobile-owner-media-polish.css :: .doke-worker-card | assets/css/components/cards/marketplace-card-contract.css :: .doke-worker-card
perfil.html,608x926,video-card / worker card,.worker-preview.doke-worker-card.doke-media-card.doke-card.doke-page-section,width,572,0,-572,assets/css/components/layout/doke-layout-system.css :: .doke-page-section | assets/css/components/shell/desktop-base-stability.css :: .doke-worker-card | assets/css/components/shell/mobile-base-stability.css :: .doke-worker-card | assets/css/components/shell/doke-shell-contract.css :: .doke-card | assets/css/pages/perfil-reference-hero.css :: .doke-card | assets/css/pages/perfil/mobile-public-profile.css :: .doke-card | assets/css/pages/perfil/mobile-owner-media-polish.css :: .doke-worker-card | assets/css/components/cards/marketplace-card-contract.css :: .doke-worker-card
perfil.html,608x926,video-card / worker card,.worker-preview.doke-worker-card.doke-media-card.doke-card.doke-page-section,height,775.55,0,-775.55,assets/css/components/layout/doke-layout-system.css :: .doke-page-section | assets/css/components/shell/desktop-base-stability.css :: .doke-worker-card | assets/css/components/shell/mobile-base-stability.css :: .doke-worker-card | assets/css/components/shell/doke-shell-contract.css :: .doke-card | assets/css/pages/perfil-reference-hero.css :: .doke-card | assets/css/pages/perfil/mobile-public-profile.css :: .doke-card | assets/css/pages/perfil/mobile-owner-media-polish.css :: .doke-worker-card | assets/css/components/cards/marketplace-card-contract.css :: .doke-worker-card
perfil.html,608x926,video-card / worker card,.worker-preview.doke-worker-card.doke-media-card.doke-card.doke-page-section,aspect-ratio,0.74,,,assets/css/components/layout/doke-layout-system.css :: .doke-page-section | assets/css/components/shell/desktop-base-stability.css :: .doke-worker-card | assets/css/components/shell/mobile-base-stability.css :: .doke-worker-card | assets/css/components/shell/doke-shell-contract.css :: .doke-card | assets/css/pages/perfil-reference-hero.css :: .doke-card | assets/css/pages/perfil/mobile-public-profile.css :: .doke-card | assets/css/pages/perfil/mobile-owner-media-polish.css :: .doke-worker-card | assets/css/components/cards/marketplace-card-contract.css :: .doke-worker-card
perfil.html,608x926,video-card / worker card,.worker-preview.doke-worker-card.doke-media-card.doke-card.doke-page-section,gap,normal,14px,,assets/css/components/layout/doke-layout-system.css :: .doke-page-section | assets/css/components/shell/desktop-base-stability.css :: .doke-worker-card | assets/css/components/shell/mobile-base-stability.css :: .doke-worker-card | assets/css/components/shell/doke-shell-contract.css :: .doke-card | assets/css/pages/perfil-reference-hero.css :: .doke-card | assets/css/pages/perfil/mobile-public-profile.css :: .doke-card | assets/css/pages/perfil/mobile-owner-media-polish.css :: .doke-worker-card | assets/css/components/cards/marketplace-card-contract.css :: .doke-worker-card
perfil.html,608x926,video-card / worker card,.worker-preview.doke-worker-card.doke-media-card.doke-card.doke-page-section,row-gap,normal,14px,,assets/css/components/layout/doke-layout-system.css :: .doke-page-section | assets/css/components/shell/desktop-base-stability.css :: .doke-worker-card | assets/css/components/shell/mobile-base-stability.css :: .doke-worker-card | assets/css/components/shell/doke-shell-contract.css :: .doke-card | assets/css/pages/perfil-reference-hero.css :: .doke-card | assets/css/pages/perfil/mobile-public-profile.css :: .doke-card | assets/css/pages/perfil/mobile-owner-media-polish.css :: .doke-worker-card | assets/css/components/cards/marketplace-card-contract.css :: .doke-worker-card
perfil.html,608x926,video-card / worker card,.worker-preview.doke-worker-card.doke-media-card.doke-card.doke-page-section,column-gap,normal,14px,,assets/css/components/layout/doke-layout-system.css :: .doke-page-section | assets/css/components/shell/desktop-base-stability.css :: .doke-worker-card | assets/css/components/shell/mobile-base-stability.css :: .doke-worker-card | assets/css/components/shell/doke-shell-contract.css :: .doke-card | assets/css/pages/perfil-reference-hero.css :: .doke-card | assets/css/pages/perfil/mobile-public-profile.css :: .doke-card | assets/css/pages/perfil/mobile-owner-media-polish.css :: .doke-worker-card | assets/css/components/cards/marketplace-card-contract.css :: .doke-worker-card
perfil.html,608x926,video-card / worker card,.worker-preview.doke-worker-card.doke-media-card.doke-card.doke-page-section,media.height,775.55,0,-775.55,assets/css/components/layout/doke-layout-system.css :: .doke-page-section | assets/css/components/shell/desktop-base-stability.css :: .doke-worker-card | assets/css/components/shell/mobile-base-stability.css :: .doke-worker-card | assets/css/components/shell/doke-shell-contract.css :: .doke-card | assets/css/pages/perfil-reference-hero.css :: .doke-card | assets/css/pages/perfil/mobile-public-profile.css :: .doke-card | assets/css/pages/perfil/mobile-owner-media-polish.css :: .doke-worker-card | assets/css/components/cards/marketplace-card-contract.css :: .doke-worker-card
perfil.html,608x926,video-card / worker card,.worker-preview.doke-worker-card.doke-media-card.doke-card.doke-page-section,media.aspect-ratio,0.74,,,assets/css/components/layout/doke-layout-system.css :: .doke-page-section | assets/css/components/shell/desktop-base-stability.css :: .doke-worker-card | assets/css/components/shell/mobile-base-stability.css :: .doke-worker-card | assets/css/components/shell/doke-shell-contract.css :: .doke-card | assets/css/pages/perfil-reference-hero.css :: .doke-card | assets/css/pages/perfil/mobile-public-profile.css :: .doke-card | assets/css/pages/perfil/mobile-owner-media-polish.css :: .doke-worker-card | assets/css/components/cards/marketplace-card-contract.css :: .doke-worker-card
perfil.html,810x1080,headers,.topbar.topbar--location.internal-page-topbar,x,8,0,-8,assets/css/components/shell/desktop-search.css :: .topbar | assets/css/components/shell/responsive-boundary.css :: .topbar | assets/css/components/shell/desktop-base-stability.css :: .topbar | assets/css/components/shell/app-header.css :: .topbar | assets/css/components/shell/mobile-base-stability.css :: .topbar | assets/css/components/layout/responsive-page-contract.css :: .topbar | assets/css/components/shell/doke-shell-contract.css :: .topbar | assets/css/pages/perfil/mobile-public-profile.css :: .topbar
perfil.html,810x1080,headers,.topbar.topbar--location.internal-page-topbar,y,8,0,-8,assets/css/components/shell/desktop-search.css :: .topbar | assets/css/components/shell/responsive-boundary.css :: .topbar | assets/css/components/shell/desktop-base-stability.css :: .topbar | assets/css/components/shell/app-header.css :: .topbar | assets/css/components/shell/mobile-base-stability.css :: .topbar | assets/css/components/layout/responsive-page-contract.css :: .topbar | assets/css/components/shell/doke-shell-contract.css :: .topbar | assets/css/pages/perfil/mobile-public-profile.css :: .topbar
perfil.html,810x1080,headers,.topbar.topbar--location.internal-page-topbar,width,810,0,-810,assets/css/components/shell/desktop-search.css :: .topbar | assets/css/components/shell/responsive-boundary.css :: .topbar | assets/css/components/shell/desktop-base-stability.css :: .topbar | assets/css/components/shell/app-header.css :: .topbar | assets/css/components/shell/mobile-base-stability.css :: .topbar | assets/css/components/layout/responsive-page-contract.css :: .topbar | assets/css/components/shell/doke-shell-contract.css :: .topbar | assets/css/pages/perfil/mobile-public-profile.css :: .topbar
perfil.html,810x1080,headers,.topbar.topbar--location.internal-page-topbar,height,96,0,-96,assets/css/components/shell/desktop-search.css :: .topbar | assets/css/components/shell/responsive-boundary.css :: .topbar | assets/css/components/shell/desktop-base-stability.css :: .topbar | assets/css/components/shell/app-header.css :: .topbar | assets/css/components/shell/mobile-base-stability.css :: .topbar | assets/css/components/layout/responsive-page-contract.css :: .topbar | assets/css/components/shell/doke-shell-contract.css :: .topbar | assets/css/pages/perfil/mobile-public-profile.css :: .topbar
perfil.html,810x1080,headers,.topbar.topbar--location.internal-page-topbar,aspect-ratio,8.44,,,assets/css/components/shell/desktop-search.css :: .topbar | assets/css/components/shell/responsive-boundary.css :: .topbar | assets/css/components/shell/desktop-base-stability.css :: .topbar | assets/css/components/shell/app-header.css :: .topbar | assets/css/components/shell/mobile-base-stability.css :: .topbar | assets/css/components/layout/responsive-page-contract.css :: .topbar | assets/css/components/shell/doke-shell-contract.css :: .topbar | assets/css/pages/perfil/mobile-public-profile.css :: .topbar
perfil.html,810x1080,headers,.topbar.topbar--location.internal-page-topbar,gap,16px,12px,-4,assets/css/components/shell/desktop-search.css :: .topbar | assets/css/components/shell/responsive-boundary.css :: .topbar | assets/css/components/shell/desktop-base-stability.css :: .topbar | assets/css/components/shell/app-header.css :: .topbar | assets/css/components/shell/mobile-base-stability.css :: .topbar | assets/css/components/layout/responsive-page-contract.css :: .topbar | assets/css/components/shell/doke-shell-contract.css :: .topbar | assets/css/pages/perfil/mobile-public-profile.css :: .topbar
perfil.html,810x1080,headers,.topbar.topbar--location.internal-page-topbar,row-gap,16px,12px,-4,assets/css/components/shell/desktop-search.css :: .topbar | assets/css/components/shell/responsive-boundary.css :: .topbar | assets/css/components/shell/desktop-base-stability.css :: .topbar | assets/css/components/shell/app-header.css :: .topbar | assets/css/components/shell/mobile-base-stability.css :: .topbar | assets/css/components/layout/responsive-page-contract.css :: .topbar | assets/css/components/shell/doke-shell-contract.css :: .topbar | assets/css/pages/perfil/mobile-public-profile.css :: .topbar
perfil.html,810x1080,headers,.topbar.topbar--location.internal-page-topbar,column-gap,16px,12px,-4,assets/css/components/shell/desktop-search.css :: .topbar | assets/css/components/shell/responsive-boundary.css :: .topbar | assets/css/components/shell/desktop-base-stability.css :: .topbar | assets/css/components/shell/app-header.css :: .topbar | assets/css/components/shell/mobile-base-stability.css :: .topbar | assets/css/components/layout/responsive-page-contract.css :: .topbar | assets/css/components/shell/doke-shell-contract.css :: .topbar | assets/css/pages/perfil/mobile-public-profile.css :: .topbar
perfil.html,810x1080,headers,.app-header.app-header--profile.home-side-meta,width,810,795,-15,assets/css/components/shell/app-header.css :: .app-header | assets/css/components/shell/mobile-base-stability.css :: .home-side-meta | assets/css/components/layout/responsive-page-contract.css :: .app-header | assets/css/components/shell/doke-shell-contract.css :: .app-header | assets/css/pages/perfil-reference-hero.css :: .app-header | assets/css/pages/perfil/mobile-public-profile.css :: .app-header | assets/css/pages/perfil-header-rail-parity.css :: .app-header | assets/css/pages/stable-desktop-rail.css :: .app-header
perfil.html,810x1080,headers,.app-header.app-header--profile.home-side-meta,height,96,86,-10,assets/css/components/shell/app-header.css :: .app-header | assets/css/components/shell/mobile-base-stability.css :: .home-side-meta | assets/css/components/layout/responsive-page-contract.css :: .app-header | assets/css/components/shell/doke-shell-contract.css :: .app-header | assets/css/pages/perfil-reference-hero.css :: .app-header | assets/css/pages/perfil/mobile-public-profile.css :: .app-header | assets/css/pages/perfil-header-rail-parity.css :: .app-header | assets/css/pages/stable-desktop-rail.css :: .app-header
perfil.html,810x1080,headers,.app-header.app-header--profile.home-side-meta,aspect-ratio,8.44,9.24,0.8,assets/css/components/shell/app-header.css :: .app-header | assets/css/components/shell/mobile-base-stability.css :: .home-side-meta | assets/css/components/layout/responsive-page-contract.css :: .app-header | assets/css/components/shell/doke-shell-contract.css :: .app-header | assets/css/pages/perfil-reference-hero.css :: .app-header | assets/css/pages/perfil/mobile-public-profile.css :: .app-header | assets/css/pages/perfil-header-rail-parity.css :: .app-header | assets/css/pages/stable-desktop-rail.css :: .app-header
perfil.html,810x1080,header inner,.app-header__inner,x,32.3,34.52,2.22,assets/css/components/shell/app-header.css :: .app-header__inner | assets/css/components/layout/responsive-page-contract.css :: .app-header__inner | assets/css/components/shell/doke-shell-contract.css :: .app-header__inner | assets/css/pages/perfil-reference-hero.css :: .app-header__inner | assets/css/pages/perfil-header-rail-parity.css :: .app-header__inner | assets/css/pages/stable-desktop-rail.css :: .app-header__inner
perfil.html,810x1080,header inner,.app-header__inner,width,761.39,741.95,-19.44,assets/css/components/shell/app-header.css :: .app-header__inner | assets/css/components/layout/responsive-page-contract.css :: .app-header__inner | assets/css/components/shell/doke-shell-contract.css :: .app-header__inner | assets/css/pages/perfil-reference-hero.css :: .app-header__inner | assets/css/pages/perfil-header-rail-parity.css :: .app-header__inner | assets/css/pages/stable-desktop-rail.css :: .app-header__inner
perfil.html,810x1080,header inner,.app-header__inner,aspect-ratio,15.86,15.46,-0.4,assets/css/components/shell/app-header.css :: .app-header__inner | assets/css/components/layout/responsive-page-contract.css :: .app-header__inner | assets/css/components/shell/doke-shell-contract.css :: .app-header__inner | assets/css/pages/perfil-reference-hero.css :: .app-header__inner | assets/css/pages/perfil-header-rail-parity.css :: .app-header__inner | assets/css/pages/stable-desktop-rail.css :: .app-header__inner
perfil.html,810x1080,header inner,.app-header__inner,gap,14px,11.34px,-2.66,assets/css/components/shell/app-header.css :: .app-header__inner | assets/css/components/layout/responsive-page-contract.css :: .app-header__inner | assets/css/components/shell/doke-shell-contract.css :: .app-header__inner | assets/css/pages/perfil-reference-hero.css :: .app-header__inner | assets/css/pages/perfil-header-rail-parity.css :: .app-header__inner | assets/css/pages/stable-desktop-rail.css :: .app-header__inner
perfil.html,810x1080,header inner,.app-header__inner,row-gap,14px,11.34px,-2.66,assets/css/components/shell/app-header.css :: .app-header__inner | assets/css/components/layout/responsive-page-contract.css :: .app-header__inner | assets/css/components/shell/doke-shell-contract.css :: .app-header__inner | assets/css/pages/perfil-reference-hero.css :: .app-header__inner | assets/css/pages/perfil-header-rail-parity.css :: .app-header__inner | assets/css/pages/stable-desktop-rail.css :: .app-header__inner
perfil.html,810x1080,header inner,.app-header__inner,column-gap,14px,11.34px,-2.66,assets/css/components/shell/app-header.css :: .app-header__inner | assets/css/components/layout/responsive-page-contract.css :: .app-header__inner | assets/css/components/shell/doke-shell-contract.css :: .app-header__inner | assets/css/pages/perfil-reference-hero.css :: .app-header__inner | assets/css/pages/perfil-header-rail-parity.css :: .app-header__inner | assets/css/pages/stable-desktop-rail.css :: .app-header__inner
perfil.html,810x1080,header inner,.app-header__inner,measured-child-gap-x,,11.33,,assets/css/components/shell/app-header.css :: .app-header__inner | assets/css/components/layout/responsive-page-contract.css :: .app-header__inner | assets/css/components/shell/doke-shell-contract.css :: .app-header__inner | assets/css/pages/perfil-reference-hero.css :: .app-header__inner | assets/css/pages/perfil-header-rail-parity.css :: .app-header__inner | assets/css/pages/stable-desktop-rail.css :: .app-header__inner
perfil.html,810x1080,containers/rails,.doke-reviews-bar__track,x,32.3,0,-32.3,não identificado por busca de classe nos CSS importados pela página
perfil.html,810x1080,containers/rails,.doke-reviews-bar__track,y,343.77,0,-343.77,não identificado por busca de classe nos CSS importados pela página
perfil.html,810x1080,containers/rails,.doke-reviews-bar__track,width,761.39,0,-761.39,não identificado por busca de classe nos CSS importados pela página
perfil.html,810x1080,containers/rails,.doke-reviews-bar__track,height,171,0,-171,não identificado por busca de classe nos CSS importados pela página
perfil.html,810x1080,containers/rails,.doke-reviews-bar__track,padding.right,42,0,-42,não identificado por busca de classe nos CSS importados pela página
perfil.html,810x1080,containers/rails,.doke-reviews-bar__track,padding.left,42,0,-42,não identificado por busca de classe nos CSS importados pela página
perfil.html,810x1080,containers/rails,.doke-reviews-bar__track,aspect-ratio,4.45,,,não identificado por busca de classe nos CSS importados pela página
perfil.html,810x1080,containers/rails,.doke-reviews-bar__track,gap,0px,normal,,não identificado por busca de classe nos CSS importados pela página
perfil.html,810x1080,containers/rails,.doke-reviews-bar__track,row-gap,0px,normal,,não identificado por busca de classe nos CSS importados pela página
perfil.html,810x1080,containers/rails,.doke-reviews-bar__track,column-gap,0px,normal,,não identificado por busca de classe nos CSS importados pela página
perfil.html,810x1080,containers/rails,.doke-reviews-bar__track,x,74.3,0,-74.3,não identificado por busca de classe nos CSS importados pela página
perfil.html,810x1080,containers/rails,.doke-reviews-bar__track,y,398.77,0,-398.77,não identificado por busca de classe nos CSS importados pela página
perfil.html,810x1080,containers/rails,.doke-reviews-bar__track,width,631.39,0,-631.39,não identificado por busca de classe nos CSS importados pela página
perfil.html,810x1080,containers/rails,.doke-reviews-bar__track,height,116,0,-116,não identificado por busca de classe nos CSS importados pela página
perfil.html,810x1080,containers/rails,.doke-reviews-bar__track,aspect-ratio,5.44,,,não identificado por busca de classe nos CSS importados pela página
perfil.html,810x1080,containers/rails,.doke-reviews-bar__track,gap,22px,normal,,não identificado por busca de classe nos CSS importados pela página
perfil.html,810x1080,containers/rails,.doke-reviews-bar__track,row-gap,22px,normal,,não identificado por busca de classe nos CSS importados pela página
perfil.html,810x1080,containers/rails,.doke-reviews-bar__track,column-gap,22px,normal,,não identificado por busca de classe nos CSS importados pela página
perfil.html,810x1080,containers/rails,.doke-reviews-bar__track,measured-child-gap-x,22,,,não identificado por busca de classe nos CSS importados pela página
perfil.html,810x1080,video-card / worker card,.before-after-preview.doke-worker-card.doke-media-card.doke-card.doke-page-section,x,100.3,8,-92.3,assets/css/components/layout/doke-layout-system.css :: .doke-page-section | assets/css/components/shell/desktop-base-stability.css :: .doke-worker-card | assets/css/components/shell/mobile-base-stability.css :: .doke-worker-card | assets/css/components/shell/doke-shell-contract.css :: .doke-card | assets/css/pages/perfil-reference-hero.css :: .doke-card | assets/css/pages/perfil/mobile-public-profile.css :: .doke-card | assets/css/pages/perfil/mobile-owner-media-polish.css :: .doke-worker-card | assets/css/components/cards/marketplace-card-contract.css :: .doke-worker-card
perfil.html,810x1080,video-card / worker card,.before-after-preview.doke-worker-card.doke-media-card.doke-card.doke-page-section,y,1287.36,1088,-199.36,assets/css/components/layout/doke-layout-system.css :: .doke-page-section | assets/css/components/shell/desktop-base-stability.css :: .doke-worker-card | assets/css/components/shell/mobile-base-stability.css :: .doke-worker-card | assets/css/components/shell/doke-shell-contract.css :: .doke-card | assets/css/pages/perfil-reference-hero.css :: .doke-card | assets/css/pages/perfil/mobile-public-profile.css :: .doke-card | assets/css/pages/perfil/mobile-owner-media-polish.css :: .doke-worker-card | assets/css/components/cards/marketplace-card-contract.css :: .doke-worker-card
perfil.html,810x1080,video-card / worker card,.before-after-preview.doke-worker-card.doke-media-card.doke-card.doke-page-section,width,142.86,795,652.14,assets/css/components/layout/doke-layout-system.css :: .doke-page-section | assets/css/components/shell/desktop-base-stability.css :: .doke-worker-card | assets/css/components/shell/mobile-base-stability.css :: .doke-worker-card | assets/css/components/shell/doke-shell-contract.css :: .doke-card | assets/css/pages/perfil-reference-hero.css :: .doke-card | assets/css/pages/perfil/mobile-public-profile.css :: .doke-card | assets/css/pages/perfil/mobile-owner-media-polish.css :: .doke-worker-card | assets/css/components/cards/marketplace-card-contract.css :: .doke-worker-card
perfil.html,810x1080,video-card / worker card,.before-after-preview.doke-worker-card.doke-media-card.doke-card.doke-page-section,height,253.97,1413.33,1159.36,assets/css/components/layout/doke-layout-system.css :: .doke-page-section | assets/css/components/shell/desktop-base-stability.css :: .doke-worker-card | assets/css/components/shell/mobile-base-stability.css :: .doke-worker-card | assets/css/components/shell/doke-shell-contract.css :: .doke-card | assets/css/pages/perfil-reference-hero.css :: .doke-card | assets/css/pages/perfil/mobile-public-profile.css :: .doke-card | assets/css/pages/perfil/mobile-owner-media-polish.css :: .doke-worker-card | assets/css/components/cards/marketplace-card-contract.css :: .doke-worker-card
perfil.html,810x1080,video-card / worker card,.before-after-preview.doke-worker-card.doke-media-card.doke-card.doke-page-section,media.height,253.97,1413.33,1159.36,assets/css/components/layout/doke-layout-system.css :: .doke-page-section | assets/css/components/shell/desktop-base-stability.css :: .doke-worker-card | assets/css/components/shell/mobile-base-stability.css :: .doke-worker-card | assets/css/components/shell/doke-shell-contract.css :: .doke-card | assets/css/pages/perfil-reference-hero.css :: .doke-card | assets/css/pages/perfil/mobile-public-profile.css :: .doke-card | assets/css/pages/perfil/mobile-owner-media-polish.css :: .doke-worker-card | assets/css/components/cards/marketplace-card-contract.css :: .doke-worker-card
perfil.html,810x1080,video-card / worker card,.before-after-preview.doke-worker-card.doke-media-card.doke-card.doke-page-section,texto cortado,false,true,,assets/css/components/layout/doke-layout-system.css :: .doke-page-section | assets/css/components/shell/desktop-base-stability.css :: .doke-worker-card | assets/css/components/shell/mobile-base-stability.css :: .doke-worker-card | assets/css/components/shell/doke-shell-contract.css :: .doke-card | assets/css/pages/perfil-reference-hero.css :: .doke-card | assets/css/pages/perfil/mobile-public-profile.css :: .doke-card | assets/css/pages/perfil/mobile-owner-media-polish.css :: .doke-worker-card | assets/css/components/cards/marketplace-card-contract.css :: .doke-worker-card
perfil.html,810x1080,video-card / worker card,.before-after-preview__media-card.doke-card.doke-worker-card.doke-media-card,x,261.16,10,-251.16,assets/css/components/domain/doke-domain-cards.css :: .doke-card | assets/css/components/shell/desktop-base-stability.css :: .doke-card | assets/css/components/shell/mobile-base-stability.css :: .doke-card | assets/css/components/shell/doke-shell-contract.css :: .doke-card | assets/css/pages/perfil-reference-hero.css :: .doke-card | assets/css/pages/perfil/mobile-public-profile.css :: .doke-card | assets/css/pages/perfil/mobile-owner-media-polish.css :: .doke-worker-card | assets/css/components/cards/marketplace-card-contract.css :: .doke-card
perfil.html,810x1080,video-card / worker card,.before-after-preview__media-card.doke-card.doke-worker-card.doke-media-card,y,1287.36,1134,-153.36,assets/css/components/domain/doke-domain-cards.css :: .doke-card | assets/css/components/shell/desktop-base-stability.css :: .doke-card | assets/css/components/shell/mobile-base-stability.css :: .doke-card | assets/css/components/shell/doke-shell-contract.css :: .doke-card | assets/css/pages/perfil-reference-hero.css :: .doke-card | assets/css/pages/perfil/mobile-public-profile.css :: .doke-card | assets/css/pages/perfil/mobile-owner-media-polish.css :: .doke-worker-card | assets/css/components/cards/marketplace-card-contract.css :: .doke-card
perfil.html,810x1080,video-card / worker card,.before-after-preview__media-card.doke-card.doke-worker-card.doke-media-card,width,142.84,759.39,616.55,assets/css/components/domain/doke-domain-cards.css :: .doke-card | assets/css/components/shell/desktop-base-stability.css :: .doke-card | assets/css/components/shell/mobile-base-stability.css :: .doke-card | assets/css/components/shell/doke-shell-contract.css :: .doke-card | assets/css/pages/perfil-reference-hero.css :: .doke-card | assets/css/pages/perfil/mobile-public-profile.css :: .doke-card | assets/css/pages/perfil/mobile-owner-media-polish.css :: .doke-worker-card | assets/css/components/cards/marketplace-card-contract.css :: .doke-card
perfil.html,810x1080,video-card / worker card,.before-after-preview__media-card.doke-card.doke-worker-card.doke-media-card,height,253.97,1350.02,1096.05,assets/css/components/domain/doke-domain-cards.css :: .doke-card | assets/css/components/shell/desktop-base-stability.css :: .doke-card | assets/css/components/shell/mobile-base-stability.css :: .doke-card | assets/css/components/shell/doke-shell-contract.css :: .doke-card | assets/css/pages/perfil-reference-hero.css :: .doke-card | assets/css/pages/perfil/mobile-public-profile.css :: .doke-card | assets/css/pages/perfil/mobile-owner-media-polish.css :: .doke-worker-card | assets/css/components/cards/marketplace-card-contract.css :: .doke-card
perfil.html,810x1080,video-card / worker card,.before-after-preview__media-card.doke-card.doke-worker-card.doke-media-card,media.height,253.97,1350.02,1096.05,assets/css/components/domain/doke-domain-cards.css :: .doke-card | assets/css/components/shell/desktop-base-stability.css :: .doke-card | assets/css/components/shell/mobile-base-stability.css :: .doke-card | assets/css/components/shell/doke-shell-contract.css :: .doke-card | assets/css/pages/perfil-reference-hero.css :: .doke-card | assets/css/pages/perfil/mobile-public-profile.css :: .doke-card | assets/css/pages/perfil/mobile-owner-media-polish.css :: .doke-worker-card | assets/css/components/cards/marketplace-card-contract.css :: .doke-card
perfil.html,810x1080,video-card / worker card,.worker-preview.doke-worker-card.doke-media-card.doke-card.doke-page-section,x,422,0,-422,assets/css/components/layout/doke-layout-system.css :: .doke-page-section | assets/css/components/shell/desktop-base-stability.css :: .doke-worker-card | assets/css/components/shell/mobile-base-stability.css :: .doke-worker-card | assets/css/components/shell/doke-shell-contract.css :: .doke-card | assets/css/pages/perfil-reference-hero.css :: .doke-card | assets/css/pages/perfil/mobile-public-profile.css :: .doke-card | assets/css/pages/perfil/mobile-owner-media-polish.css :: .doke-worker-card | assets/css/components/cards/marketplace-card-contract.css :: .doke-worker-card
perfil.html,810x1080,video-card / worker card,.worker-preview.doke-worker-card.doke-media-card.doke-card.doke-page-section,y,1287.36,0,-1287.36,assets/css/components/layout/doke-layout-system.css :: .doke-page-section | assets/css/components/shell/desktop-base-stability.css :: .doke-worker-card | assets/css/components/shell/mobile-base-stability.css :: .doke-worker-card | assets/css/components/shell/doke-shell-contract.css :: .doke-card | assets/css/pages/perfil-reference-hero.css :: .doke-card | assets/css/pages/perfil/mobile-public-profile.css :: .doke-card | assets/css/pages/perfil/mobile-owner-media-polish.css :: .doke-worker-card | assets/css/components/cards/marketplace-card-contract.css :: .doke-worker-card
perfil.html,810x1080,video-card / worker card,.worker-preview.doke-worker-card.doke-media-card.doke-card.doke-page-section,width,142.84,0,-142.84,assets/css/components/layout/doke-layout-system.css :: .doke-page-section | assets/css/components/shell/desktop-base-stability.css :: .doke-worker-card | assets/css/components/shell/mobile-base-stability.css :: .doke-worker-card | assets/css/components/shell/doke-shell-contract.css :: .doke-card | assets/css/pages/perfil-reference-hero.css :: .doke-card | assets/css/pages/perfil/mobile-public-profile.css :: .doke-card | assets/css/pages/perfil/mobile-owner-media-polish.css :: .doke-worker-card | assets/css/components/cards/marketplace-card-contract.css :: .doke-worker-card
perfil.html,810x1080,video-card / worker card,.worker-preview.doke-worker-card.doke-media-card.doke-card.doke-page-section,height,253.97,0,-253.97,assets/css/components/layout/doke-layout-system.css :: .doke-page-section | assets/css/components/shell/desktop-base-stability.css :: .doke-worker-card | assets/css/components/shell/mobile-base-stability.css :: .doke-worker-card | assets/css/components/shell/doke-shell-contract.css :: .doke-card | assets/css/pages/perfil-reference-hero.css :: .doke-card | assets/css/pages/perfil/mobile-public-profile.css :: .doke-card | assets/css/pages/perfil/mobile-owner-media-polish.css :: .doke-worker-card | assets/css/components/cards/marketplace-card-contract.css :: .doke-worker-card
perfil.html,810x1080,video-card / worker card,.worker-preview.doke-worker-card.doke-media-card.doke-card.doke-page-section,aspect-ratio,0.56,,,assets/css/components/layout/doke-layout-system.css :: .doke-page-section | assets/css/components/shell/desktop-base-stability.css :: .doke-worker-card | assets/css/components/shell/mobile-base-stability.css :: .doke-worker-card | assets/css/components/shell/doke-shell-contract.css :: .doke-card | assets/css/pages/perfil-reference-hero.css :: .doke-card | assets/css/pages/perfil/mobile-public-profile.css :: .doke-card | assets/css/pages/perfil/mobile-owner-media-polish.css :: .doke-worker-card | assets/css/components/cards/marketplace-card-contract.css :: .doke-worker-card
perfil.html,810x1080,video-card / worker card,.worker-preview.doke-worker-card.doke-media-card.doke-card.doke-page-section,media.height,253.97,0,-253.97,assets/css/components/layout/doke-layout-system.css :: .doke-page-section | assets/css/components/shell/desktop-base-stability.css :: .doke-worker-card | assets/css/components/shell/mobile-base-stability.css :: .doke-worker-card | assets/css/components/shell/doke-shell-contract.css :: .doke-card | assets/css/pages/perfil-reference-hero.css :: .doke-card | assets/css/pages/perfil/mobile-public-profile.css :: .doke-card | assets/css/pages/perfil/mobile-owner-media-polish.css :: .doke-worker-card | assets/css/components/cards/marketplace-card-contract.css :: .doke-worker-card
perfil.html,810x1080,video-card / worker card,.worker-preview.doke-worker-card.doke-media-card.doke-card.doke-page-section,media.aspect-ratio,0.56,,,assets/css/components/layout/doke-layout-system.css :: .doke-page-section | assets/css/components/shell/desktop-base-stability.css :: .doke-worker-card | assets/css/components/shell/mobile-base-stability.css :: .doke-worker-card | assets/css/components/shell/doke-shell-contract.css :: .doke-card | assets/css/pages/perfil-reference-hero.css :: .doke-card | assets/css/pages/perfil/mobile-public-profile.css :: .doke-card | assets/css/pages/perfil/mobile-owner-media-polish.css :: .doke-worker-card | assets/css/components/cards/marketplace-card-contract.css :: .doke-worker-card
perfil.html,1024x768,headers,.topbar.topbar--location.internal-page-topbar,x,8,0,-8,assets/css/components/shell/desktop-search.css :: .topbar | assets/css/components/shell/responsive-boundary.css :: .topbar | assets/css/components/shell/desktop-base-stability.css :: .topbar | assets/css/components/shell/app-header.css :: .topbar | assets/css/components/shell/mobile-base-stability.css :: .topbar | assets/css/components/layout/responsive-page-contract.css :: .topbar | assets/css/components/shell/doke-shell-contract.css :: .topbar | assets/css/pages/perfil/mobile-public-profile.css :: .topbar
perfil.html,1024x768,headers,.topbar.topbar--location.internal-page-topbar,y,8,0,-8,assets/css/components/shell/desktop-search.css :: .topbar | assets/css/components/shell/responsive-boundary.css :: .topbar | assets/css/components/shell/desktop-base-stability.css :: .topbar | assets/css/components/shell/app-header.css :: .topbar | assets/css/components/shell/mobile-base-stability.css :: .topbar | assets/css/components/layout/responsive-page-contract.css :: .topbar | assets/css/components/shell/doke-shell-contract.css :: .topbar | assets/css/pages/perfil/mobile-public-profile.css :: .topbar
perfil.html,1024x768,headers,.topbar.topbar--location.internal-page-topbar,width,1024,0,-1024,assets/css/components/shell/desktop-search.css :: .topbar | assets/css/components/shell/responsive-boundary.css :: .topbar | assets/css/components/shell/desktop-base-stability.css :: .topbar | assets/css/components/shell/app-header.css :: .topbar | assets/css/components/shell/mobile-base-stability.css :: .topbar | assets/css/components/layout/responsive-page-contract.css :: .topbar | assets/css/components/shell/doke-shell-contract.css :: .topbar | assets/css/pages/perfil/mobile-public-profile.css :: .topbar
perfil.html,1024x768,headers,.topbar.topbar--location.internal-page-topbar,height,96,0,-96,assets/css/components/shell/desktop-search.css :: .topbar | assets/css/components/shell/responsive-boundary.css :: .topbar | assets/css/components/shell/desktop-base-stability.css :: .topbar | assets/css/components/shell/app-header.css :: .topbar | assets/css/components/shell/mobile-base-stability.css :: .topbar | assets/css/components/layout/responsive-page-contract.css :: .topbar | assets/css/components/shell/doke-shell-contract.css :: .topbar | assets/css/pages/perfil/mobile-public-profile.css :: .topbar
perfil.html,1024x768,headers,.topbar.topbar--location.internal-page-topbar,padding.top,22.53,20,-2.53,assets/css/components/shell/desktop-search.css :: .topbar | assets/css/components/shell/responsive-boundary.css :: .topbar | assets/css/components/shell/desktop-base-stability.css :: .topbar | assets/css/components/shell/app-header.css :: .topbar | assets/css/components/shell/mobile-base-stability.css :: .topbar | assets/css/components/layout/responsive-page-contract.css :: .topbar | assets/css/components/shell/doke-shell-contract.css :: .topbar | assets/css/pages/perfil/mobile-public-profile.css :: .topbar
perfil.html,1024x768,headers,.topbar.topbar--location.internal-page-topbar,aspect-ratio,10.67,,,assets/css/components/shell/desktop-search.css :: .topbar | assets/css/components/shell/responsive-boundary.css :: .topbar | assets/css/components/shell/desktop-base-stability.css :: .topbar | assets/css/components/shell/app-header.css :: .topbar | assets/css/components/shell/mobile-base-stability.css :: .topbar | assets/css/components/layout/responsive-page-contract.css :: .topbar | assets/css/components/shell/doke-shell-contract.css :: .topbar | assets/css/pages/perfil/mobile-public-profile.css :: .topbar
perfil.html,1024x768,headers,.topbar.topbar--location.internal-page-topbar,gap,16px,12px,-4,assets/css/components/shell/desktop-search.css :: .topbar | assets/css/components/shell/responsive-boundary.css :: .topbar | assets/css/components/shell/desktop-base-stability.css :: .topbar | assets/css/components/shell/app-header.css :: .topbar | assets/css/components/shell/mobile-base-stability.css :: .topbar | assets/css/components/layout/responsive-page-contract.css :: .topbar | assets/css/components/shell/doke-shell-contract.css :: .topbar | assets/css/pages/perfil/mobile-public-profile.css :: .topbar
perfil.html,1024x768,headers,.topbar.topbar--location.internal-page-topbar,row-gap,16px,12px,-4,assets/css/components/shell/desktop-search.css :: .topbar | assets/css/components/shell/responsive-boundary.css :: .topbar | assets/css/components/shell/desktop-base-stability.css :: .topbar | assets/css/components/shell/app-header.css :: .topbar | assets/css/components/shell/mobile-base-stability.css :: .topbar | assets/css/components/layout/responsive-page-contract.css :: .topbar | assets/css/components/shell/doke-shell-contract.css :: .topbar | assets/css/pages/perfil/mobile-public-profile.css :: .topbar
perfil.html,1024x768,headers,.topbar.topbar--location.internal-page-topbar,column-gap,16px,12px,-4,assets/css/components/shell/desktop-search.css :: .topbar | assets/css/components/shell/responsive-boundary.css :: .topbar | assets/css/components/shell/desktop-base-stability.css :: .topbar | assets/css/components/shell/app-header.css :: .topbar | assets/css/components/shell/mobile-base-stability.css :: .topbar | assets/css/components/layout/responsive-page-contract.css :: .topbar | assets/css/components/shell/doke-shell-contract.css :: .topbar | assets/css/pages/perfil/mobile-public-profile.css :: .topbar
perfil.html,1024x768,headers,.app-header.app-header--profile.home-side-meta,width,1024,1009,-15,assets/css/components/shell/app-header.css :: .app-header | assets/css/components/shell/mobile-base-stability.css :: .home-side-meta | assets/css/components/layout/responsive-page-contract.css :: .app-header | assets/css/components/shell/doke-shell-contract.css :: .app-header | assets/css/pages/perfil-reference-hero.css :: .app-header | assets/css/pages/perfil/mobile-public-profile.css :: .app-header | assets/css/pages/perfil-header-rail-parity.css :: .app-header | assets/css/pages/stable-desktop-rail.css :: .app-header
perfil.html,1024x768,headers,.app-header.app-header--profile.home-side-meta,height,96,86,-10,assets/css/components/shell/app-header.css :: .app-header | assets/css/components/shell/mobile-base-stability.css :: .home-side-meta | assets/css/components/layout/responsive-page-contract.css :: .app-header | assets/css/components/shell/doke-shell-contract.css :: .app-header | assets/css/pages/perfil-reference-hero.css :: .app-header | assets/css/pages/perfil/mobile-public-profile.css :: .app-header | assets/css/pages/perfil-header-rail-parity.css :: .app-header | assets/css/pages/stable-desktop-rail.css :: .app-header
perfil.html,1024x768,headers,.app-header.app-header--profile.home-side-meta,padding.top,22.53,20,-2.53,assets/css/components/shell/app-header.css :: .app-header | assets/css/components/shell/mobile-base-stability.css :: .home-side-meta | assets/css/components/layout/responsive-page-contract.css :: .app-header | assets/css/components/shell/doke-shell-contract.css :: .app-header | assets/css/pages/perfil-reference-hero.css :: .app-header | assets/css/pages/perfil/mobile-public-profile.css :: .app-header | assets/css/pages/perfil-header-rail-parity.css :: .app-header | assets/css/pages/stable-desktop-rail.css :: .app-header
perfil.html,1024x768,headers,.app-header.app-header--profile.home-side-meta,aspect-ratio,10.67,11.73,1.06,assets/css/components/shell/app-header.css :: .app-header | assets/css/components/shell/mobile-base-stability.css :: .home-side-meta | assets/css/components/layout/responsive-page-contract.css :: .app-header | assets/css/components/shell/doke-shell-contract.css :: .app-header | assets/css/pages/perfil-reference-hero.css :: .app-header | assets/css/pages/perfil/mobile-public-profile.css :: .app-header | assets/css/pages/perfil-header-rail-parity.css :: .app-header | assets/css/pages/stable-desktop-rail.css :: .app-header
perfil.html,1024x768,header inner,.app-header__inner,x,38.72,52.5,13.78,assets/css/components/shell/app-header.css :: .app-header__inner | assets/css/components/layout/responsive-page-contract.css :: .app-header__inner | assets/css/components/shell/doke-shell-contract.css :: .app-header__inner | assets/css/pages/perfil-reference-hero.css :: .app-header__inner | assets/css/pages/perfil-header-rail-parity.css :: .app-header__inner | assets/css/pages/stable-desktop-rail.css :: .app-header__inner
perfil.html,1024x768,header inner,.app-header__inner,y,30.52,28,-2.52,assets/css/components/shell/app-header.css :: .app-header__inner | assets/css/components/layout/responsive-page-contract.css :: .app-header__inner | assets/css/components/shell/doke-shell-contract.css :: .app-header__inner | assets/css/pages/perfil-reference-hero.css :: .app-header__inner | assets/css/pages/perfil-header-rail-parity.css :: .app-header__inner | assets/css/pages/stable-desktop-rail.css :: .app-header__inner
perfil.html,1024x768,header inner,.app-header__inner,width,962.55,920,-42.55,assets/css/components/shell/app-header.css :: .app-header__inner | assets/css/components/layout/responsive-page-contract.css :: .app-header__inner | assets/css/components/shell/doke-shell-contract.css :: .app-header__inner | assets/css/pages/perfil-reference-hero.css :: .app-header__inner | assets/css/pages/perfil-header-rail-parity.css :: .app-header__inner | assets/css/pages/stable-desktop-rail.css :: .app-header__inner
perfil.html,1024x768,header inner,.app-header__inner,aspect-ratio,20.05,19.17,-0.88,assets/css/components/shell/app-header.css :: .app-header__inner | assets/css/components/layout/responsive-page-contract.css :: .app-header__inner | assets/css/components/shell/doke-shell-contract.css :: .app-header__inner | assets/css/pages/perfil-reference-hero.css :: .app-header__inner | assets/css/pages/perfil-header-rail-parity.css :: .app-header__inner | assets/css/pages/stable-desktop-rail.css :: .app-header__inner
perfil.html,1024x768,header inner,.app-header__inner,measured-child-gap-x,,12,,assets/css/components/shell/app-header.css :: .app-header__inner | assets/css/components/layout/responsive-page-contract.css :: .app-header__inner | assets/css/components/shell/doke-shell-contract.css :: .app-header__inner | assets/css/pages/perfil-reference-hero.css :: .app-header__inner | assets/css/pages/perfil-header-rail-parity.css :: .app-header__inner | assets/css/pages/stable-desktop-rail.css :: .app-header__inner
perfil.html,1024x768,containers/rails,.doke-reviews-bar__track,x,38.72,0,-38.72,não identificado por busca de classe nos CSS importados pela página
perfil.html,1024x768,containers/rails,.doke-reviews-bar__track,y,355.36,0,-355.36,não identificado por busca de classe nos CSS importados pela página
perfil.html,1024x768,containers/rails,.doke-reviews-bar__track,width,962.55,0,-962.55,não identificado por busca de classe nos CSS importados pela página
perfil.html,1024x768,containers/rails,.doke-reviews-bar__track,height,171,0,-171,não identificado por busca de classe nos CSS importados pela página
perfil.html,1024x768,containers/rails,.doke-reviews-bar__track,padding.right,42,0,-42,não identificado por busca de classe nos CSS importados pela página
perfil.html,1024x768,containers/rails,.doke-reviews-bar__track,padding.left,42,0,-42,não identificado por busca de classe nos CSS importados pela página
perfil.html,1024x768,containers/rails,.doke-reviews-bar__track,aspect-ratio,5.63,,,não identificado por busca de classe nos CSS importados pela página
perfil.html,1024x768,containers/rails,.doke-reviews-bar__track,gap,0px,normal,,não identificado por busca de classe nos CSS importados pela página
perfil.html,1024x768,containers/rails,.doke-reviews-bar__track,row-gap,0px,normal,,não identificado por busca de classe nos CSS importados pela página
perfil.html,1024x768,containers/rails,.doke-reviews-bar__track,column-gap,0px,normal,,não identificado por busca de classe nos CSS importados pela página
perfil.html,1024x768,containers/rails,.doke-reviews-bar__track,x,80.72,0,-80.72,não identificado por busca de classe nos CSS importados pela página
perfil.html,1024x768,containers/rails,.doke-reviews-bar__track,y,410.36,0,-410.36,não identificado por busca de classe nos CSS importados pela página
perfil.html,1024x768,containers/rails,.doke-reviews-bar__track,width,832.55,0,-832.55,não identificado por busca de classe nos CSS importados pela página
perfil.html,1024x768,containers/rails,.doke-reviews-bar__track,height,116,0,-116,não identificado por busca de classe nos CSS importados pela página
perfil.html,1024x768,containers/rails,.doke-reviews-bar__track,aspect-ratio,7.18,,,não identificado por busca de classe nos CSS importados pela página
perfil.html,1024x768,containers/rails,.doke-reviews-bar__track,gap,22px,normal,,não identificado por busca de classe nos CSS importados pela página
perfil.html,1024x768,containers/rails,.doke-reviews-bar__track,row-gap,22px,normal,,não identificado por busca de classe nos CSS importados pela página
perfil.html,1024x768,containers/rails,.doke-reviews-bar__track,column-gap,22px,normal,,não identificado por busca de classe nos CSS importados pela página
perfil.html,1024x768,containers/rails,.doke-reviews-bar__track,measured-child-gap-x,22,,,não identificado por busca de classe nos CSS importados pela página
perfil.html,1024x768,video-card / worker card,.before-after-preview.doke-worker-card.doke-media-card.doke-card.doke-page-section,x,106.72,8,-98.72,assets/css/components/layout/doke-layout-system.css :: .doke-page-section | assets/css/components/shell/desktop-base-stability.css :: .doke-worker-card | assets/css/components/shell/mobile-base-stability.css :: .doke-worker-card | assets/css/components/shell/doke-shell-contract.css :: .doke-card | assets/css/pages/perfil-reference-hero.css :: .doke-card | assets/css/pages/perfil/mobile-public-profile.css :: .doke-card | assets/css/pages/perfil/mobile-owner-media-polish.css :: .doke-worker-card | assets/css/components/cards/marketplace-card-contract.css :: .doke-worker-card
perfil.html,1024x768,video-card / worker card,.before-after-preview.doke-worker-card.doke-media-card.doke-card.doke-page-section,y,1298.95,902.05,-396.9,assets/css/components/layout/doke-layout-system.css :: .doke-page-section | assets/css/components/shell/desktop-base-stability.css :: .doke-worker-card | assets/css/components/shell/mobile-base-stability.css :: .doke-worker-card | assets/css/components/shell/doke-shell-contract.css :: .doke-card | assets/css/pages/perfil-reference-hero.css :: .doke-card | assets/css/pages/perfil/mobile-public-profile.css :: .doke-card | assets/css/pages/perfil/mobile-owner-media-polish.css :: .doke-worker-card | assets/css/components/cards/marketplace-card-contract.css :: .doke-worker-card
perfil.html,1024x768,video-card / worker card,.before-after-preview.doke-worker-card.doke-media-card.doke-card.doke-page-section,width,193.14,1009,815.86,assets/css/components/layout/doke-layout-system.css :: .doke-page-section | assets/css/components/shell/desktop-base-stability.css :: .doke-worker-card | assets/css/components/shell/mobile-base-stability.css :: .doke-worker-card | assets/css/components/shell/doke-shell-contract.css :: .doke-card | assets/css/pages/perfil-reference-hero.css :: .doke-card | assets/css/pages/perfil/mobile-public-profile.css :: .doke-card | assets/css/pages/perfil/mobile-owner-media-polish.css :: .doke-worker-card | assets/css/components/cards/marketplace-card-contract.css :: .doke-worker-card
perfil.html,1024x768,video-card / worker card,.before-after-preview.doke-worker-card.doke-media-card.doke-card.doke-page-section,height,343.36,1793.77,1450.41,assets/css/components/layout/doke-layout-system.css :: .doke-page-section | assets/css/components/shell/desktop-base-stability.css :: .doke-worker-card | assets/css/components/shell/mobile-base-stability.css :: .doke-worker-card | assets/css/components/shell/doke-shell-contract.css :: .doke-card | assets/css/pages/perfil-reference-hero.css :: .doke-card | assets/css/pages/perfil/mobile-public-profile.css :: .doke-card | assets/css/pages/perfil/mobile-owner-media-polish.css :: .doke-worker-card | assets/css/components/cards/marketplace-card-contract.css :: .doke-worker-card
perfil.html,1024x768,video-card / worker card,.before-after-preview.doke-worker-card.doke-media-card.doke-card.doke-page-section,media.height,343.36,1793.77,1450.41,assets/css/components/layout/doke-layout-system.css :: .doke-page-section | assets/css/components/shell/desktop-base-stability.css :: .doke-worker-card | assets/css/components/shell/mobile-base-stability.css :: .doke-worker-card | assets/css/components/shell/doke-shell-contract.css :: .doke-card | assets/css/pages/perfil-reference-hero.css :: .doke-card | assets/css/pages/perfil/mobile-public-profile.css :: .doke-card | assets/css/pages/perfil/mobile-owner-media-polish.css :: .doke-worker-card | assets/css/components/cards/marketplace-card-contract.css :: .doke-worker-card
perfil.html,1024x768,video-card / worker card,.before-after-preview.doke-worker-card.doke-media-card.doke-card.doke-page-section,texto cortado,false,true,,assets/css/components/layout/doke-layout-system.css :: .doke-page-section | assets/css/components/shell/desktop-base-stability.css :: .doke-worker-card | assets/css/components/shell/mobile-base-stability.css :: .doke-worker-card | assets/css/components/shell/doke-shell-contract.css :: .doke-card | assets/css/pages/perfil-reference-hero.css :: .doke-card | assets/css/pages/perfil/mobile-public-profile.css :: .doke-card | assets/css/pages/perfil/mobile-owner-media-polish.css :: .doke-worker-card | assets/css/components/cards/marketplace-card-contract.css :: .doke-worker-card
perfil.html,1024x768,video-card / worker card,.before-after-preview__media-card.doke-card.doke-worker-card.doke-media-card,x,317.86,10,-307.86,assets/css/components/domain/doke-domain-cards.css :: .doke-card | assets/css/components/shell/desktop-base-stability.css :: .doke-card | assets/css/components/shell/mobile-base-stability.css :: .doke-card | assets/css/components/shell/doke-shell-contract.css :: .doke-card | assets/css/pages/perfil-reference-hero.css :: .doke-card | assets/css/pages/perfil/mobile-public-profile.css :: .doke-card | assets/css/pages/perfil/mobile-owner-media-polish.css :: .doke-worker-card | assets/css/components/cards/marketplace-card-contract.css :: .doke-card
perfil.html,1024x768,video-card / worker card,.before-after-preview__media-card.doke-card.doke-worker-card.doke-media-card,y,1298.95,948.05,-350.9,assets/css/components/domain/doke-domain-cards.css :: .doke-card | assets/css/components/shell/desktop-base-stability.css :: .doke-card | assets/css/components/shell/mobile-base-stability.css :: .doke-card | assets/css/components/shell/doke-shell-contract.css :: .doke-card | assets/css/pages/perfil-reference-hero.css :: .doke-card | assets/css/pages/perfil/mobile-public-profile.css :: .doke-card | assets/css/pages/perfil/mobile-owner-media-polish.css :: .doke-worker-card | assets/css/components/cards/marketplace-card-contract.css :: .doke-card
perfil.html,1024x768,video-card / worker card,.before-after-preview__media-card.doke-card.doke-worker-card.doke-media-card,width,193.13,966,772.87,assets/css/components/domain/doke-domain-cards.css :: .doke-card | assets/css/components/shell/desktop-base-stability.css :: .doke-card | assets/css/components/shell/mobile-base-stability.css :: .doke-card | assets/css/components/shell/doke-shell-contract.css :: .doke-card | assets/css/pages/perfil-reference-hero.css :: .doke-card | assets/css/pages/perfil/mobile-public-profile.css :: .doke-card | assets/css/pages/perfil/mobile-owner-media-polish.css :: .doke-worker-card | assets/css/components/cards/marketplace-card-contract.css :: .doke-card
perfil.html,1024x768,video-card / worker card,.before-after-preview__media-card.doke-card.doke-worker-card.doke-media-card,height,343.36,1717.33,1373.97,assets/css/components/domain/doke-domain-cards.css :: .doke-card | assets/css/components/shell/desktop-base-stability.css :: .doke-card | assets/css/components/shell/mobile-base-stability.css :: .doke-card | assets/css/components/shell/doke-shell-contract.css :: .doke-card | assets/css/pages/perfil-reference-hero.css :: .doke-card | assets/css/pages/perfil/mobile-public-profile.css :: .doke-card | assets/css/pages/perfil/mobile-owner-media-polish.css :: .doke-worker-card | assets/css/components/cards/marketplace-card-contract.css :: .doke-card
perfil.html,1024x768,video-card / worker card,.before-after-preview__media-card.doke-card.doke-worker-card.doke-media-card,media.height,343.36,1717.33,1373.97,assets/css/components/domain/doke-domain-cards.css :: .doke-card | assets/css/components/shell/desktop-base-stability.css :: .doke-card | assets/css/components/shell/mobile-base-stability.css :: .doke-card | assets/css/components/shell/doke-shell-contract.css :: .doke-card | assets/css/pages/perfil-reference-hero.css :: .doke-card | assets/css/pages/perfil/mobile-public-profile.css :: .doke-card | assets/css/pages/perfil/mobile-owner-media-polish.css :: .doke-worker-card | assets/css/components/cards/marketplace-card-contract.css :: .doke-card
perfil.html,1024x768,video-card / worker card,.worker-preview.doke-worker-card.doke-media-card.doke-card.doke-page-section,x,528.98,0,-528.98,assets/css/components/layout/doke-layout-system.css :: .doke-page-section | assets/css/components/shell/desktop-base-stability.css :: .doke-worker-card | assets/css/components/shell/mobile-base-stability.css :: .doke-worker-card | assets/css/components/shell/doke-shell-contract.css :: .doke-card | assets/css/pages/perfil-reference-hero.css :: .doke-card | assets/css/pages/perfil/mobile-public-profile.css :: .doke-card | assets/css/pages/perfil/mobile-owner-media-polish.css :: .doke-worker-card | assets/css/components/cards/marketplace-card-contract.css :: .doke-worker-card
perfil.html,1024x768,video-card / worker card,.worker-preview.doke-worker-card.doke-media-card.doke-card.doke-page-section,y,1298.95,0,-1298.95,assets/css/components/layout/doke-layout-system.css :: .doke-page-section | assets/css/components/shell/desktop-base-stability.css :: .doke-worker-card | assets/css/components/shell/mobile-base-stability.css :: .doke-worker-card | assets/css/components/shell/doke-shell-contract.css :: .doke-card | assets/css/pages/perfil-reference-hero.css :: .doke-card | assets/css/pages/perfil/mobile-public-profile.css :: .doke-card | assets/css/pages/perfil/mobile-owner-media-polish.css :: .doke-worker-card | assets/css/components/cards/marketplace-card-contract.css :: .doke-worker-card
perfil.html,1024x768,video-card / worker card,.worker-preview.doke-worker-card.doke-media-card.doke-card.doke-page-section,width,193.14,0,-193.14,assets/css/components/layout/doke-layout-system.css :: .doke-page-section | assets/css/components/shell/desktop-base-stability.css :: .doke-worker-card | assets/css/components/shell/mobile-base-stability.css :: .doke-worker-card | assets/css/components/shell/doke-shell-contract.css :: .doke-card | assets/css/pages/perfil-reference-hero.css :: .doke-card | assets/css/pages/perfil/mobile-public-profile.css :: .doke-card | assets/css/pages/perfil/mobile-owner-media-polish.css :: .doke-worker-card | assets/css/components/cards/marketplace-card-contract.css :: .doke-worker-card
perfil.html,1024x768,video-card / worker card,.worker-preview.doke-worker-card.doke-media-card.doke-card.doke-page-section,height,343.36,0,-343.36,assets/css/components/layout/doke-layout-system.css :: .doke-page-section | assets/css/components/shell/desktop-base-stability.css :: .doke-worker-card | assets/css/components/shell/mobile-base-stability.css :: .doke-worker-card | assets/css/components/shell/doke-shell-contract.css :: .doke-card | assets/css/pages/perfil-reference-hero.css :: .doke-card | assets/css/pages/perfil/mobile-public-profile.css :: .doke-card | assets/css/pages/perfil/mobile-owner-media-polish.css :: .doke-worker-card | assets/css/components/cards/marketplace-card-contract.css :: .doke-worker-card
perfil.html,1024x768,video-card / worker card,.worker-preview.doke-worker-card.doke-media-card.doke-card.doke-page-section,aspect-ratio,0.56,,,assets/css/components/layout/doke-layout-system.css :: .doke-page-section | assets/css/components/shell/desktop-base-stability.css :: .doke-worker-card | assets/css/components/shell/mobile-base-stability.css :: .doke-worker-card | assets/css/components/shell/doke-shell-contract.css :: .doke-card | assets/css/pages/perfil-reference-hero.css :: .doke-card | assets/css/pages/perfil/mobile-public-profile.css :: .doke-card | assets/css/pages/perfil/mobile-owner-media-polish.css :: .doke-worker-card | assets/css/components/cards/marketplace-card-contract.css :: .doke-worker-card
perfil.html,1024x768,video-card / worker card,.worker-preview.doke-worker-card.doke-media-card.doke-card.doke-page-section,media.height,343.36,0,-343.36,assets/css/components/layout/doke-layout-system.css :: .doke-page-section | assets/css/components/shell/desktop-base-stability.css :: .doke-worker-card | assets/css/components/shell/mobile-base-stability.css :: .doke-worker-card | assets/css/components/shell/doke-shell-contract.css :: .doke-card | assets/css/pages/perfil-reference-hero.css :: .doke-card | assets/css/pages/perfil/mobile-public-profile.css :: .doke-card | assets/css/pages/perfil/mobile-owner-media-polish.css :: .doke-worker-card | assets/css/components/cards/marketplace-card-contract.css :: .doke-worker-card
perfil.html,1024x768,video-card / worker card,.worker-preview.doke-worker-card.doke-media-card.doke-card.doke-page-section,media.aspect-ratio,0.56,,,assets/css/components/layout/doke-layout-system.css :: .doke-page-section | assets/css/components/shell/desktop-base-stability.css :: .doke-worker-card | assets/css/components/shell/mobile-base-stability.css :: .doke-worker-card | assets/css/components/shell/doke-shell-contract.css :: .doke-card | assets/css/pages/perfil-reference-hero.css :: .doke-card | assets/css/pages/perfil/mobile-public-profile.css :: .doke-card | assets/css/pages/perfil/mobile-owner-media-polish.css :: .doke-worker-card | assets/css/components/cards/marketplace-card-contract.css :: .doke-worker-card
perfil.html,1280x800,headers,.topbar.topbar--location.internal-page-topbar,x,280,0,-280,assets/css/components/shell/desktop-search.css :: .topbar | assets/css/components/shell/responsive-boundary.css :: .topbar | assets/css/components/shell/desktop-base-stability.css :: .topbar | assets/css/components/shell/app-header.css :: .topbar | assets/css/components/shell/mobile-base-stability.css :: .topbar | assets/css/components/layout/responsive-page-contract.css :: .topbar | assets/css/components/shell/doke-shell-contract.css :: .topbar | assets/css/pages/perfil/mobile-public-profile.css :: .topbar
perfil.html,1280x800,headers,.topbar.topbar--location.internal-page-topbar,y,8,0,-8,assets/css/components/shell/desktop-search.css :: .topbar | assets/css/components/shell/responsive-boundary.css :: .topbar | assets/css/components/shell/desktop-base-stability.css :: .topbar | assets/css/components/shell/app-header.css :: .topbar | assets/css/components/shell/mobile-base-stability.css :: .topbar | assets/css/components/layout/responsive-page-contract.css :: .topbar | assets/css/components/shell/doke-shell-contract.css :: .topbar | assets/css/pages/perfil/mobile-public-profile.css :: .topbar
perfil.html,1280x800,headers,.topbar.topbar--location.internal-page-topbar,width,1008,0,-1008,assets/css/components/shell/desktop-search.css :: .topbar | assets/css/components/shell/responsive-boundary.css :: .topbar | assets/css/components/shell/desktop-base-stability.css :: .topbar | assets/css/components/shell/app-header.css :: .topbar | assets/css/components/shell/mobile-base-stability.css :: .topbar | assets/css/components/layout/responsive-page-contract.css :: .topbar | assets/css/components/shell/doke-shell-contract.css :: .topbar | assets/css/pages/perfil/mobile-public-profile.css :: .topbar
perfil.html,1280x800,headers,.topbar.topbar--location.internal-page-topbar,height,96,0,-96,assets/css/components/shell/desktop-search.css :: .topbar | assets/css/components/shell/responsive-boundary.css :: .topbar | assets/css/components/shell/desktop-base-stability.css :: .topbar | assets/css/components/shell/app-header.css :: .topbar | assets/css/components/shell/mobile-base-stability.css :: .topbar | assets/css/components/layout/responsive-page-contract.css :: .topbar | assets/css/components/shell/doke-shell-contract.css :: .topbar | assets/css/pages/perfil/mobile-public-profile.css :: .topbar
perfil.html,1280x800,headers,.topbar.topbar--location.internal-page-topbar,padding.top,28.16,14,-14.16,assets/css/components/shell/desktop-search.css :: .topbar | assets/css/components/shell/responsive-boundary.css :: .topbar | assets/css/components/shell/desktop-base-stability.css :: .topbar | assets/css/components/shell/app-header.css :: .topbar | assets/css/components/shell/mobile-base-stability.css :: .topbar | assets/css/components/layout/responsive-page-contract.css :: .topbar | assets/css/components/shell/doke-shell-contract.css :: .topbar | assets/css/pages/perfil/mobile-public-profile.css :: .topbar
perfil.html,1280x800,headers,.topbar.topbar--location.internal-page-topbar,padding.right,38.4,0,-38.4,assets/css/components/shell/desktop-search.css :: .topbar | assets/css/components/shell/responsive-boundary.css :: .topbar | assets/css/components/shell/desktop-base-stability.css :: .topbar | assets/css/components/shell/app-header.css :: .topbar | assets/css/components/shell/mobile-base-stability.css :: .topbar | assets/css/components/layout/responsive-page-contract.css :: .topbar | assets/css/components/shell/doke-shell-contract.css :: .topbar | assets/css/pages/perfil/mobile-public-profile.css :: .topbar
perfil.html,1280x800,headers,.topbar.topbar--location.internal-page-topbar,padding.bottom,19.2,10,-9.2,assets/css/components/shell/desktop-search.css :: .topbar | assets/css/components/shell/responsive-boundary.css :: .topbar | assets/css/components/shell/desktop-base-stability.css :: .topbar | assets/css/components/shell/app-header.css :: .topbar | assets/css/components/shell/mobile-base-stability.css :: .topbar | assets/css/components/layout/responsive-page-contract.css :: .topbar | assets/css/components/shell/doke-shell-contract.css :: .topbar | assets/css/pages/perfil/mobile-public-profile.css :: .topbar
perfil.html,1280x800,headers,.topbar.topbar--location.internal-page-topbar,padding.left,38.4,0,-38.4,assets/css/components/shell/desktop-search.css :: .topbar | assets/css/components/shell/responsive-boundary.css :: .topbar | assets/css/components/shell/desktop-base-stability.css :: .topbar | assets/css/components/shell/app-header.css :: .topbar | assets/css/components/shell/mobile-base-stability.css :: .topbar | assets/css/components/layout/responsive-page-contract.css :: .topbar | assets/css/components/shell/doke-shell-contract.css :: .topbar | assets/css/pages/perfil/mobile-public-profile.css :: .topbar
perfil.html,1280x800,headers,.topbar.topbar--location.internal-page-topbar,aspect-ratio,10.5,,,assets/css/components/shell/desktop-search.css :: .topbar | assets/css/components/shell/responsive-boundary.css :: .topbar | assets/css/components/shell/desktop-base-stability.css :: .topbar | assets/css/components/shell/app-header.css :: .topbar | assets/css/components/shell/mobile-base-stability.css :: .topbar | assets/css/components/layout/responsive-page-contract.css :: .topbar | assets/css/components/shell/doke-shell-contract.css :: .topbar | assets/css/pages/perfil/mobile-public-profile.css :: .topbar
perfil.html,1280x800,headers,.topbar.topbar--location.internal-page-topbar,gap,16px,12px,-4,assets/css/components/shell/desktop-search.css :: .topbar | assets/css/components/shell/responsive-boundary.css :: .topbar | assets/css/components/shell/desktop-base-stability.css :: .topbar | assets/css/components/shell/app-header.css :: .topbar | assets/css/components/shell/mobile-base-stability.css :: .topbar | assets/css/components/layout/responsive-page-contract.css :: .topbar | assets/css/components/shell/doke-shell-contract.css :: .topbar | assets/css/pages/perfil/mobile-public-profile.css :: .topbar
perfil.html,1280x800,headers,.topbar.topbar--location.internal-page-topbar,row-gap,16px,12px,-4,assets/css/components/shell/desktop-search.css :: .topbar | assets/css/components/shell/responsive-boundary.css :: .topbar | assets/css/components/shell/desktop-base-stability.css :: .topbar | assets/css/components/shell/app-header.css :: .topbar | assets/css/components/shell/mobile-base-stability.css :: .topbar | assets/css/components/layout/responsive-page-contract.css :: .topbar | assets/css/components/shell/doke-shell-contract.css :: .topbar | assets/css/pages/perfil/mobile-public-profile.css :: .topbar
perfil.html,1280x800,headers,.topbar.topbar--location.internal-page-topbar,column-gap,16px,12px,-4,assets/css/components/shell/desktop-search.css :: .topbar | assets/css/components/shell/responsive-boundary.css :: .topbar | assets/css/components/shell/desktop-base-stability.css :: .topbar | assets/css/components/shell/app-header.css :: .topbar | assets/css/components/shell/mobile-base-stability.css :: .topbar | assets/css/components/layout/responsive-page-contract.css :: .topbar | assets/css/components/shell/doke-shell-contract.css :: .topbar | assets/css/pages/perfil/mobile-public-profile.css :: .topbar
perfil.html,1280x800,headers,.app-header.app-header--profile.home-side-meta,x,280,0,-280,assets/css/components/shell/app-header.css :: .app-header | assets/css/components/shell/mobile-base-stability.css :: .home-side-meta | assets/css/components/layout/responsive-page-contract.css :: .app-header | assets/css/components/shell/doke-shell-contract.css :: .app-header | assets/css/pages/perfil-reference-hero.css :: .app-header | assets/css/pages/perfil/mobile-public-profile.css :: .app-header | assets/css/pages/perfil-header-rail-parity.css :: .app-header | assets/css/pages/stable-desktop-rail.css :: .app-header
perfil.html,1280x800,headers,.app-header.app-header--profile.home-side-meta,y,8,0,-8,assets/css/components/shell/app-header.css :: .app-header | assets/css/components/shell/mobile-base-stability.css :: .home-side-meta | assets/css/components/layout/responsive-page-contract.css :: .app-header | assets/css/components/shell/doke-shell-contract.css :: .app-header | assets/css/pages/perfil-reference-hero.css :: .app-header | assets/css/pages/perfil/mobile-public-profile.css :: .app-header | assets/css/pages/perfil-header-rail-parity.css :: .app-header | assets/css/pages/stable-desktop-rail.css :: .app-header
perfil.html,1280x800,headers,.app-header.app-header--profile.home-side-meta,width,1008,0,-1008,assets/css/components/shell/app-header.css :: .app-header | assets/css/components/shell/mobile-base-stability.css :: .home-side-meta | assets/css/components/layout/responsive-page-contract.css :: .app-header | assets/css/components/shell/doke-shell-contract.css :: .app-header | assets/css/pages/perfil-reference-hero.css :: .app-header | assets/css/pages/perfil/mobile-public-profile.css :: .app-header | assets/css/pages/perfil-header-rail-parity.css :: .app-header | assets/css/pages/stable-desktop-rail.css :: .app-header
perfil.html,1280x800,headers,.app-header.app-header--profile.home-side-meta,height,96,0,-96,assets/css/components/shell/app-header.css :: .app-header | assets/css/components/shell/mobile-base-stability.css :: .home-side-meta | assets/css/components/layout/responsive-page-contract.css :: .app-header | assets/css/components/shell/doke-shell-contract.css :: .app-header | assets/css/pages/perfil-reference-hero.css :: .app-header | assets/css/pages/perfil/mobile-public-profile.css :: .app-header | assets/css/pages/perfil-header-rail-parity.css :: .app-header | assets/css/pages/stable-desktop-rail.css :: .app-header
perfil.html,1280x800,headers,.app-header.app-header--profile.home-side-meta,padding.right,38.4,0,-38.4,assets/css/components/shell/app-header.css :: .app-header | assets/css/components/shell/mobile-base-stability.css :: .home-side-meta | assets/css/components/layout/responsive-page-contract.css :: .app-header | assets/css/components/shell/doke-shell-contract.css :: .app-header | assets/css/pages/perfil-reference-hero.css :: .app-header | assets/css/pages/perfil/mobile-public-profile.css :: .app-header | assets/css/pages/perfil-header-rail-parity.css :: .app-header | assets/css/pages/stable-desktop-rail.css :: .app-header
perfil.html,1280x800,headers,.app-header.app-header--profile.home-side-meta,padding.left,38.4,0,-38.4,assets/css/components/shell/app-header.css :: .app-header | assets/css/components/shell/mobile-base-stability.css :: .home-side-meta | assets/css/components/layout/responsive-page-contract.css :: .app-header | assets/css/components/shell/doke-shell-contract.css :: .app-header | assets/css/pages/perfil-reference-hero.css :: .app-header | assets/css/pages/perfil/mobile-public-profile.css :: .app-header | assets/css/pages/perfil-header-rail-parity.css :: .app-header | assets/css/pages/stable-desktop-rail.css :: .app-header
perfil.html,1280x800,headers,.app-header.app-header--profile.home-side-meta,aspect-ratio,10.5,,,assets/css/components/shell/app-header.css :: .app-header | assets/css/components/shell/mobile-base-stability.css :: .home-side-meta | assets/css/components/layout/responsive-page-contract.css :: .app-header | assets/css/components/shell/doke-shell-contract.css :: .app-header | assets/css/pages/perfil-reference-hero.css :: .app-header | assets/css/pages/perfil/mobile-public-profile.css :: .app-header | assets/css/pages/perfil-header-rail-parity.css :: .app-header | assets/css/pages/stable-desktop-rail.css :: .app-header
perfil.html,1280x800,header inner,.app-header__inner,x,366.39,0,-366.39,assets/css/components/shell/app-header.css :: .app-header__inner | assets/css/components/layout/responsive-page-contract.css :: .app-header__inner | assets/css/components/shell/doke-shell-contract.css :: .app-header__inner | assets/css/pages/perfil-reference-hero.css :: .app-header__inner | assets/css/pages/perfil-header-rail-parity.css :: .app-header__inner | assets/css/pages/stable-desktop-rail.css :: .app-header__inner
perfil.html,1280x800,header inner,.app-header__inner,y,36.16,0,-36.16,assets/css/components/shell/app-header.css :: .app-header__inner | assets/css/components/layout/responsive-page-contract.css :: .app-header__inner | assets/css/components/shell/doke-shell-contract.css :: .app-header__inner | assets/css/pages/perfil-reference-hero.css :: .app-header__inner | assets/css/pages/perfil-header-rail-parity.css :: .app-header__inner | assets/css/pages/stable-desktop-rail.css :: .app-header__inner
perfil.html,1280x800,header inner,.app-header__inner,width,835.22,0,-835.22,assets/css/components/shell/app-header.css :: .app-header__inner | assets/css/components/layout/responsive-page-contract.css :: .app-header__inner | assets/css/components/shell/doke-shell-contract.css :: .app-header__inner | assets/css/pages/perfil-reference-hero.css :: .app-header__inner | assets/css/pages/perfil-header-rail-parity.css :: .app-header__inner | assets/css/pages/stable-desktop-rail.css :: .app-header__inner
perfil.html,1280x800,header inner,.app-header__inner,height,48,0,-48,assets/css/components/shell/app-header.css :: .app-header__inner | assets/css/components/layout/responsive-page-contract.css :: .app-header__inner | assets/css/components/shell/doke-shell-contract.css :: .app-header__inner | assets/css/pages/perfil-reference-hero.css :: .app-header__inner | assets/css/pages/perfil-header-rail-parity.css :: .app-header__inner | assets/css/pages/stable-desktop-rail.css :: .app-header__inner
perfil.html,1280x800,header inner,.app-header__inner,aspect-ratio,17.4,,,assets/css/components/shell/app-header.css :: .app-header__inner | assets/css/components/layout/responsive-page-contract.css :: .app-header__inner | assets/css/components/shell/doke-shell-contract.css :: .app-header__inner | assets/css/pages/perfil-reference-hero.css :: .app-header__inner | assets/css/pages/perfil-header-rail-parity.css :: .app-header__inner | assets/css/pages/stable-desktop-rail.css :: .app-header__inner
perfil.html,1280x800,header inner,.app-header__inner,measured-child-gap-x,14,,,assets/css/components/shell/app-header.css :: .app-header__inner | assets/css/components/layout/responsive-page-contract.css :: .app-header__inner | assets/css/components/shell/doke-shell-contract.css :: .app-header__inner | assets/css/pages/perfil-reference-hero.css :: .app-header__inner | assets/css/pages/perfil-header-rail-parity.css :: .app-header__inner | assets/css/pages/stable-desktop-rail.css :: .app-header__inner
perfil.html,1280x800,containers/rails,.doke-reviews-bar__track,x,328,0,-328,não identificado por busca de classe nos CSS importados pela página
perfil.html,1280x800,containers/rails,.doke-reviews-bar__track,y,238.78,0,-238.78,não identificado por busca de classe nos CSS importados pela página
perfil.html,1280x800,containers/rails,.doke-reviews-bar__track,width,912,0,-912,não identificado por busca de classe nos CSS importados pela página
perfil.html,1280x800,containers/rails,.doke-reviews-bar__track,height,220,0,-220,não identificado por busca de classe nos CSS importados pela página
perfil.html,1280x800,containers/rails,.doke-reviews-bar__track,padding.right,76,0,-76,não identificado por busca de classe nos CSS importados pela página
perfil.html,1280x800,containers/rails,.doke-reviews-bar__track,padding.left,76,0,-76,não identificado por busca de classe nos CSS importados pela página
perfil.html,1280x800,containers/rails,.doke-reviews-bar__track,aspect-ratio,4.15,,,não identificado por busca de classe nos CSS importados pela página
perfil.html,1280x800,containers/rails,.doke-reviews-bar__track,measured-child-gap-y,26,,,não identificado por busca de classe nos CSS importados pela página
perfil.html,1280x800,containers/rails,.doke-reviews-bar__track,x,404,0,-404,não identificado por busca de classe nos CSS importados pela página
perfil.html,1280x800,containers/rails,.doke-reviews-bar__track,y,290.78,0,-290.78,não identificado por busca de classe nos CSS importados pela página
perfil.html,1280x800,containers/rails,.doke-reviews-bar__track,width,760,0,-760,não identificado por busca de classe nos CSS importados pela página
perfil.html,1280x800,containers/rails,.doke-reviews-bar__track,height,116,0,-116,não identificado por busca de classe nos CSS importados pela página
perfil.html,1280x800,containers/rails,.doke-reviews-bar__track,aspect-ratio,6.55,,,não identificado por busca de classe nos CSS importados pela página
perfil.html,1280x800,containers/rails,.doke-reviews-bar__track,gap,18px,normal,,não identificado por busca de classe nos CSS importados pela página
perfil.html,1280x800,containers/rails,.doke-reviews-bar__track,row-gap,18px,normal,,não identificado por busca de classe nos CSS importados pela página
perfil.html,1280x800,containers/rails,.doke-reviews-bar__track,column-gap,18px,normal,,não identificado por busca de classe nos CSS importados pela página
perfil.html,1280x800,containers/rails,.doke-reviews-bar__track,measured-child-gap-x,18,,,não identificado por busca de classe nos CSS importados pela página
perfil.html,1280x800,video-card / worker card,.before-after-preview.doke-worker-card.doke-media-card.doke-card.doke-page-section,x,396,8,-388,assets/css/components/layout/doke-layout-system.css :: .doke-page-section | assets/css/components/shell/desktop-base-stability.css :: .doke-worker-card | assets/css/components/shell/mobile-base-stability.css :: .doke-worker-card | assets/css/components/shell/doke-shell-contract.css :: .doke-card | assets/css/pages/perfil-reference-hero.css :: .doke-card | assets/css/pages/perfil/mobile-public-profile.css :: .doke-card | assets/css/pages/perfil/mobile-owner-media-polish.css :: .doke-worker-card | assets/css/components/cards/marketplace-card-contract.css :: .doke-worker-card
perfil.html,1280x800,video-card / worker card,.before-after-preview.doke-worker-card.doke-media-card.doke-card.doke-page-section,y,2391.92,808,-1583.92,assets/css/components/layout/doke-layout-system.css :: .doke-page-section | assets/css/components/shell/desktop-base-stability.css :: .doke-worker-card | assets/css/components/shell/mobile-base-stability.css :: .doke-worker-card | assets/css/components/shell/doke-shell-contract.css :: .doke-card | assets/css/pages/perfil-reference-hero.css :: .doke-card | assets/css/pages/perfil/mobile-public-profile.css :: .doke-card | assets/css/pages/perfil/mobile-owner-media-polish.css :: .doke-worker-card | assets/css/components/cards/marketplace-card-contract.css :: .doke-worker-card
perfil.html,1280x800,video-card / worker card,.before-after-preview.doke-worker-card.doke-media-card.doke-card.doke-page-section,width,180.5,1265,1084.5,assets/css/components/layout/doke-layout-system.css :: .doke-page-section | assets/css/components/shell/desktop-base-stability.css :: .doke-worker-card | assets/css/components/shell/mobile-base-stability.css :: .doke-worker-card | assets/css/components/shell/doke-shell-contract.css :: .doke-card | assets/css/pages/perfil-reference-hero.css :: .doke-card | assets/css/pages/perfil/mobile-public-profile.css :: .doke-card | assets/css/pages/perfil/mobile-owner-media-polish.css :: .doke-worker-card | assets/css/components/cards/marketplace-card-contract.css :: .doke-worker-card
perfil.html,1280x800,video-card / worker card,.before-after-preview.doke-worker-card.doke-media-card.doke-card.doke-page-section,height,320.88,2248.88,1928,assets/css/components/layout/doke-layout-system.css :: .doke-page-section | assets/css/components/shell/desktop-base-stability.css :: .doke-worker-card | assets/css/components/shell/mobile-base-stability.css :: .doke-worker-card | assets/css/components/shell/doke-shell-contract.css :: .doke-card | assets/css/pages/perfil-reference-hero.css :: .doke-card | assets/css/pages/perfil/mobile-public-profile.css :: .doke-card | assets/css/pages/perfil/mobile-owner-media-polish.css :: .doke-worker-card | assets/css/components/cards/marketplace-card-contract.css :: .doke-worker-card
perfil.html,1280x800,video-card / worker card,.before-after-preview.doke-worker-card.doke-media-card.doke-card.doke-page-section,media.height,320.88,2248.88,1928,assets/css/components/layout/doke-layout-system.css :: .doke-page-section | assets/css/components/shell/desktop-base-stability.css :: .doke-worker-card | assets/css/components/shell/mobile-base-stability.css :: .doke-worker-card | assets/css/components/shell/doke-shell-contract.css :: .doke-card | assets/css/pages/perfil-reference-hero.css :: .doke-card | assets/css/pages/perfil/mobile-public-profile.css :: .doke-card | assets/css/pages/perfil/mobile-owner-media-polish.css :: .doke-worker-card | assets/css/components/cards/marketplace-card-contract.css :: .doke-worker-card
perfil.html,1280x800,video-card / worker card,.before-after-preview.doke-worker-card.doke-media-card.doke-card.doke-page-section,texto cortado,false,true,,assets/css/components/layout/doke-layout-system.css :: .doke-page-section | assets/css/components/shell/desktop-base-stability.css :: .doke-worker-card | assets/css/components/shell/mobile-base-stability.css :: .doke-worker-card | assets/css/components/shell/doke-shell-contract.css :: .doke-card | assets/css/pages/perfil-reference-hero.css :: .doke-card | assets/css/pages/perfil/mobile-public-profile.css :: .doke-card | assets/css/pages/perfil/mobile-owner-media-polish.css :: .doke-worker-card | assets/css/components/cards/marketplace-card-contract.css :: .doke-worker-card
perfil.html,1280x800,video-card / worker card,.before-after-preview__media-card.doke-card.doke-worker-card.doke-media-card,x,594.5,10,-584.5,assets/css/components/domain/doke-domain-cards.css :: .doke-card | assets/css/components/shell/desktop-base-stability.css :: .doke-card | assets/css/components/shell/mobile-base-stability.css :: .doke-card | assets/css/components/shell/doke-shell-contract.css :: .doke-card | assets/css/pages/perfil-reference-hero.css :: .doke-card | assets/css/pages/perfil/mobile-public-profile.css :: .doke-card | assets/css/pages/perfil/mobile-owner-media-polish.css :: .doke-worker-card | assets/css/components/cards/marketplace-card-contract.css :: .doke-card
perfil.html,1280x800,video-card / worker card,.before-after-preview__media-card.doke-card.doke-worker-card.doke-media-card,y,2391.92,854,-1537.92,assets/css/components/domain/doke-domain-cards.css :: .doke-card | assets/css/components/shell/desktop-base-stability.css :: .doke-card | assets/css/components/shell/mobile-base-stability.css :: .doke-card | assets/css/components/shell/doke-shell-contract.css :: .doke-card | assets/css/pages/perfil-reference-hero.css :: .doke-card | assets/css/pages/perfil/mobile-public-profile.css :: .doke-card | assets/css/pages/perfil/mobile-owner-media-polish.css :: .doke-worker-card | assets/css/components/cards/marketplace-card-contract.css :: .doke-card
perfil.html,1280x800,video-card / worker card,.before-after-preview__media-card.doke-card.doke-worker-card.doke-media-card,width,180.5,1118,937.5,assets/css/components/domain/doke-domain-cards.css :: .doke-card | assets/css/components/shell/desktop-base-stability.css :: .doke-card | assets/css/components/shell/mobile-base-stability.css :: .doke-card | assets/css/components/shell/doke-shell-contract.css :: .doke-card | assets/css/pages/perfil-reference-hero.css :: .doke-card | assets/css/pages/perfil/mobile-public-profile.css :: .doke-card | assets/css/pages/perfil/mobile-owner-media-polish.css :: .doke-worker-card | assets/css/components/cards/marketplace-card-contract.css :: .doke-card
perfil.html,1280x800,video-card / worker card,.before-after-preview__media-card.doke-card.doke-worker-card.doke-media-card,height,320.88,1987.55,1666.67,assets/css/components/domain/doke-domain-cards.css :: .doke-card | assets/css/components/shell/desktop-base-stability.css :: .doke-card | assets/css/components/shell/mobile-base-stability.css :: .doke-card | assets/css/components/shell/doke-shell-contract.css :: .doke-card | assets/css/pages/perfil-reference-hero.css :: .doke-card | assets/css/pages/perfil/mobile-public-profile.css :: .doke-card | assets/css/pages/perfil/mobile-owner-media-polish.css :: .doke-worker-card | assets/css/components/cards/marketplace-card-contract.css :: .doke-card
perfil.html,1280x800,video-card / worker card,.before-after-preview__media-card.doke-card.doke-worker-card.doke-media-card,media.height,320.88,1987.55,1666.67,assets/css/components/domain/doke-domain-cards.css :: .doke-card | assets/css/components/shell/desktop-base-stability.css :: .doke-card | assets/css/components/shell/mobile-base-stability.css :: .doke-card | assets/css/components/shell/doke-shell-contract.css :: .doke-card | assets/css/pages/perfil-reference-hero.css :: .doke-card | assets/css/pages/perfil/mobile-public-profile.css :: .doke-card | assets/css/pages/perfil/mobile-owner-media-polish.css :: .doke-worker-card | assets/css/components/cards/marketplace-card-contract.css :: .doke-card
perfil.html,1280x800,video-card / worker card,.worker-preview.doke-worker-card.doke-media-card.doke-card.doke-page-section,x,793,0,-793,assets/css/components/layout/doke-layout-system.css :: .doke-page-section | assets/css/components/shell/desktop-base-stability.css :: .doke-worker-card | assets/css/components/shell/mobile-base-stability.css :: .doke-worker-card | assets/css/components/shell/doke-shell-contract.css :: .doke-card | assets/css/pages/perfil-reference-hero.css :: .doke-card | assets/css/pages/perfil/mobile-public-profile.css :: .doke-card | assets/css/pages/perfil/mobile-owner-media-polish.css :: .doke-worker-card | assets/css/components/cards/marketplace-card-contract.css :: .doke-worker-card
perfil.html,1280x800,video-card / worker card,.worker-preview.doke-worker-card.doke-media-card.doke-card.doke-page-section,y,2391.92,0,-2391.92,assets/css/components/layout/doke-layout-system.css :: .doke-page-section | assets/css/components/shell/desktop-base-stability.css :: .doke-worker-card | assets/css/components/shell/mobile-base-stability.css :: .doke-worker-card | assets/css/components/shell/doke-shell-contract.css :: .doke-card | assets/css/pages/perfil-reference-hero.css :: .doke-card | assets/css/pages/perfil/mobile-public-profile.css :: .doke-card | assets/css/pages/perfil/mobile-owner-media-polish.css :: .doke-worker-card | assets/css/components/cards/marketplace-card-contract.css :: .doke-worker-card
perfil.html,1280x800,video-card / worker card,.worker-preview.doke-worker-card.doke-media-card.doke-card.doke-page-section,width,180.5,0,-180.5,assets/css/components/layout/doke-layout-system.css :: .doke-page-section | assets/css/components/shell/desktop-base-stability.css :: .doke-worker-card | assets/css/components/shell/mobile-base-stability.css :: .doke-worker-card | assets/css/components/shell/doke-shell-contract.css :: .doke-card | assets/css/pages/perfil-reference-hero.css :: .doke-card | assets/css/pages/perfil/mobile-public-profile.css :: .doke-card | assets/css/pages/perfil/mobile-owner-media-polish.css :: .doke-worker-card | assets/css/components/cards/marketplace-card-contract.css :: .doke-worker-card
perfil.html,1280x800,video-card / worker card,.worker-preview.doke-worker-card.doke-media-card.doke-card.doke-page-section,height,320.88,0,-320.88,assets/css/components/layout/doke-layout-system.css :: .doke-page-section | assets/css/components/shell/desktop-base-stability.css :: .doke-worker-card | assets/css/components/shell/mobile-base-stability.css :: .doke-worker-card | assets/css/components/shell/doke-shell-contract.css :: .doke-card | assets/css/pages/perfil-reference-hero.css :: .doke-card | assets/css/pages/perfil/mobile-public-profile.css :: .doke-card | assets/css/pages/perfil/mobile-owner-media-polish.css :: .doke-worker-card | assets/css/components/cards/marketplace-card-contract.css :: .doke-worker-card
perfil.html,1280x800,video-card / worker card,.worker-preview.doke-worker-card.doke-media-card.doke-card.doke-page-section,aspect-ratio,0.56,,,assets/css/components/layout/doke-layout-system.css :: .doke-page-section | assets/css/components/shell/desktop-base-stability.css :: .doke-worker-card | assets/css/components/shell/mobile-base-stability.css :: .doke-worker-card | assets/css/components/shell/doke-shell-contract.css :: .doke-card | assets/css/pages/perfil-reference-hero.css :: .doke-card | assets/css/pages/perfil/mobile-public-profile.css :: .doke-card | assets/css/pages/perfil/mobile-owner-media-polish.css :: .doke-worker-card | assets/css/components/cards/marketplace-card-contract.css :: .doke-worker-card
perfil.html,1280x800,video-card / worker card,.worker-preview.doke-worker-card.doke-media-card.doke-card.doke-page-section,media.height,320.88,0,-320.88,assets/css/components/layout/doke-layout-system.css :: .doke-page-section | assets/css/components/shell/desktop-base-stability.css :: .doke-worker-card | assets/css/components/shell/mobile-base-stability.css :: .doke-worker-card | assets/css/components/shell/doke-shell-contract.css :: .doke-card | assets/css/pages/perfil-reference-hero.css :: .doke-card | assets/css/pages/perfil/mobile-public-profile.css :: .doke-card | assets/css/pages/perfil/mobile-owner-media-polish.css :: .doke-worker-card | assets/css/components/cards/marketplace-card-contract.css :: .doke-worker-card
perfil.html,1280x800,video-card / worker card,.worker-preview.doke-worker-card.doke-media-card.doke-card.doke-page-section,media.aspect-ratio,0.56,,,assets/css/components/layout/doke-layout-system.css :: .doke-page-section | assets/css/components/shell/desktop-base-stability.css :: .doke-worker-card | assets/css/components/shell/mobile-base-stability.css :: .doke-worker-card | assets/css/components/shell/doke-shell-contract.css :: .doke-card | assets/css/pages/perfil-reference-hero.css :: .doke-card | assets/css/pages/perfil/mobile-public-profile.css :: .doke-card | assets/css/pages/perfil/mobile-owner-media-polish.css :: .doke-worker-card | assets/css/components/cards/marketplace-card-contract.css :: .doke-worker-card
resultados.html,390x844,headers,.topbar.topbar--location.internal-page-topbar,x,0,8,8,assets/css/pages/search-results.css :: .topbar | assets/css/components/layout/responsive-page-contract.css :: .topbar | assets/css/components/shell/doke-shell-contract.css :: .topbar
resultados.html,390x844,headers,.topbar.topbar--location.internal-page-topbar,y,0,8,8,assets/css/pages/search-results.css :: .topbar | assets/css/components/layout/responsive-page-contract.css :: .topbar | assets/css/components/shell/doke-shell-contract.css :: .topbar
resultados.html,390x844,headers,.topbar.topbar--location.internal-page-topbar,width,0,390,390,assets/css/pages/search-results.css :: .topbar | assets/css/components/layout/responsive-page-contract.css :: .topbar | assets/css/components/shell/doke-shell-contract.css :: .topbar
resultados.html,390x844,headers,.topbar.topbar--location.internal-page-topbar,height,0,529,529,assets/css/pages/search-results.css :: .topbar | assets/css/components/layout/responsive-page-contract.css :: .topbar | assets/css/components/shell/doke-shell-contract.css :: .topbar
resultados.html,390x844,headers,.topbar.topbar--location.internal-page-topbar,aspect-ratio,,0.74,,assets/css/pages/search-results.css :: .topbar | assets/css/components/layout/responsive-page-contract.css :: .topbar | assets/css/components/shell/doke-shell-contract.css :: .topbar
resultados.html,390x844,headers,.topbar.topbar--location.internal-page-topbar,measured-child-gap-y,,0,,assets/css/pages/search-results.css :: .topbar | assets/css/components/layout/responsive-page-contract.css :: .topbar | assets/css/components/shell/doke-shell-contract.css :: .topbar
resultados.html,390x844,section headers,.search-dropdown__section-header,x,26,0,-26,assets/css/pages/search-results.css :: .search-dropdown__section-header
resultados.html,390x844,section headers,.search-dropdown__section-header,y,1868.06,0,-1868.06,assets/css/pages/search-results.css :: .search-dropdown__section-header
resultados.html,390x844,section headers,.search-dropdown__section-header,width,354,0,-354,assets/css/pages/search-results.css :: .search-dropdown__section-header
resultados.html,390x844,section headers,.search-dropdown__section-header,height,64.91,0,-64.91,assets/css/pages/search-results.css :: .search-dropdown__section-header
resultados.html,390x844,section headers,.search-dropdown__section-header,aspect-ratio,5.45,,,assets/css/pages/search-results.css :: .search-dropdown__section-header
resultados.html,390x844,section headers,.search-dropdown__section-header,measured-child-gap-y,19.91,,,assets/css/pages/search-results.css :: .search-dropdown__section-header
resultados.html,390x844,section headers,.search-dropdown__section-header,x,26,0,-26,assets/css/pages/search-results.css :: .search-dropdown__section-header
resultados.html,390x844,section headers,.search-dropdown__section-header,y,2468.3,0,-2468.3,assets/css/pages/search-results.css :: .search-dropdown__section-header
resultados.html,390x844,section headers,.search-dropdown__section-header,width,354,0,-354,assets/css/pages/search-results.css :: .search-dropdown__section-header
resultados.html,390x844,section headers,.search-dropdown__section-header,height,64.91,0,-64.91,assets/css/pages/search-results.css :: .search-dropdown__section-header
resultados.html,390x844,section headers,.search-dropdown__section-header,aspect-ratio,5.45,,,assets/css/pages/search-results.css :: .search-dropdown__section-header
resultados.html,390x844,section headers,.search-dropdown__section-header,measured-child-gap-y,19.91,,,assets/css/pages/search-results.css :: .search-dropdown__section-header
resultados.html,390x844,section headers,.search-dropdown__section-header,media.height,64.91,,,assets/css/pages/search-results.css :: .search-dropdown__section-header
resultados.html,390x844,section headers,.search-dropdown__section-header,media.aspect-ratio,5.45,,,assets/css/pages/search-results.css :: .search-dropdown__section-header
resultados.html,390x844,section headers,.search-dropdown__section-header,media.border-radius,0px,,,assets/css/pages/search-results.css :: .search-dropdown__section-header
resultados.html,390x844,section headers,.search-dropdown__section-header,x,26,0,-26,assets/css/pages/search-results.css :: .search-dropdown__section-header
resultados.html,390x844,section headers,.search-dropdown__section-header,y,4472.98,0,-4472.98,assets/css/pages/search-results.css :: .search-dropdown__section-header
resultados.html,390x844,section headers,.search-dropdown__section-header,width,354,0,-354,assets/css/pages/search-results.css :: .search-dropdown__section-header
resultados.html,390x844,section headers,.search-dropdown__section-header,height,64.91,0,-64.91,assets/css/pages/search-results.css :: .search-dropdown__section-header
resultados.html,390x844,section headers,.search-dropdown__section-header,aspect-ratio,5.45,,,assets/css/pages/search-results.css :: .search-dropdown__section-header
resultados.html,390x844,section headers,.search-dropdown__section-header,measured-child-gap-y,19.91,,,assets/css/pages/search-results.css :: .search-dropdown__section-header
resultados.html,390x844,section headers,.search-dropdown__section-header,media.height,64.91,,,assets/css/pages/search-results.css :: .search-dropdown__section-header
resultados.html,390x844,section headers,.search-dropdown__section-header,media.aspect-ratio,5.45,,,assets/css/pages/search-results.css :: .search-dropdown__section-header
resultados.html,390x844,section headers,.search-dropdown__section-header,media.border-radius,0px,,,assets/css/pages/search-results.css :: .search-dropdown__section-header
resultados.html,390x844,video-card / worker card,.before-after-preview.doke-worker-card.doke-media-card.doke-card.doke-page-section,x,26,8,-18,assets/css/components/shell/doke-shell-contract.css :: .doke-card | assets/css/components/cards/marketplace-card-contract.css :: .doke-worker-card
resultados.html,390x844,video-card / worker card,.before-after-preview.doke-worker-card.doke-media-card.doke-card.doke-page-section,y,2533.2,3853.86,1320.66,assets/css/components/shell/doke-shell-contract.css :: .doke-card | assets/css/components/cards/marketplace-card-contract.css :: .doke-worker-card
resultados.html,390x844,video-card / worker card,.before-after-preview.doke-worker-card.doke-media-card.doke-card.doke-page-section,width,354,390,36,assets/css/components/shell/doke-shell-contract.css :: .doke-card | assets/css/components/cards/marketplace-card-contract.css :: .doke-worker-card
resultados.html,390x844,video-card / worker card,.before-after-preview.doke-worker-card.doke-media-card.doke-card.doke-page-section,height,479.97,528.78,48.81,assets/css/components/shell/doke-shell-contract.css :: .doke-card | assets/css/components/cards/marketplace-card-contract.css :: .doke-worker-card
resultados.html,390x844,video-card / worker card,.before-after-preview.doke-worker-card.doke-media-card.doke-card.doke-page-section,media.height,479.97,528.78,48.81,assets/css/components/shell/doke-shell-contract.css :: .doke-card | assets/css/components/cards/marketplace-card-contract.css :: .doke-worker-card
resultados.html,390x844,video-card / worker card,.worker-preview.doke-worker-card.doke-media-card.doke-card.doke-page-section,x,26,8,-18,assets/css/components/shell/doke-shell-contract.css :: .doke-card | assets/css/components/cards/marketplace-card-contract.css :: .doke-worker-card
resultados.html,390x844,video-card / worker card,.worker-preview.doke-worker-card.doke-media-card.doke-card.doke-page-section,y,3013.17,4382.64,1369.47,assets/css/components/shell/doke-shell-contract.css :: .doke-card | assets/css/components/cards/marketplace-card-contract.css :: .doke-worker-card
resultados.html,390x844,video-card / worker card,.worker-preview.doke-worker-card.doke-media-card.doke-card.doke-page-section,width,354,390,36,assets/css/components/shell/doke-shell-contract.css :: .doke-card | assets/css/components/cards/marketplace-card-contract.css :: .doke-worker-card
resultados.html,390x844,video-card / worker card,.worker-preview.doke-worker-card.doke-media-card.doke-card.doke-page-section,height,479.97,528.78,48.81,assets/css/components/shell/doke-shell-contract.css :: .doke-card | assets/css/components/cards/marketplace-card-contract.css :: .doke-worker-card
resultados.html,390x844,video-card / worker card,.worker-preview.doke-worker-card.doke-media-card.doke-card.doke-page-section,measured-child-gap-y,,0,,assets/css/components/shell/doke-shell-contract.css :: .doke-card | assets/css/components/cards/marketplace-card-contract.css :: .doke-worker-card
resultados.html,390x844,video-card / worker card,.worker-preview.doke-worker-card.doke-media-card.doke-card.doke-page-section,media.height,479.97,528.78,48.81,assets/css/components/shell/doke-shell-contract.css :: .doke-card | assets/css/components/cards/marketplace-card-contract.css :: .doke-worker-card
resultados.html,390x844,page,document,overflow horizontal da página,390,398,8,"verificar containers com largura fixa, rails sem overflow controlado ou cards com min-width excessivo"
resultados.html,608x926,headers,.topbar.topbar--location.internal-page-topbar,height,86,777,691,assets/css/pages/search-results.css :: .topbar | assets/css/components/layout/responsive-page-contract.css :: .topbar | assets/css/components/shell/doke-shell-contract.css :: .topbar
resultados.html,608x926,headers,.topbar.topbar--location.internal-page-topbar,padding.bottom,10,14,4,assets/css/pages/search-results.css :: .topbar | assets/css/components/layout/responsive-page-contract.css :: .topbar | assets/css/components/shell/doke-shell-contract.css :: .topbar
resultados.html,608x926,headers,.topbar.topbar--location.internal-page-topbar,aspect-ratio,7.07,0.78,-6.29,assets/css/pages/search-results.css :: .topbar | assets/css/components/layout/responsive-page-contract.css :: .topbar | assets/css/components/shell/doke-shell-contract.css :: .topbar
resultados.html,608x926,section headers,.search-dropdown__section-header,x,26,0,-26,assets/css/pages/search-results.css :: .search-dropdown__section-header
resultados.html,608x926,section headers,.search-dropdown__section-header,y,504.23,0,-504.23,assets/css/pages/search-results.css :: .search-dropdown__section-header
resultados.html,608x926,section headers,.search-dropdown__section-header,width,572,0,-572,assets/css/pages/search-results.css :: .search-dropdown__section-header
resultados.html,608x926,section headers,.search-dropdown__section-header,height,55.58,0,-55.58,assets/css/pages/search-results.css :: .search-dropdown__section-header
resultados.html,608x926,section headers,.search-dropdown__section-header,aspect-ratio,10.29,,,assets/css/pages/search-results.css :: .search-dropdown__section-header
resultados.html,608x926,section headers,.search-dropdown__section-header,gap,16px,normal,,assets/css/pages/search-results.css :: .search-dropdown__section-header
resultados.html,608x926,section headers,.search-dropdown__section-header,row-gap,16px,normal,,assets/css/pages/search-results.css :: .search-dropdown__section-header
resultados.html,608x926,section headers,.search-dropdown__section-header,column-gap,16px,normal,,assets/css/pages/search-results.css :: .search-dropdown__section-header
resultados.html,608x926,section headers,.search-dropdown__section-header,measured-child-gap-x,328.19,,,assets/css/pages/search-results.css :: .search-dropdown__section-header
resultados.html,608x926,section headers,.search-dropdown__section-header,x,26,0,-26,assets/css/pages/search-results.css :: .search-dropdown__section-header
resultados.html,608x926,section headers,.search-dropdown__section-header,y,2396.38,0,-2396.38,assets/css/pages/search-results.css :: .search-dropdown__section-header
resultados.html,608x926,section headers,.search-dropdown__section-header,width,572,0,-572,assets/css/pages/search-results.css :: .search-dropdown__section-header
resultados.html,608x926,section headers,.search-dropdown__section-header,height,55.58,0,-55.58,assets/css/pages/search-results.css :: .search-dropdown__section-header
resultados.html,608x926,section headers,.search-dropdown__section-header,aspect-ratio,10.29,,,assets/css/pages/search-results.css :: .search-dropdown__section-header
resultados.html,608x926,section headers,.search-dropdown__section-header,gap,16px,normal,,assets/css/pages/search-results.css :: .search-dropdown__section-header
resultados.html,608x926,section headers,.search-dropdown__section-header,row-gap,16px,normal,,assets/css/pages/search-results.css :: .search-dropdown__section-header
resultados.html,608x926,section headers,.search-dropdown__section-header,column-gap,16px,normal,,assets/css/pages/search-results.css :: .search-dropdown__section-header
resultados.html,608x926,section headers,.search-dropdown__section-header,measured-child-gap-x,419.81,,,assets/css/pages/search-results.css :: .search-dropdown__section-header
resultados.html,608x926,section headers,.search-dropdown__section-header,media.height,55.58,,,assets/css/pages/search-results.css :: .search-dropdown__section-header
resultados.html,608x926,section headers,.search-dropdown__section-header,media.aspect-ratio,10.29,,,assets/css/pages/search-results.css :: .search-dropdown__section-header
resultados.html,608x926,section headers,.search-dropdown__section-header,media.border-radius,0px,,,assets/css/pages/search-results.css :: .search-dropdown__section-header
resultados.html,608x926,section headers,.search-dropdown__section-header,x,26,0,-26,assets/css/pages/search-results.css :: .search-dropdown__section-header
resultados.html,608x926,section headers,.search-dropdown__section-header,y,5572.14,0,-5572.14,assets/css/pages/search-results.css :: .search-dropdown__section-header
resultados.html,608x926,section headers,.search-dropdown__section-header,width,572,0,-572,assets/css/pages/search-results.css :: .search-dropdown__section-header
resultados.html,608x926,section headers,.search-dropdown__section-header,height,55.58,0,-55.58,assets/css/pages/search-results.css :: .search-dropdown__section-header
resultados.html,608x926,section headers,.search-dropdown__section-header,aspect-ratio,10.29,,,assets/css/pages/search-results.css :: .search-dropdown__section-header
resultados.html,608x926,section headers,.search-dropdown__section-header,gap,16px,normal,,assets/css/pages/search-results.css :: .search-dropdown__section-header
resultados.html,608x926,section headers,.search-dropdown__section-header,row-gap,16px,normal,,assets/css/pages/search-results.css :: .search-dropdown__section-header
resultados.html,608x926,section headers,.search-dropdown__section-header,column-gap,16px,normal,,assets/css/pages/search-results.css :: .search-dropdown__section-header
resultados.html,608x926,section headers,.search-dropdown__section-header,measured-child-gap-x,295.53,,,assets/css/pages/search-results.css :: .search-dropdown__section-header
resultados.html,608x926,section headers,.search-dropdown__section-header,media.height,55.58,,,assets/css/pages/search-results.css :: .search-dropdown__section-header
resultados.html,608x926,section headers,.search-dropdown__section-header,media.aspect-ratio,10.29,,,assets/css/pages/search-results.css :: .search-dropdown__section-header
resultados.html,608x926,section headers,.search-dropdown__section-header,media.border-radius,0px,,,assets/css/pages/search-results.css :: .search-dropdown__section-header
resultados.html,608x926,video-card / worker card,.before-after-preview.doke-worker-card.doke-media-card.doke-card.doke-page-section,x,26,8,-18,assets/css/components/shell/doke-shell-contract.css :: .doke-card | assets/css/components/cards/marketplace-card-contract.css :: .doke-worker-card
resultados.html,608x926,video-card / worker card,.before-after-preview.doke-worker-card.doke-media-card.doke-card.doke-page-section,y,2469.95,1772.94,-697.01,assets/css/components/shell/doke-shell-contract.css :: .doke-card | assets/css/components/cards/marketplace-card-contract.css :: .doke-worker-card
resultados.html,608x926,video-card / worker card,.before-after-preview.doke-worker-card.doke-media-card.doke-card.doke-page-section,width,572,608,36,assets/css/components/shell/doke-shell-contract.css :: .doke-card | assets/css/components/cards/marketplace-card-contract.css :: .doke-worker-card
resultados.html,608x926,video-card / worker card,.before-after-preview.doke-worker-card.doke-media-card.doke-card.doke-page-section,height,775.55,824.36,48.81,assets/css/components/shell/doke-shell-contract.css :: .doke-card | assets/css/components/cards/marketplace-card-contract.css :: .doke-worker-card
resultados.html,608x926,video-card / worker card,.before-after-preview.doke-worker-card.doke-media-card.doke-card.doke-page-section,media.height,775.55,824.36,48.81,assets/css/components/shell/doke-shell-contract.css :: .doke-card | assets/css/components/cards/marketplace-card-contract.css :: .doke-worker-card
resultados.html,608x926,video-card / worker card,.worker-preview.doke-worker-card.doke-media-card.doke-card.doke-page-section,x,26,8,-18,assets/css/components/shell/doke-shell-contract.css :: .doke-card | assets/css/components/cards/marketplace-card-contract.css :: .doke-worker-card
resultados.html,608x926,video-card / worker card,.worker-preview.doke-worker-card.doke-media-card.doke-card.doke-page-section,y,3245.5,2597.3,-648.2,assets/css/components/shell/doke-shell-contract.css :: .doke-card | assets/css/components/cards/marketplace-card-contract.css :: .doke-worker-card
resultados.html,608x926,video-card / worker card,.worker-preview.doke-worker-card.doke-media-card.doke-card.doke-page-section,width,572,608,36,assets/css/components/shell/doke-shell-contract.css :: .doke-card | assets/css/components/cards/marketplace-card-contract.css :: .doke-worker-card
resultados.html,608x926,video-card / worker card,.worker-preview.doke-worker-card.doke-media-card.doke-card.doke-page-section,height,775.55,824.36,48.81,assets/css/components/shell/doke-shell-contract.css :: .doke-card | assets/css/components/cards/marketplace-card-contract.css :: .doke-worker-card
resultados.html,608x926,video-card / worker card,.worker-preview.doke-worker-card.doke-media-card.doke-card.doke-page-section,measured-child-gap-y,,0,,assets/css/components/shell/doke-shell-contract.css :: .doke-card | assets/css/components/cards/marketplace-card-contract.css :: .doke-worker-card
resultados.html,608x926,video-card / worker card,.worker-preview.doke-worker-card.doke-media-card.doke-card.doke-page-section,media.height,775.55,824.36,48.81,assets/css/components/shell/doke-shell-contract.css :: .doke-card | assets/css/components/cards/marketplace-card-contract.css :: .doke-worker-card
resultados.html,608x926,page,document,overflow horizontal da página,608,616,8,"verificar containers com largura fixa, rails sem overflow controlado ou cards com min-width excessivo"
resultados.html,810x1080,headers,.topbar.topbar--location.internal-page-topbar,height,96,184,88,assets/css/pages/search-results.css :: .topbar | assets/css/components/layout/responsive-page-contract.css :: .topbar | assets/css/components/shell/doke-shell-contract.css :: .topbar
resultados.html,810x1080,headers,.topbar.topbar--location.internal-page-topbar,aspect-ratio,8.44,4.4,-4.04,assets/css/pages/search-results.css :: .topbar | assets/css/components/layout/responsive-page-contract.css :: .topbar | assets/css/components/shell/doke-shell-contract.css :: .topbar
resultados.html,810x1080,headers,.topbar.topbar--location.internal-page-topbar,gap,16px,12px,-4,assets/css/pages/search-results.css :: .topbar | assets/css/components/layout/responsive-page-contract.css :: .topbar | assets/css/components/shell/doke-shell-contract.css :: .topbar
resultados.html,810x1080,headers,.topbar.topbar--location.internal-page-topbar,row-gap,16px,12px,-4,assets/css/pages/search-results.css :: .topbar | assets/css/components/layout/responsive-page-contract.css :: .topbar | assets/css/components/shell/doke-shell-contract.css :: .topbar
resultados.html,810x1080,headers,.topbar.topbar--location.internal-page-topbar,column-gap,16px,12px,-4,assets/css/pages/search-results.css :: .topbar | assets/css/components/layout/responsive-page-contract.css :: .topbar | assets/css/components/shell/doke-shell-contract.css :: .topbar
resultados.html,810x1080,headers,.topbar.topbar--location.internal-page-topbar,measured-child-gap-y,,0,,assets/css/pages/search-results.css :: .topbar | assets/css/components/layout/responsive-page-contract.css :: .topbar | assets/css/components/shell/doke-shell-contract.css :: .topbar
resultados.html,810x1080,headers,.topbar.topbar--location.internal-page-topbar,texto cortado,false,true,,assets/css/pages/search-results.css :: .topbar | assets/css/components/layout/responsive-page-contract.css :: .topbar | assets/css/components/shell/doke-shell-contract.css :: .topbar
resultados.html,810x1080,section headers,.search-dropdown__section-header,x,32.3,0,-32.3,assets/css/pages/search-results.css :: .search-dropdown__section-header
resultados.html,810x1080,section headers,.search-dropdown__section-header,y,562.67,0,-562.67,assets/css/pages/search-results.css :: .search-dropdown__section-header
resultados.html,810x1080,section headers,.search-dropdown__section-header,width,761.39,0,-761.39,assets/css/pages/search-results.css :: .search-dropdown__section-header
resultados.html,810x1080,section headers,.search-dropdown__section-header,height,64.91,0,-64.91,assets/css/pages/search-results.css :: .search-dropdown__section-header
resultados.html,810x1080,section headers,.search-dropdown__section-header,aspect-ratio,11.73,,,assets/css/pages/search-results.css :: .search-dropdown__section-header
resultados.html,810x1080,section headers,.search-dropdown__section-header,measured-child-gap-y,19.91,,,assets/css/pages/search-results.css :: .search-dropdown__section-header
resultados.html,810x1080,section headers,.search-dropdown__section-header,x,32.3,0,-32.3,assets/css/pages/search-results.css :: .search-dropdown__section-header
resultados.html,810x1080,section headers,.search-dropdown__section-header,y,1249.91,0,-1249.91,assets/css/pages/search-results.css :: .search-dropdown__section-header
resultados.html,810x1080,section headers,.search-dropdown__section-header,width,761.39,0,-761.39,assets/css/pages/search-results.css :: .search-dropdown__section-header
resultados.html,810x1080,section headers,.search-dropdown__section-header,height,33.45,0,-33.45,assets/css/pages/search-results.css :: .search-dropdown__section-header
resultados.html,810x1080,section headers,.search-dropdown__section-header,padding.right,68,0,-68,assets/css/pages/search-results.css :: .search-dropdown__section-header
resultados.html,810x1080,section headers,.search-dropdown__section-header,padding.left,68,0,-68,assets/css/pages/search-results.css :: .search-dropdown__section-header
resultados.html,810x1080,section headers,.search-dropdown__section-header,aspect-ratio,22.76,,,assets/css/pages/search-results.css :: .search-dropdown__section-header
resultados.html,810x1080,section headers,.search-dropdown__section-header,measured-child-gap-y,0,,,assets/css/pages/search-results.css :: .search-dropdown__section-header
resultados.html,810x1080,section headers,.search-dropdown__section-header,media.height,33.45,,,assets/css/pages/search-results.css :: .search-dropdown__section-header
resultados.html,810x1080,section headers,.search-dropdown__section-header,media.aspect-ratio,22.76,,,assets/css/pages/search-results.css :: .search-dropdown__section-header
resultados.html,810x1080,section headers,.search-dropdown__section-header,media.border-radius,0px,,,assets/css/pages/search-results.css :: .search-dropdown__section-header
resultados.html,810x1080,section headers,.search-dropdown__section-header,x,32.3,0,-32.3,assets/css/pages/search-results.css :: .search-dropdown__section-header
resultados.html,810x1080,section headers,.search-dropdown__section-header,y,1579.33,0,-1579.33,assets/css/pages/search-results.css :: .search-dropdown__section-header
resultados.html,810x1080,section headers,.search-dropdown__section-header,width,761.39,0,-761.39,assets/css/pages/search-results.css :: .search-dropdown__section-header
resultados.html,810x1080,section headers,.search-dropdown__section-header,height,33.45,0,-33.45,assets/css/pages/search-results.css :: .search-dropdown__section-header
resultados.html,810x1080,section headers,.search-dropdown__section-header,padding.right,68,0,-68,assets/css/pages/search-results.css :: .search-dropdown__section-header
resultados.html,810x1080,section headers,.search-dropdown__section-header,padding.left,68,0,-68,assets/css/pages/search-results.css :: .search-dropdown__section-header
resultados.html,810x1080,section headers,.search-dropdown__section-header,aspect-ratio,22.76,,,assets/css/pages/search-results.css :: .search-dropdown__section-header
resultados.html,810x1080,section headers,.search-dropdown__section-header,measured-child-gap-y,0,,,assets/css/pages/search-results.css :: .search-dropdown__section-header
resultados.html,810x1080,section headers,.search-dropdown__section-header,media.height,33.45,,,assets/css/pages/search-results.css :: .search-dropdown__section-header
resultados.html,810x1080,section headers,.search-dropdown__section-header,media.aspect-ratio,22.76,,,assets/css/pages/search-results.css :: .search-dropdown__section-header
resultados.html,810x1080,section headers,.search-dropdown__section-header,media.border-radius,0px,,,assets/css/pages/search-results.css :: .search-dropdown__section-header
resultados.html,810x1080,video-card / worker card,.before-after-preview.doke-worker-card.doke-media-card.doke-card.doke-page-section,x,100.3,8,-92.3,assets/css/components/shell/doke-shell-contract.css :: .doke-card | assets/css/components/cards/marketplace-card-contract.css :: .doke-worker-card
resultados.html,810x1080,video-card / worker card,.before-after-preview.doke-worker-card.doke-media-card.doke-card.doke-page-section,y,1287.36,5580.53,4293.17,assets/css/components/shell/doke-shell-contract.css :: .doke-card | assets/css/components/cards/marketplace-card-contract.css :: .doke-worker-card
resultados.html,810x1080,video-card / worker card,.before-after-preview.doke-worker-card.doke-media-card.doke-card.doke-page-section,width,142.86,810,667.14,assets/css/components/shell/doke-shell-contract.css :: .doke-card | assets/css/components/cards/marketplace-card-contract.css :: .doke-worker-card
resultados.html,810x1080,video-card / worker card,.before-after-preview.doke-worker-card.doke-media-card.doke-card.doke-page-section,height,253.97,1440,1186.03,assets/css/components/shell/doke-shell-contract.css :: .doke-card | assets/css/components/cards/marketplace-card-contract.css :: .doke-worker-card
resultados.html,810x1080,video-card / worker card,.before-after-preview.doke-worker-card.doke-media-card.doke-card.doke-page-section,media.height,253.97,1440,1186.03,assets/css/components/shell/doke-shell-contract.css :: .doke-card | assets/css/components/cards/marketplace-card-contract.css :: .doke-worker-card
resultados.html,810x1080,video-card / worker card,.worker-preview.doke-worker-card.doke-media-card.doke-card.doke-page-section,x,261.16,8,-253.16,assets/css/components/shell/doke-shell-contract.css :: .doke-card | assets/css/components/cards/marketplace-card-contract.css :: .doke-worker-card
resultados.html,810x1080,video-card / worker card,.worker-preview.doke-worker-card.doke-media-card.doke-card.doke-page-section,y,1287.36,7020.53,5733.17,assets/css/components/shell/doke-shell-contract.css :: .doke-card | assets/css/components/cards/marketplace-card-contract.css :: .doke-worker-card
resultados.html,810x1080,video-card / worker card,.worker-preview.doke-worker-card.doke-media-card.doke-card.doke-page-section,width,142.84,810,667.16,assets/css/components/shell/doke-shell-contract.css :: .doke-card | assets/css/components/cards/marketplace-card-contract.css :: .doke-worker-card
resultados.html,810x1080,video-card / worker card,.worker-preview.doke-worker-card.doke-media-card.doke-card.doke-page-section,height,253.97,1440,1186.03,assets/css/components/shell/doke-shell-contract.css :: .doke-card | assets/css/components/cards/marketplace-card-contract.css :: .doke-worker-card
resultados.html,810x1080,video-card / worker card,.worker-preview.doke-worker-card.doke-media-card.doke-card.doke-page-section,measured-child-gap-y,,0,,assets/css/components/shell/doke-shell-contract.css :: .doke-card | assets/css/components/cards/marketplace-card-contract.css :: .doke-worker-card
resultados.html,810x1080,video-card / worker card,.worker-preview.doke-worker-card.doke-media-card.doke-card.doke-page-section,media.height,253.97,1440,1186.03,assets/css/components/shell/doke-shell-contract.css :: .doke-card | assets/css/components/cards/marketplace-card-contract.css :: .doke-worker-card
resultados.html,810x1080,page,document,overflow horizontal da página,810,818,8,"verificar containers com largura fixa, rails sem overflow controlado ou cards com min-width excessivo"
resultados.html,1024x768,headers,.topbar.topbar--location.internal-page-topbar,height,96,184,88,assets/css/pages/search-results.css :: .topbar | assets/css/components/layout/responsive-page-contract.css :: .topbar | assets/css/components/shell/doke-shell-contract.css :: .topbar
resultados.html,1024x768,headers,.topbar.topbar--location.internal-page-topbar,padding.top,22.53,20,-2.53,assets/css/pages/search-results.css :: .topbar | assets/css/components/layout/responsive-page-contract.css :: .topbar | assets/css/components/shell/doke-shell-contract.css :: .topbar
resultados.html,1024x768,headers,.topbar.topbar--location.internal-page-topbar,aspect-ratio,10.67,5.57,-5.1,assets/css/pages/search-results.css :: .topbar | assets/css/components/layout/responsive-page-contract.css :: .topbar | assets/css/components/shell/doke-shell-contract.css :: .topbar
resultados.html,1024x768,headers,.topbar.topbar--location.internal-page-topbar,gap,16px,12px,-4,assets/css/pages/search-results.css :: .topbar | assets/css/components/layout/responsive-page-contract.css :: .topbar | assets/css/components/shell/doke-shell-contract.css :: .topbar
resultados.html,1024x768,headers,.topbar.topbar--location.internal-page-topbar,row-gap,16px,12px,-4,assets/css/pages/search-results.css :: .topbar | assets/css/components/layout/responsive-page-contract.css :: .topbar | assets/css/components/shell/doke-shell-contract.css :: .topbar
resultados.html,1024x768,headers,.topbar.topbar--location.internal-page-topbar,column-gap,16px,12px,-4,assets/css/pages/search-results.css :: .topbar | assets/css/components/layout/responsive-page-contract.css :: .topbar | assets/css/components/shell/doke-shell-contract.css :: .topbar
resultados.html,1024x768,headers,.topbar.topbar--location.internal-page-topbar,measured-child-gap-y,,0,,assets/css/pages/search-results.css :: .topbar | assets/css/components/layout/responsive-page-contract.css :: .topbar | assets/css/components/shell/doke-shell-contract.css :: .topbar
resultados.html,1024x768,headers,.topbar.topbar--location.internal-page-topbar,texto cortado,false,true,,assets/css/pages/search-results.css :: .topbar | assets/css/components/layout/responsive-page-contract.css :: .topbar | assets/css/components/shell/doke-shell-contract.css :: .topbar
resultados.html,1024x768,section headers,.search-dropdown__section-header,x,38.72,0,-38.72,assets/css/pages/search-results.css :: .search-dropdown__section-header
resultados.html,1024x768,section headers,.search-dropdown__section-header,y,574.27,0,-574.27,assets/css/pages/search-results.css :: .search-dropdown__section-header
resultados.html,1024x768,section headers,.search-dropdown__section-header,width,962.55,0,-962.55,assets/css/pages/search-results.css :: .search-dropdown__section-header
resultados.html,1024x768,section headers,.search-dropdown__section-header,height,64.91,0,-64.91,assets/css/pages/search-results.css :: .search-dropdown__section-header
resultados.html,1024x768,section headers,.search-dropdown__section-header,aspect-ratio,14.83,,,assets/css/pages/search-results.css :: .search-dropdown__section-header
resultados.html,1024x768,section headers,.search-dropdown__section-header,measured-child-gap-y,19.91,,,assets/css/pages/search-results.css :: .search-dropdown__section-header
resultados.html,1024x768,section headers,.search-dropdown__section-header,x,38.72,0,-38.72,assets/css/pages/search-results.css :: .search-dropdown__section-header
resultados.html,1024x768,section headers,.search-dropdown__section-header,y,1261.5,0,-1261.5,assets/css/pages/search-results.css :: .search-dropdown__section-header
resultados.html,1024x768,section headers,.search-dropdown__section-header,width,962.55,0,-962.55,assets/css/pages/search-results.css :: .search-dropdown__section-header
resultados.html,1024x768,section headers,.search-dropdown__section-header,height,33.45,0,-33.45,assets/css/pages/search-results.css :: .search-dropdown__section-header
resultados.html,1024x768,section headers,.search-dropdown__section-header,padding.right,68,0,-68,assets/css/pages/search-results.css :: .search-dropdown__section-header
resultados.html,1024x768,section headers,.search-dropdown__section-header,padding.left,68,0,-68,assets/css/pages/search-results.css :: .search-dropdown__section-header
resultados.html,1024x768,section headers,.search-dropdown__section-header,aspect-ratio,28.77,,,assets/css/pages/search-results.css :: .search-dropdown__section-header
resultados.html,1024x768,section headers,.search-dropdown__section-header,measured-child-gap-y,0,,,assets/css/pages/search-results.css :: .search-dropdown__section-header
resultados.html,1024x768,section headers,.search-dropdown__section-header,media.height,33.45,,,assets/css/pages/search-results.css :: .search-dropdown__section-header
resultados.html,1024x768,section headers,.search-dropdown__section-header,media.aspect-ratio,28.77,,,assets/css/pages/search-results.css :: .search-dropdown__section-header
resultados.html,1024x768,section headers,.search-dropdown__section-header,media.border-radius,0px,,,assets/css/pages/search-results.css :: .search-dropdown__section-header
resultados.html,1024x768,section headers,.search-dropdown__section-header,x,38.72,0,-38.72,assets/css/pages/search-results.css :: .search-dropdown__section-header
resultados.html,1024x768,section headers,.search-dropdown__section-header,y,1680.31,0,-1680.31,assets/css/pages/search-results.css :: .search-dropdown__section-header
resultados.html,1024x768,section headers,.search-dropdown__section-header,width,962.55,0,-962.55,assets/css/pages/search-results.css :: .search-dropdown__section-header
resultados.html,1024x768,section headers,.search-dropdown__section-header,height,33.45,0,-33.45,assets/css/pages/search-results.css :: .search-dropdown__section-header
resultados.html,1024x768,section headers,.search-dropdown__section-header,padding.right,68,0,-68,assets/css/pages/search-results.css :: .search-dropdown__section-header
resultados.html,1024x768,section headers,.search-dropdown__section-header,padding.left,68,0,-68,assets/css/pages/search-results.css :: .search-dropdown__section-header
resultados.html,1024x768,section headers,.search-dropdown__section-header,aspect-ratio,28.77,,,assets/css/pages/search-results.css :: .search-dropdown__section-header
resultados.html,1024x768,section headers,.search-dropdown__section-header,measured-child-gap-y,0,,,assets/css/pages/search-results.css :: .search-dropdown__section-header
resultados.html,1024x768,section headers,.search-dropdown__section-header,media.height,33.45,,,assets/css/pages/search-results.css :: .search-dropdown__section-header
resultados.html,1024x768,section headers,.search-dropdown__section-header,media.aspect-ratio,28.77,,,assets/css/pages/search-results.css :: .search-dropdown__section-header
resultados.html,1024x768,section headers,.search-dropdown__section-header,media.border-radius,0px,,,assets/css/pages/search-results.css :: .search-dropdown__section-header
resultados.html,1024x768,video-card / worker card,.before-after-preview.doke-worker-card.doke-media-card.doke-card.doke-page-section,x,106.72,8,-98.72,assets/css/components/shell/doke-shell-contract.css :: .doke-card | assets/css/components/cards/marketplace-card-contract.css :: .doke-worker-card
resultados.html,1024x768,video-card / worker card,.before-after-preview.doke-worker-card.doke-media-card.doke-card.doke-page-section,y,1298.95,6834.14,5535.19,assets/css/components/shell/doke-shell-contract.css :: .doke-card | assets/css/components/cards/marketplace-card-contract.css :: .doke-worker-card
resultados.html,1024x768,video-card / worker card,.before-after-preview.doke-worker-card.doke-media-card.doke-card.doke-page-section,width,193.14,1024,830.86,assets/css/components/shell/doke-shell-contract.css :: .doke-card | assets/css/components/cards/marketplace-card-contract.css :: .doke-worker-card
resultados.html,1024x768,video-card / worker card,.before-after-preview.doke-worker-card.doke-media-card.doke-card.doke-page-section,height,343.36,1820.44,1477.08,assets/css/components/shell/doke-shell-contract.css :: .doke-card | assets/css/components/cards/marketplace-card-contract.css :: .doke-worker-card
resultados.html,1024x768,video-card / worker card,.before-after-preview.doke-worker-card.doke-media-card.doke-card.doke-page-section,media.height,343.36,1820.44,1477.08,assets/css/components/shell/doke-shell-contract.css :: .doke-card | assets/css/components/cards/marketplace-card-contract.css :: .doke-worker-card
resultados.html,1024x768,video-card / worker card,.worker-preview.doke-worker-card.doke-media-card.doke-card.doke-page-section,x,317.86,8,-309.86,assets/css/components/shell/doke-shell-contract.css :: .doke-card | assets/css/components/cards/marketplace-card-contract.css :: .doke-worker-card
resultados.html,1024x768,video-card / worker card,.worker-preview.doke-worker-card.doke-media-card.doke-card.doke-page-section,y,1298.95,8654.58,7355.63,assets/css/components/shell/doke-shell-contract.css :: .doke-card | assets/css/components/cards/marketplace-card-contract.css :: .doke-worker-card
resultados.html,1024x768,video-card / worker card,.worker-preview.doke-worker-card.doke-media-card.doke-card.doke-page-section,width,193.13,1024,830.87,assets/css/components/shell/doke-shell-contract.css :: .doke-card | assets/css/components/cards/marketplace-card-contract.css :: .doke-worker-card
resultados.html,1024x768,video-card / worker card,.worker-preview.doke-worker-card.doke-media-card.doke-card.doke-page-section,height,343.36,1820.44,1477.08,assets/css/components/shell/doke-shell-contract.css :: .doke-card | assets/css/components/cards/marketplace-card-contract.css :: .doke-worker-card
resultados.html,1024x768,video-card / worker card,.worker-preview.doke-worker-card.doke-media-card.doke-card.doke-page-section,measured-child-gap-y,,0,,assets/css/components/shell/doke-shell-contract.css :: .doke-card | assets/css/components/cards/marketplace-card-contract.css :: .doke-worker-card
resultados.html,1024x768,video-card / worker card,.worker-preview.doke-worker-card.doke-media-card.doke-card.doke-page-section,media.height,343.36,1820.44,1477.08,assets/css/components/shell/doke-shell-contract.css :: .doke-card | assets/css/components/cards/marketplace-card-contract.css :: .doke-worker-card
resultados.html,1024x768,page,document,overflow horizontal da página,1024,1032,8,"verificar containers com largura fixa, rails sem overflow controlado ou cards com min-width excessivo"
resultados.html,1280x800,headers,.topbar.topbar--location.internal-page-topbar,x,280,326.41,46.41,assets/css/pages/search-results.css :: .topbar | assets/css/components/layout/responsive-page-contract.css :: .topbar | assets/css/components/shell/doke-shell-contract.css :: .topbar
resultados.html,1280x800,headers,.topbar.topbar--location.internal-page-topbar,width,1008,923.19,-84.81,assets/css/pages/search-results.css :: .topbar | assets/css/components/layout/responsive-page-contract.css :: .topbar | assets/css/components/shell/doke-shell-contract.css :: .topbar
resultados.html,1280x800,headers,.topbar.topbar--location.internal-page-topbar,padding.top,28.16,14,-14.16,assets/css/pages/search-results.css :: .topbar | assets/css/components/layout/responsive-page-contract.css :: .topbar | assets/css/components/shell/doke-shell-contract.css :: .topbar
resultados.html,1280x800,headers,.topbar.topbar--location.internal-page-topbar,padding.right,38.4,0,-38.4,assets/css/pages/search-results.css :: .topbar | assets/css/components/layout/responsive-page-contract.css :: .topbar | assets/css/components/shell/doke-shell-contract.css :: .topbar
resultados.html,1280x800,headers,.topbar.topbar--location.internal-page-topbar,padding.bottom,19.2,10,-9.2,assets/css/pages/search-results.css :: .topbar | assets/css/components/layout/responsive-page-contract.css :: .topbar | assets/css/components/shell/doke-shell-contract.css :: .topbar
resultados.html,1280x800,headers,.topbar.topbar--location.internal-page-topbar,padding.left,38.4,0,-38.4,assets/css/pages/search-results.css :: .topbar | assets/css/components/layout/responsive-page-contract.css :: .topbar | assets/css/components/shell/doke-shell-contract.css :: .topbar
resultados.html,1280x800,headers,.topbar.topbar--location.internal-page-topbar,aspect-ratio,10.5,9.62,-0.88,assets/css/pages/search-results.css :: .topbar | assets/css/components/layout/responsive-page-contract.css :: .topbar | assets/css/components/shell/doke-shell-contract.css :: .topbar
resultados.html,1280x800,headers,.topbar.topbar--location.internal-page-topbar,gap,16px,12px,-4,assets/css/pages/search-results.css :: .topbar | assets/css/components/layout/responsive-page-contract.css :: .topbar | assets/css/components/shell/doke-shell-contract.css :: .topbar
resultados.html,1280x800,headers,.topbar.topbar--location.internal-page-topbar,row-gap,16px,12px,-4,assets/css/pages/search-results.css :: .topbar | assets/css/components/layout/responsive-page-contract.css :: .topbar | assets/css/components/shell/doke-shell-contract.css :: .topbar
resultados.html,1280x800,headers,.topbar.topbar--location.internal-page-topbar,column-gap,16px,12px,-4,assets/css/pages/search-results.css :: .topbar | assets/css/components/layout/responsive-page-contract.css :: .topbar | assets/css/components/shell/doke-shell-contract.css :: .topbar
resultados.html,1280x800,headers,.topbar.topbar--location.internal-page-topbar,measured-child-gap-x,,12,,assets/css/pages/search-results.css :: .topbar | assets/css/components/layout/responsive-page-contract.css :: .topbar | assets/css/components/shell/doke-shell-contract.css :: .topbar
resultados.html,1280x800,headers,.topbar.topbar--location.internal-page-topbar,texto cortado,false,true,,assets/css/pages/search-results.css :: .topbar | assets/css/components/layout/responsive-page-contract.css :: .topbar | assets/css/components/shell/doke-shell-contract.css :: .topbar
resultados.html,1280x800,section headers,.search-dropdown__section-header,x,356,0,-356,assets/css/pages/search-results.css :: .search-dropdown__section-header
resultados.html,1280x800,section headers,.search-dropdown__section-header,y,506.69,0,-506.69,assets/css/pages/search-results.css :: .search-dropdown__section-header
resultados.html,1280x800,section headers,.search-dropdown__section-header,width,856,0,-856,assets/css/pages/search-results.css :: .search-dropdown__section-header
resultados.html,1280x800,section headers,.search-dropdown__section-header,height,64.91,0,-64.91,assets/css/pages/search-results.css :: .search-dropdown__section-header
resultados.html,1280x800,section headers,.search-dropdown__section-header,aspect-ratio,13.19,,,assets/css/pages/search-results.css :: .search-dropdown__section-header
resultados.html,1280x800,section headers,.search-dropdown__section-header,measured-child-gap-y,19.91,,,assets/css/pages/search-results.css :: .search-dropdown__section-header
resultados.html,1280x800,section headers,.search-dropdown__section-header,x,328,0,-328,assets/css/pages/search-results.css :: .search-dropdown__section-header
resultados.html,1280x800,section headers,.search-dropdown__section-header,y,2354.47,0,-2354.47,assets/css/pages/search-results.css :: .search-dropdown__section-header
resultados.html,1280x800,section headers,.search-dropdown__section-header,width,912,0,-912,assets/css/pages/search-results.css :: .search-dropdown__section-header
resultados.html,1280x800,section headers,.search-dropdown__section-header,height,33.45,0,-33.45,assets/css/pages/search-results.css :: .search-dropdown__section-header
resultados.html,1280x800,section headers,.search-dropdown__section-header,padding.right,68,0,-68,assets/css/pages/search-results.css :: .search-dropdown__section-header
resultados.html,1280x800,section headers,.search-dropdown__section-header,padding.left,68,0,-68,assets/css/pages/search-results.css :: .search-dropdown__section-header
resultados.html,1280x800,section headers,.search-dropdown__section-header,aspect-ratio,27.26,,,assets/css/pages/search-results.css :: .search-dropdown__section-header
resultados.html,1280x800,section headers,.search-dropdown__section-header,measured-child-gap-y,0,,,assets/css/pages/search-results.css :: .search-dropdown__section-header
resultados.html,1280x800,section headers,.search-dropdown__section-header,media.height,33.45,,,assets/css/pages/search-results.css :: .search-dropdown__section-header
resultados.html,1280x800,section headers,.search-dropdown__section-header,media.aspect-ratio,27.26,,,assets/css/pages/search-results.css :: .search-dropdown__section-header
resultados.html,1280x800,section headers,.search-dropdown__section-header,media.border-radius,0px,,,assets/css/pages/search-results.css :: .search-dropdown__section-header
resultados.html,1280x800,section headers,.search-dropdown__section-header,x,328,0,-328,assets/css/pages/search-results.css :: .search-dropdown__section-header
resultados.html,1280x800,section headers,.search-dropdown__section-header,y,2778.8,0,-2778.8,assets/css/pages/search-results.css :: .search-dropdown__section-header
resultados.html,1280x800,section headers,.search-dropdown__section-header,width,912,0,-912,assets/css/pages/search-results.css :: .search-dropdown__section-header
resultados.html,1280x800,section headers,.search-dropdown__section-header,height,33.45,0,-33.45,assets/css/pages/search-results.css :: .search-dropdown__section-header
resultados.html,1280x800,section headers,.search-dropdown__section-header,padding.right,68,0,-68,assets/css/pages/search-results.css :: .search-dropdown__section-header
resultados.html,1280x800,section headers,.search-dropdown__section-header,padding.left,68,0,-68,assets/css/pages/search-results.css :: .search-dropdown__section-header
resultados.html,1280x800,section headers,.search-dropdown__section-header,aspect-ratio,27.26,,,assets/css/pages/search-results.css :: .search-dropdown__section-header
resultados.html,1280x800,section headers,.search-dropdown__section-header,measured-child-gap-y,0,,,assets/css/pages/search-results.css :: .search-dropdown__section-header
resultados.html,1280x800,section headers,.search-dropdown__section-header,media.height,33.45,,,assets/css/pages/search-results.css :: .search-dropdown__section-header
resultados.html,1280x800,section headers,.search-dropdown__section-header,media.aspect-ratio,27.26,,,assets/css/pages/search-results.css :: .search-dropdown__section-header
resultados.html,1280x800,section headers,.search-dropdown__section-header,media.border-radius,0px,,,assets/css/pages/search-results.css :: .search-dropdown__section-header
resultados.html,1280x800,video-card / worker card,.before-after-preview.doke-worker-card.doke-media-card.doke-card.doke-page-section,x,396,8,-388,assets/css/components/shell/doke-shell-contract.css :: .doke-card | assets/css/components/cards/marketplace-card-contract.css :: .doke-worker-card
resultados.html,1280x800,video-card / worker card,.before-after-preview.doke-worker-card.doke-media-card.doke-card.doke-page-section,y,2391.92,6979.64,4587.72,assets/css/components/shell/doke-shell-contract.css :: .doke-card | assets/css/components/cards/marketplace-card-contract.css :: .doke-worker-card
resultados.html,1280x800,video-card / worker card,.before-after-preview.doke-worker-card.doke-media-card.doke-card.doke-page-section,width,180.5,1280,1099.5,assets/css/components/shell/doke-shell-contract.css :: .doke-card | assets/css/components/cards/marketplace-card-contract.css :: .doke-worker-card
resultados.html,1280x800,video-card / worker card,.before-after-preview.doke-worker-card.doke-media-card.doke-card.doke-page-section,height,320.88,2275.55,1954.67,assets/css/components/shell/doke-shell-contract.css :: .doke-card | assets/css/components/cards/marketplace-card-contract.css :: .doke-worker-card
resultados.html,1280x800,video-card / worker card,.before-after-preview.doke-worker-card.doke-media-card.doke-card.doke-page-section,media.height,320.88,2275.55,1954.67,assets/css/components/shell/doke-shell-contract.css :: .doke-card | assets/css/components/cards/marketplace-card-contract.css :: .doke-worker-card
resultados.html,1280x800,video-card / worker card,.worker-preview.doke-worker-card.doke-media-card.doke-card.doke-page-section,x,594.5,8,-586.5,assets/css/components/shell/doke-shell-contract.css :: .doke-card | assets/css/components/cards/marketplace-card-contract.css :: .doke-worker-card
resultados.html,1280x800,video-card / worker card,.worker-preview.doke-worker-card.doke-media-card.doke-card.doke-page-section,y,2391.92,9255.19,6863.27,assets/css/components/shell/doke-shell-contract.css :: .doke-card | assets/css/components/cards/marketplace-card-contract.css :: .doke-worker-card
resultados.html,1280x800,video-card / worker card,.worker-preview.doke-worker-card.doke-media-card.doke-card.doke-page-section,width,180.5,1280,1099.5,assets/css/components/shell/doke-shell-contract.css :: .doke-card | assets/css/components/cards/marketplace-card-contract.css :: .doke-worker-card
resultados.html,1280x800,video-card / worker card,.worker-preview.doke-worker-card.doke-media-card.doke-card.doke-page-section,height,320.88,2275.55,1954.67,assets/css/components/shell/doke-shell-contract.css :: .doke-card | assets/css/components/cards/marketplace-card-contract.css :: .doke-worker-card
resultados.html,1280x800,video-card / worker card,.worker-preview.doke-worker-card.doke-media-card.doke-card.doke-page-section,measured-child-gap-y,,0,,assets/css/components/shell/doke-shell-contract.css :: .doke-card | assets/css/components/cards/marketplace-card-contract.css :: .doke-worker-card
resultados.html,1280x800,video-card / worker card,.worker-preview.doke-worker-card.doke-media-card.doke-card.doke-page-section,media.height,320.88,2275.55,1954.67,assets/css/components/shell/doke-shell-contract.css :: .doke-card | assets/css/components/cards/marketplace-card-contract.css :: .doke-worker-card
resultados.html,1280x800,page,document,overflow horizontal da página,1280,1288,8,"verificar containers com largura fixa, rails sem overflow controlado ou cards com min-width excessivo"
pedidos.html,390x844,headers,.topbar.topbar--location.internal-page-topbar,padding.top,0,6,6,assets/css/components/shell/desktop-search.css :: .topbar | assets/css/components/shell/responsive-boundary.css :: .topbar | assets/css/components/shell/desktop-base-stability.css :: .topbar | assets/css/components/shell/mobile-base-stability.css :: .topbar | assets/css/components/shell/app-header.css :: .topbar | assets/css/components/layout/responsive-page-contract.css :: .topbar | assets/css/components/shell/doke-shell-contract.css :: .topbar | assets/css/pages/pedidos/orders-command-center.css :: .topbar
pedidos.html,390x844,headers,.topbar.topbar--location.internal-page-topbar,padding.bottom,0,8,8,assets/css/components/shell/desktop-search.css :: .topbar | assets/css/components/shell/responsive-boundary.css :: .topbar | assets/css/components/shell/desktop-base-stability.css :: .topbar | assets/css/components/shell/mobile-base-stability.css :: .topbar | assets/css/components/shell/app-header.css :: .topbar | assets/css/components/layout/responsive-page-contract.css :: .topbar | assets/css/components/shell/doke-shell-contract.css :: .topbar | assets/css/pages/pedidos/orders-command-center.css :: .topbar
pedidos.html,390x844,page,document,overflow horizontal da página,390,398,8,"verificar containers com largura fixa, rails sem overflow controlado ou cards com min-width excessivo"
pedidos.html,608x926,headers,.topbar.topbar--location.internal-page-topbar,x,8,0,-8,assets/css/components/shell/desktop-search.css :: .topbar | assets/css/components/shell/responsive-boundary.css :: .topbar | assets/css/components/shell/desktop-base-stability.css :: .topbar | assets/css/components/shell/mobile-base-stability.css :: .topbar | assets/css/components/shell/app-header.css :: .topbar | assets/css/components/layout/responsive-page-contract.css :: .topbar | assets/css/components/shell/doke-shell-contract.css :: .topbar | assets/css/pages/pedidos/orders-command-center.css :: .topbar
pedidos.html,608x926,headers,.topbar.topbar--location.internal-page-topbar,y,8,0,-8,assets/css/components/shell/desktop-search.css :: .topbar | assets/css/components/shell/responsive-boundary.css :: .topbar | assets/css/components/shell/desktop-base-stability.css :: .topbar | assets/css/components/shell/mobile-base-stability.css :: .topbar | assets/css/components/shell/app-header.css :: .topbar | assets/css/components/layout/responsive-page-contract.css :: .topbar | assets/css/components/shell/doke-shell-contract.css :: .topbar | assets/css/pages/pedidos/orders-command-center.css :: .topbar
pedidos.html,608x926,headers,.topbar.topbar--location.internal-page-topbar,width,608,0,-608,assets/css/components/shell/desktop-search.css :: .topbar | assets/css/components/shell/responsive-boundary.css :: .topbar | assets/css/components/shell/desktop-base-stability.css :: .topbar | assets/css/components/shell/mobile-base-stability.css :: .topbar | assets/css/components/shell/app-header.css :: .topbar | assets/css/components/layout/responsive-page-contract.css :: .topbar | assets/css/components/shell/doke-shell-contract.css :: .topbar | assets/css/pages/pedidos/orders-command-center.css :: .topbar
pedidos.html,608x926,headers,.topbar.topbar--location.internal-page-topbar,height,86,0,-86,assets/css/components/shell/desktop-search.css :: .topbar | assets/css/components/shell/responsive-boundary.css :: .topbar | assets/css/components/shell/desktop-base-stability.css :: .topbar | assets/css/components/shell/mobile-base-stability.css :: .topbar | assets/css/components/shell/app-header.css :: .topbar | assets/css/components/layout/responsive-page-contract.css :: .topbar | assets/css/components/shell/doke-shell-contract.css :: .topbar | assets/css/pages/pedidos/orders-command-center.css :: .topbar
pedidos.html,608x926,headers,.topbar.topbar--location.internal-page-topbar,padding.top,18,0,-18,assets/css/components/shell/desktop-search.css :: .topbar | assets/css/components/shell/responsive-boundary.css :: .topbar | assets/css/components/shell/desktop-base-stability.css :: .topbar | assets/css/components/shell/mobile-base-stability.css :: .topbar | assets/css/components/shell/app-header.css :: .topbar | assets/css/components/layout/responsive-page-contract.css :: .topbar | assets/css/components/shell/doke-shell-contract.css :: .topbar | assets/css/pages/pedidos/orders-command-center.css :: .topbar
pedidos.html,608x926,headers,.topbar.topbar--location.internal-page-topbar,padding.bottom,10,0,-10,assets/css/components/shell/desktop-search.css :: .topbar | assets/css/components/shell/responsive-boundary.css :: .topbar | assets/css/components/shell/desktop-base-stability.css :: .topbar | assets/css/components/shell/mobile-base-stability.css :: .topbar | assets/css/components/shell/app-header.css :: .topbar | assets/css/components/layout/responsive-page-contract.css :: .topbar | assets/css/components/shell/doke-shell-contract.css :: .topbar | assets/css/pages/pedidos/orders-command-center.css :: .topbar
pedidos.html,608x926,headers,.topbar.topbar--location.internal-page-topbar,aspect-ratio,7.07,,,assets/css/components/shell/desktop-search.css :: .topbar | assets/css/components/shell/responsive-boundary.css :: .topbar | assets/css/components/shell/desktop-base-stability.css :: .topbar | assets/css/components/shell/mobile-base-stability.css :: .topbar | assets/css/components/shell/app-header.css :: .topbar | assets/css/components/layout/responsive-page-contract.css :: .topbar | assets/css/components/shell/doke-shell-contract.css :: .topbar | assets/css/pages/pedidos/orders-command-center.css :: .topbar
pedidos.html,608x926,headers,.app-header.app-header--orders.home-side-meta,height,86,96,10,assets/css/pages/pedidos.css :: .home-side-meta | assets/css/components/shell/mobile-app-shell.css :: .home-side-meta | assets/css/components/shell/desktop-topbar.css :: .home-side-meta | assets/css/components/shell/mobile-base-stability.css :: .home-side-meta | assets/css/components/shell/app-header.css :: .app-header | assets/css/components/layout/responsive-page-contract.css :: .app-header | assets/css/components/shell/doke-shell-contract.css :: .app-header | assets/css/pages/pedidos/orders-command-center.css :: .app-header
pedidos.html,608x926,headers,.app-header.app-header--orders.home-side-meta,aspect-ratio,7.07,6.33,-0.74,assets/css/pages/pedidos.css :: .home-side-meta | assets/css/components/shell/mobile-app-shell.css :: .home-side-meta | assets/css/components/shell/desktop-topbar.css :: .home-side-meta | assets/css/components/shell/mobile-base-stability.css :: .home-side-meta | assets/css/components/shell/app-header.css :: .app-header | assets/css/components/layout/responsive-page-contract.css :: .app-header | assets/css/components/shell/doke-shell-contract.css :: .app-header | assets/css/pages/pedidos/orders-command-center.css :: .app-header
pedidos.html,608x926,page,document,overflow horizontal da página,608,616,8,"verificar containers com largura fixa, rails sem overflow controlado ou cards com min-width excessivo"
pedidos.html,810x1080,headers,.topbar.topbar--location.internal-page-topbar,x,8,0,-8,assets/css/components/shell/desktop-search.css :: .topbar | assets/css/components/shell/responsive-boundary.css :: .topbar | assets/css/components/shell/desktop-base-stability.css :: .topbar | assets/css/components/shell/mobile-base-stability.css :: .topbar | assets/css/components/shell/app-header.css :: .topbar | assets/css/components/layout/responsive-page-contract.css :: .topbar | assets/css/components/shell/doke-shell-contract.css :: .topbar | assets/css/pages/pedidos/orders-command-center.css :: .topbar
pedidos.html,810x1080,headers,.topbar.topbar--location.internal-page-topbar,y,8,0,-8,assets/css/components/shell/desktop-search.css :: .topbar | assets/css/components/shell/responsive-boundary.css :: .topbar | assets/css/components/shell/desktop-base-stability.css :: .topbar | assets/css/components/shell/mobile-base-stability.css :: .topbar | assets/css/components/shell/app-header.css :: .topbar | assets/css/components/layout/responsive-page-contract.css :: .topbar | assets/css/components/shell/doke-shell-contract.css :: .topbar | assets/css/pages/pedidos/orders-command-center.css :: .topbar
pedidos.html,810x1080,headers,.topbar.topbar--location.internal-page-topbar,width,810,0,-810,assets/css/components/shell/desktop-search.css :: .topbar | assets/css/components/shell/responsive-boundary.css :: .topbar | assets/css/components/shell/desktop-base-stability.css :: .topbar | assets/css/components/shell/mobile-base-stability.css :: .topbar | assets/css/components/shell/app-header.css :: .topbar | assets/css/components/layout/responsive-page-contract.css :: .topbar | assets/css/components/shell/doke-shell-contract.css :: .topbar | assets/css/pages/pedidos/orders-command-center.css :: .topbar
pedidos.html,810x1080,headers,.topbar.topbar--location.internal-page-topbar,height,96,0,-96,assets/css/components/shell/desktop-search.css :: .topbar | assets/css/components/shell/responsive-boundary.css :: .topbar | assets/css/components/shell/desktop-base-stability.css :: .topbar | assets/css/components/shell/mobile-base-stability.css :: .topbar | assets/css/components/shell/app-header.css :: .topbar | assets/css/components/layout/responsive-page-contract.css :: .topbar | assets/css/components/shell/doke-shell-contract.css :: .topbar | assets/css/pages/pedidos/orders-command-center.css :: .topbar
pedidos.html,810x1080,headers,.topbar.topbar--location.internal-page-topbar,aspect-ratio,8.44,,,assets/css/components/shell/desktop-search.css :: .topbar | assets/css/components/shell/responsive-boundary.css :: .topbar | assets/css/components/shell/desktop-base-stability.css :: .topbar | assets/css/components/shell/mobile-base-stability.css :: .topbar | assets/css/components/shell/app-header.css :: .topbar | assets/css/components/layout/responsive-page-contract.css :: .topbar | assets/css/components/shell/doke-shell-contract.css :: .topbar | assets/css/pages/pedidos/orders-command-center.css :: .topbar
pedidos.html,810x1080,headers,.topbar.topbar--location.internal-page-topbar,gap,16px,12px,-4,assets/css/components/shell/desktop-search.css :: .topbar | assets/css/components/shell/responsive-boundary.css :: .topbar | assets/css/components/shell/desktop-base-stability.css :: .topbar | assets/css/components/shell/mobile-base-stability.css :: .topbar | assets/css/components/shell/app-header.css :: .topbar | assets/css/components/layout/responsive-page-contract.css :: .topbar | assets/css/components/shell/doke-shell-contract.css :: .topbar | assets/css/pages/pedidos/orders-command-center.css :: .topbar
pedidos.html,810x1080,headers,.topbar.topbar--location.internal-page-topbar,row-gap,16px,12px,-4,assets/css/components/shell/desktop-search.css :: .topbar | assets/css/components/shell/responsive-boundary.css :: .topbar | assets/css/components/shell/desktop-base-stability.css :: .topbar | assets/css/components/shell/mobile-base-stability.css :: .topbar | assets/css/components/shell/app-header.css :: .topbar | assets/css/components/layout/responsive-page-contract.css :: .topbar | assets/css/components/shell/doke-shell-contract.css :: .topbar | assets/css/pages/pedidos/orders-command-center.css :: .topbar
pedidos.html,810x1080,headers,.topbar.topbar--location.internal-page-topbar,column-gap,16px,12px,-4,assets/css/components/shell/desktop-search.css :: .topbar | assets/css/components/shell/responsive-boundary.css :: .topbar | assets/css/components/shell/desktop-base-stability.css :: .topbar | assets/css/components/shell/mobile-base-stability.css :: .topbar | assets/css/components/shell/app-header.css :: .topbar | assets/css/components/layout/responsive-page-contract.css :: .topbar | assets/css/components/shell/doke-shell-contract.css :: .topbar | assets/css/pages/pedidos/orders-command-center.css :: .topbar
pedidos.html,810x1080,headers,.app-header.app-header--orders.home-side-meta,height,96,86,-10,assets/css/pages/pedidos.css :: .home-side-meta | assets/css/components/shell/mobile-app-shell.css :: .home-side-meta | assets/css/components/shell/desktop-topbar.css :: .home-side-meta | assets/css/components/shell/mobile-base-stability.css :: .home-side-meta | assets/css/components/shell/app-header.css :: .app-header | assets/css/components/layout/responsive-page-contract.css :: .app-header | assets/css/components/shell/doke-shell-contract.css :: .app-header | assets/css/pages/pedidos/orders-command-center.css :: .app-header
pedidos.html,810x1080,headers,.app-header.app-header--orders.home-side-meta,aspect-ratio,8.44,9.42,0.98,assets/css/pages/pedidos.css :: .home-side-meta | assets/css/components/shell/mobile-app-shell.css :: .home-side-meta | assets/css/components/shell/desktop-topbar.css :: .home-side-meta | assets/css/components/shell/mobile-base-stability.css :: .home-side-meta | assets/css/components/shell/app-header.css :: .app-header | assets/css/components/layout/responsive-page-contract.css :: .app-header | assets/css/components/shell/doke-shell-contract.css :: .app-header | assets/css/pages/pedidos/orders-command-center.css :: .app-header
pedidos.html,810x1080,headers,.app-header.app-header--orders.home-side-meta,gap,16px,10px,-6,assets/css/pages/pedidos.css :: .home-side-meta | assets/css/components/shell/mobile-app-shell.css :: .home-side-meta | assets/css/components/shell/desktop-topbar.css :: .home-side-meta | assets/css/components/shell/mobile-base-stability.css :: .home-side-meta | assets/css/components/shell/app-header.css :: .app-header | assets/css/components/layout/responsive-page-contract.css :: .app-header | assets/css/components/shell/doke-shell-contract.css :: .app-header | assets/css/pages/pedidos/orders-command-center.css :: .app-header
pedidos.html,810x1080,headers,.app-header.app-header--orders.home-side-meta,row-gap,16px,10px,-6,assets/css/pages/pedidos.css :: .home-side-meta | assets/css/components/shell/mobile-app-shell.css :: .home-side-meta | assets/css/components/shell/desktop-topbar.css :: .home-side-meta | assets/css/components/shell/mobile-base-stability.css :: .home-side-meta | assets/css/components/shell/app-header.css :: .app-header | assets/css/components/layout/responsive-page-contract.css :: .app-header | assets/css/components/shell/doke-shell-contract.css :: .app-header | assets/css/pages/pedidos/orders-command-center.css :: .app-header
pedidos.html,810x1080,headers,.app-header.app-header--orders.home-side-meta,column-gap,16px,10px,-6,assets/css/pages/pedidos.css :: .home-side-meta | assets/css/components/shell/mobile-app-shell.css :: .home-side-meta | assets/css/components/shell/desktop-topbar.css :: .home-side-meta | assets/css/components/shell/mobile-base-stability.css :: .home-side-meta | assets/css/components/shell/app-header.css :: .app-header | assets/css/components/layout/responsive-page-contract.css :: .app-header | assets/css/components/shell/doke-shell-contract.css :: .app-header | assets/css/pages/pedidos/orders-command-center.css :: .app-header
pedidos.html,810x1080,header inner,.app-header__inner,x,32.3,42.02,9.72,assets/css/components/shell/app-header.css :: .app-header__inner | assets/css/components/layout/responsive-page-contract.css :: .app-header__inner | assets/css/components/shell/doke-shell-contract.css :: .app-header__inner | assets/css/pages/pedidos/orders-command-center.css :: .app-header__inner
pedidos.html,810x1080,header inner,.app-header__inner,width,761.39,741.95,-19.44,assets/css/components/shell/app-header.css :: .app-header__inner | assets/css/components/layout/responsive-page-contract.css :: .app-header__inner | assets/css/components/shell/doke-shell-contract.css :: .app-header__inner | assets/css/pages/pedidos/orders-command-center.css :: .app-header__inner
pedidos.html,810x1080,header inner,.app-header__inner,aspect-ratio,15.86,15.46,-0.4,assets/css/components/shell/app-header.css :: .app-header__inner | assets/css/components/layout/responsive-page-contract.css :: .app-header__inner | assets/css/components/shell/doke-shell-contract.css :: .app-header__inner | assets/css/pages/pedidos/orders-command-center.css :: .app-header__inner
pedidos.html,810x1080,header inner,.app-header__inner,gap,14px,11.34px,-2.66,assets/css/components/shell/app-header.css :: .app-header__inner | assets/css/components/layout/responsive-page-contract.css :: .app-header__inner | assets/css/components/shell/doke-shell-contract.css :: .app-header__inner | assets/css/pages/pedidos/orders-command-center.css :: .app-header__inner
pedidos.html,810x1080,header inner,.app-header__inner,row-gap,14px,11.34px,-2.66,assets/css/components/shell/app-header.css :: .app-header__inner | assets/css/components/layout/responsive-page-contract.css :: .app-header__inner | assets/css/components/shell/doke-shell-contract.css :: .app-header__inner | assets/css/pages/pedidos/orders-command-center.css :: .app-header__inner
pedidos.html,810x1080,header inner,.app-header__inner,column-gap,14px,11.34px,-2.66,assets/css/components/shell/app-header.css :: .app-header__inner | assets/css/components/layout/responsive-page-contract.css :: .app-header__inner | assets/css/components/shell/doke-shell-contract.css :: .app-header__inner | assets/css/pages/pedidos/orders-command-center.css :: .app-header__inner
pedidos.html,810x1080,header inner,.app-header__inner,measured-child-gap-x,,11.33,,assets/css/components/shell/app-header.css :: .app-header__inner | assets/css/components/layout/responsive-page-contract.css :: .app-header__inner | assets/css/components/shell/doke-shell-contract.css :: .app-header__inner | assets/css/pages/pedidos/orders-command-center.css :: .app-header__inner
pedidos.html,810x1080,page,document,overflow horizontal da página,810,818,8,"verificar containers com largura fixa, rails sem overflow controlado ou cards com min-width excessivo"
pedidos.html,1024x768,headers,.topbar.topbar--location.internal-page-topbar,x,8,0,-8,assets/css/components/shell/desktop-search.css :: .topbar | assets/css/components/shell/responsive-boundary.css :: .topbar | assets/css/components/shell/desktop-base-stability.css :: .topbar | assets/css/components/shell/mobile-base-stability.css :: .topbar | assets/css/components/shell/app-header.css :: .topbar | assets/css/components/layout/responsive-page-contract.css :: .topbar | assets/css/components/shell/doke-shell-contract.css :: .topbar | assets/css/pages/pedidos/orders-command-center.css :: .topbar
pedidos.html,1024x768,headers,.topbar.topbar--location.internal-page-topbar,y,8,0,-8,assets/css/components/shell/desktop-search.css :: .topbar | assets/css/components/shell/responsive-boundary.css :: .topbar | assets/css/components/shell/desktop-base-stability.css :: .topbar | assets/css/components/shell/mobile-base-stability.css :: .topbar | assets/css/components/shell/app-header.css :: .topbar | assets/css/components/layout/responsive-page-contract.css :: .topbar | assets/css/components/shell/doke-shell-contract.css :: .topbar | assets/css/pages/pedidos/orders-command-center.css :: .topbar
pedidos.html,1024x768,headers,.topbar.topbar--location.internal-page-topbar,width,1024,0,-1024,assets/css/components/shell/desktop-search.css :: .topbar | assets/css/components/shell/responsive-boundary.css :: .topbar | assets/css/components/shell/desktop-base-stability.css :: .topbar | assets/css/components/shell/mobile-base-stability.css :: .topbar | assets/css/components/shell/app-header.css :: .topbar | assets/css/components/layout/responsive-page-contract.css :: .topbar | assets/css/components/shell/doke-shell-contract.css :: .topbar | assets/css/pages/pedidos/orders-command-center.css :: .topbar
pedidos.html,1024x768,headers,.topbar.topbar--location.internal-page-topbar,height,96,0,-96,assets/css/components/shell/desktop-search.css :: .topbar | assets/css/components/shell/responsive-boundary.css :: .topbar | assets/css/components/shell/desktop-base-stability.css :: .topbar | assets/css/components/shell/mobile-base-stability.css :: .topbar | assets/css/components/shell/app-header.css :: .topbar | assets/css/components/layout/responsive-page-contract.css :: .topbar | assets/css/components/shell/doke-shell-contract.css :: .topbar | assets/css/pages/pedidos/orders-command-center.css :: .topbar
pedidos.html,1024x768,headers,.topbar.topbar--location.internal-page-topbar,padding.top,22.53,20,-2.53,assets/css/components/shell/desktop-search.css :: .topbar | assets/css/components/shell/responsive-boundary.css :: .topbar | assets/css/components/shell/desktop-base-stability.css :: .topbar | assets/css/components/shell/mobile-base-stability.css :: .topbar | assets/css/components/shell/app-header.css :: .topbar | assets/css/components/layout/responsive-page-contract.css :: .topbar | assets/css/components/shell/doke-shell-contract.css :: .topbar | assets/css/pages/pedidos/orders-command-center.css :: .topbar
pedidos.html,1024x768,headers,.topbar.topbar--location.internal-page-topbar,aspect-ratio,10.67,,,assets/css/components/shell/desktop-search.css :: .topbar | assets/css/components/shell/responsive-boundary.css :: .topbar | assets/css/components/shell/desktop-base-stability.css :: .topbar | assets/css/components/shell/mobile-base-stability.css :: .topbar | assets/css/components/shell/app-header.css :: .topbar | assets/css/components/layout/responsive-page-contract.css :: .topbar | assets/css/components/shell/doke-shell-contract.css :: .topbar | assets/css/pages/pedidos/orders-command-center.css :: .topbar
pedidos.html,1024x768,headers,.topbar.topbar--location.internal-page-topbar,gap,16px,12px,-4,assets/css/components/shell/desktop-search.css :: .topbar | assets/css/components/shell/responsive-boundary.css :: .topbar | assets/css/components/shell/desktop-base-stability.css :: .topbar | assets/css/components/shell/mobile-base-stability.css :: .topbar | assets/css/components/shell/app-header.css :: .topbar | assets/css/components/layout/responsive-page-contract.css :: .topbar | assets/css/components/shell/doke-shell-contract.css :: .topbar | assets/css/pages/pedidos/orders-command-center.css :: .topbar
pedidos.html,1024x768,headers,.topbar.topbar--location.internal-page-topbar,row-gap,16px,12px,-4,assets/css/components/shell/desktop-search.css :: .topbar | assets/css/components/shell/responsive-boundary.css :: .topbar | assets/css/components/shell/desktop-base-stability.css :: .topbar | assets/css/components/shell/mobile-base-stability.css :: .topbar | assets/css/components/shell/app-header.css :: .topbar | assets/css/components/layout/responsive-page-contract.css :: .topbar | assets/css/components/shell/doke-shell-contract.css :: .topbar | assets/css/pages/pedidos/orders-command-center.css :: .topbar
pedidos.html,1024x768,headers,.topbar.topbar--location.internal-page-topbar,column-gap,16px,12px,-4,assets/css/components/shell/desktop-search.css :: .topbar | assets/css/components/shell/responsive-boundary.css :: .topbar | assets/css/components/shell/desktop-base-stability.css :: .topbar | assets/css/components/shell/mobile-base-stability.css :: .topbar | assets/css/components/shell/app-header.css :: .topbar | assets/css/components/layout/responsive-page-contract.css :: .topbar | assets/css/components/shell/doke-shell-contract.css :: .topbar | assets/css/pages/pedidos/orders-command-center.css :: .topbar
pedidos.html,1024x768,headers,.app-header.app-header--orders.home-side-meta,height,96,86,-10,assets/css/pages/pedidos.css :: .home-side-meta | assets/css/components/shell/mobile-app-shell.css :: .home-side-meta | assets/css/components/shell/desktop-topbar.css :: .home-side-meta | assets/css/components/shell/mobile-base-stability.css :: .home-side-meta | assets/css/components/shell/app-header.css :: .app-header | assets/css/components/layout/responsive-page-contract.css :: .app-header | assets/css/components/shell/doke-shell-contract.css :: .app-header | assets/css/pages/pedidos/orders-command-center.css :: .app-header
pedidos.html,1024x768,headers,.app-header.app-header--orders.home-side-meta,padding.top,22.53,20,-2.53,assets/css/pages/pedidos.css :: .home-side-meta | assets/css/components/shell/mobile-app-shell.css :: .home-side-meta | assets/css/components/shell/desktop-topbar.css :: .home-side-meta | assets/css/components/shell/mobile-base-stability.css :: .home-side-meta | assets/css/components/shell/app-header.css :: .app-header | assets/css/components/layout/responsive-page-contract.css :: .app-header | assets/css/components/shell/doke-shell-contract.css :: .app-header | assets/css/pages/pedidos/orders-command-center.css :: .app-header
pedidos.html,1024x768,headers,.app-header.app-header--orders.home-side-meta,aspect-ratio,10.67,11.91,1.24,assets/css/pages/pedidos.css :: .home-side-meta | assets/css/components/shell/mobile-app-shell.css :: .home-side-meta | assets/css/components/shell/desktop-topbar.css :: .home-side-meta | assets/css/components/shell/mobile-base-stability.css :: .home-side-meta | assets/css/components/shell/app-header.css :: .app-header | assets/css/components/layout/responsive-page-contract.css :: .app-header | assets/css/components/shell/doke-shell-contract.css :: .app-header | assets/css/pages/pedidos/orders-command-center.css :: .app-header
pedidos.html,1024x768,headers,.app-header.app-header--orders.home-side-meta,gap,16px,10px,-6,assets/css/pages/pedidos.css :: .home-side-meta | assets/css/components/shell/mobile-app-shell.css :: .home-side-meta | assets/css/components/shell/desktop-topbar.css :: .home-side-meta | assets/css/components/shell/mobile-base-stability.css :: .home-side-meta | assets/css/components/shell/app-header.css :: .app-header | assets/css/components/layout/responsive-page-contract.css :: .app-header | assets/css/components/shell/doke-shell-contract.css :: .app-header | assets/css/pages/pedidos/orders-command-center.css :: .app-header
pedidos.html,1024x768,headers,.app-header.app-header--orders.home-side-meta,row-gap,16px,10px,-6,assets/css/pages/pedidos.css :: .home-side-meta | assets/css/components/shell/mobile-app-shell.css :: .home-side-meta | assets/css/components/shell/desktop-topbar.css :: .home-side-meta | assets/css/components/shell/mobile-base-stability.css :: .home-side-meta | assets/css/components/shell/app-header.css :: .app-header | assets/css/components/layout/responsive-page-contract.css :: .app-header | assets/css/components/shell/doke-shell-contract.css :: .app-header | assets/css/pages/pedidos/orders-command-center.css :: .app-header
pedidos.html,1024x768,headers,.app-header.app-header--orders.home-side-meta,column-gap,16px,10px,-6,assets/css/pages/pedidos.css :: .home-side-meta | assets/css/components/shell/mobile-app-shell.css :: .home-side-meta | assets/css/components/shell/desktop-topbar.css :: .home-side-meta | assets/css/components/shell/mobile-base-stability.css :: .home-side-meta | assets/css/components/shell/app-header.css :: .app-header | assets/css/components/layout/responsive-page-contract.css :: .app-header | assets/css/components/shell/doke-shell-contract.css :: .app-header | assets/css/pages/pedidos/orders-command-center.css :: .app-header
pedidos.html,1024x768,header inner,.app-header__inner,x,38.72,60,21.28,assets/css/components/shell/app-header.css :: .app-header__inner | assets/css/components/layout/responsive-page-contract.css :: .app-header__inner | assets/css/components/shell/doke-shell-contract.css :: .app-header__inner | assets/css/pages/pedidos/orders-command-center.css :: .app-header__inner
pedidos.html,1024x768,header inner,.app-header__inner,y,30.52,28,-2.52,assets/css/components/shell/app-header.css :: .app-header__inner | assets/css/components/layout/responsive-page-contract.css :: .app-header__inner | assets/css/components/shell/doke-shell-contract.css :: .app-header__inner | assets/css/pages/pedidos/orders-command-center.css :: .app-header__inner
pedidos.html,1024x768,header inner,.app-header__inner,width,962.55,920,-42.55,assets/css/components/shell/app-header.css :: .app-header__inner | assets/css/components/layout/responsive-page-contract.css :: .app-header__inner | assets/css/components/shell/doke-shell-contract.css :: .app-header__inner | assets/css/pages/pedidos/orders-command-center.css :: .app-header__inner
pedidos.html,1024x768,header inner,.app-header__inner,aspect-ratio,20.05,19.17,-0.88,assets/css/components/shell/app-header.css :: .app-header__inner | assets/css/components/layout/responsive-page-contract.css :: .app-header__inner | assets/css/components/shell/doke-shell-contract.css :: .app-header__inner | assets/css/pages/pedidos/orders-command-center.css :: .app-header__inner
pedidos.html,1024x768,header inner,.app-header__inner,measured-child-gap-x,,12,,assets/css/components/shell/app-header.css :: .app-header__inner | assets/css/components/layout/responsive-page-contract.css :: .app-header__inner | assets/css/components/shell/doke-shell-contract.css :: .app-header__inner | assets/css/pages/pedidos/orders-command-center.css :: .app-header__inner
pedidos.html,1024x768,page,document,overflow horizontal da página,1024,1032,8,"verificar containers com largura fixa, rails sem overflow controlado ou cards com min-width excessivo"
pedidos.html,1280x800,headers,.topbar.topbar--location.internal-page-topbar,x,280,0,-280,assets/css/components/shell/desktop-search.css :: .topbar | assets/css/components/shell/responsive-boundary.css :: .topbar | assets/css/components/shell/desktop-base-stability.css :: .topbar | assets/css/components/shell/mobile-base-stability.css :: .topbar | assets/css/components/shell/app-header.css :: .topbar | assets/css/components/layout/responsive-page-contract.css :: .topbar | assets/css/components/shell/doke-shell-contract.css :: .topbar | assets/css/pages/pedidos/orders-command-center.css :: .topbar
pedidos.html,1280x800,headers,.topbar.topbar--location.internal-page-topbar,y,8,0,-8,assets/css/components/shell/desktop-search.css :: .topbar | assets/css/components/shell/responsive-boundary.css :: .topbar | assets/css/components/shell/desktop-base-stability.css :: .topbar | assets/css/components/shell/mobile-base-stability.css :: .topbar | assets/css/components/shell/app-header.css :: .topbar | assets/css/components/layout/responsive-page-contract.css :: .topbar | assets/css/components/shell/doke-shell-contract.css :: .topbar | assets/css/pages/pedidos/orders-command-center.css :: .topbar
pedidos.html,1280x800,headers,.topbar.topbar--location.internal-page-topbar,width,1008,0,-1008,assets/css/components/shell/desktop-search.css :: .topbar | assets/css/components/shell/responsive-boundary.css :: .topbar | assets/css/components/shell/desktop-base-stability.css :: .topbar | assets/css/components/shell/mobile-base-stability.css :: .topbar | assets/css/components/shell/app-header.css :: .topbar | assets/css/components/layout/responsive-page-contract.css :: .topbar | assets/css/components/shell/doke-shell-contract.css :: .topbar | assets/css/pages/pedidos/orders-command-center.css :: .topbar
pedidos.html,1280x800,headers,.topbar.topbar--location.internal-page-topbar,height,96,0,-96,assets/css/components/shell/desktop-search.css :: .topbar | assets/css/components/shell/responsive-boundary.css :: .topbar | assets/css/components/shell/desktop-base-stability.css :: .topbar | assets/css/components/shell/mobile-base-stability.css :: .topbar | assets/css/components/shell/app-header.css :: .topbar | assets/css/components/layout/responsive-page-contract.css :: .topbar | assets/css/components/shell/doke-shell-contract.css :: .topbar | assets/css/pages/pedidos/orders-command-center.css :: .topbar
pedidos.html,1280x800,headers,.topbar.topbar--location.internal-page-topbar,padding.top,28.16,14,-14.16,assets/css/components/shell/desktop-search.css :: .topbar | assets/css/components/shell/responsive-boundary.css :: .topbar | assets/css/components/shell/desktop-base-stability.css :: .topbar | assets/css/components/shell/mobile-base-stability.css :: .topbar | assets/css/components/shell/app-header.css :: .topbar | assets/css/components/layout/responsive-page-contract.css :: .topbar | assets/css/components/shell/doke-shell-contract.css :: .topbar | assets/css/pages/pedidos/orders-command-center.css :: .topbar
pedidos.html,1280x800,headers,.topbar.topbar--location.internal-page-topbar,padding.right,38.4,0,-38.4,assets/css/components/shell/desktop-search.css :: .topbar | assets/css/components/shell/responsive-boundary.css :: .topbar | assets/css/components/shell/desktop-base-stability.css :: .topbar | assets/css/components/shell/mobile-base-stability.css :: .topbar | assets/css/components/shell/app-header.css :: .topbar | assets/css/components/layout/responsive-page-contract.css :: .topbar | assets/css/components/shell/doke-shell-contract.css :: .topbar | assets/css/pages/pedidos/orders-command-center.css :: .topbar
pedidos.html,1280x800,headers,.topbar.topbar--location.internal-page-topbar,padding.bottom,19.2,10,-9.2,assets/css/components/shell/desktop-search.css :: .topbar | assets/css/components/shell/responsive-boundary.css :: .topbar | assets/css/components/shell/desktop-base-stability.css :: .topbar | assets/css/components/shell/mobile-base-stability.css :: .topbar | assets/css/components/shell/app-header.css :: .topbar | assets/css/components/layout/responsive-page-contract.css :: .topbar | assets/css/components/shell/doke-shell-contract.css :: .topbar | assets/css/pages/pedidos/orders-command-center.css :: .topbar
pedidos.html,1280x800,headers,.topbar.topbar--location.internal-page-topbar,padding.left,38.4,0,-38.4,assets/css/components/shell/desktop-search.css :: .topbar | assets/css/components/shell/responsive-boundary.css :: .topbar | assets/css/components/shell/desktop-base-stability.css :: .topbar | assets/css/components/shell/mobile-base-stability.css :: .topbar | assets/css/components/shell/app-header.css :: .topbar | assets/css/components/layout/responsive-page-contract.css :: .topbar | assets/css/components/shell/doke-shell-contract.css :: .topbar | assets/css/pages/pedidos/orders-command-center.css :: .topbar
pedidos.html,1280x800,headers,.topbar.topbar--location.internal-page-topbar,aspect-ratio,10.5,,,assets/css/components/shell/desktop-search.css :: .topbar | assets/css/components/shell/responsive-boundary.css :: .topbar | assets/css/components/shell/desktop-base-stability.css :: .topbar | assets/css/components/shell/mobile-base-stability.css :: .topbar | assets/css/components/shell/app-header.css :: .topbar | assets/css/components/layout/responsive-page-contract.css :: .topbar | assets/css/components/shell/doke-shell-contract.css :: .topbar | assets/css/pages/pedidos/orders-command-center.css :: .topbar
pedidos.html,1280x800,headers,.topbar.topbar--location.internal-page-topbar,gap,16px,12px,-4,assets/css/components/shell/desktop-search.css :: .topbar | assets/css/components/shell/responsive-boundary.css :: .topbar | assets/css/components/shell/desktop-base-stability.css :: .topbar | assets/css/components/shell/mobile-base-stability.css :: .topbar | assets/css/components/shell/app-header.css :: .topbar | assets/css/components/layout/responsive-page-contract.css :: .topbar | assets/css/components/shell/doke-shell-contract.css :: .topbar | assets/css/pages/pedidos/orders-command-center.css :: .topbar
pedidos.html,1280x800,headers,.topbar.topbar--location.internal-page-topbar,row-gap,16px,12px,-4,assets/css/components/shell/desktop-search.css :: .topbar | assets/css/components/shell/responsive-boundary.css :: .topbar | assets/css/components/shell/desktop-base-stability.css :: .topbar | assets/css/components/shell/mobile-base-stability.css :: .topbar | assets/css/components/shell/app-header.css :: .topbar | assets/css/components/layout/responsive-page-contract.css :: .topbar | assets/css/components/shell/doke-shell-contract.css :: .topbar | assets/css/pages/pedidos/orders-command-center.css :: .topbar
pedidos.html,1280x800,headers,.topbar.topbar--location.internal-page-topbar,column-gap,16px,12px,-4,assets/css/components/shell/desktop-search.css :: .topbar | assets/css/components/shell/responsive-boundary.css :: .topbar | assets/css/components/shell/desktop-base-stability.css :: .topbar | assets/css/components/shell/mobile-base-stability.css :: .topbar | assets/css/components/shell/app-header.css :: .topbar | assets/css/components/layout/responsive-page-contract.css :: .topbar | assets/css/components/shell/doke-shell-contract.css :: .topbar | assets/css/pages/pedidos/orders-command-center.css :: .topbar
pedidos.html,1280x800,headers,.app-header.app-header--orders.home-side-meta,x,280,326.41,46.41,assets/css/pages/pedidos.css :: .home-side-meta | assets/css/components/shell/mobile-app-shell.css :: .home-side-meta | assets/css/components/shell/desktop-topbar.css :: .home-side-meta | assets/css/components/shell/mobile-base-stability.css :: .home-side-meta | assets/css/components/shell/app-header.css :: .app-header | assets/css/components/layout/responsive-page-contract.css :: .app-header | assets/css/components/shell/doke-shell-contract.css :: .app-header | assets/css/pages/pedidos/orders-command-center.css :: .app-header
pedidos.html,1280x800,headers,.app-header.app-header--orders.home-side-meta,width,1008,923.19,-84.81,assets/css/pages/pedidos.css :: .home-side-meta | assets/css/components/shell/mobile-app-shell.css :: .home-side-meta | assets/css/components/shell/desktop-topbar.css :: .home-side-meta | assets/css/components/shell/mobile-base-stability.css :: .home-side-meta | assets/css/components/shell/app-header.css :: .app-header | assets/css/components/layout/responsive-page-contract.css :: .app-header | assets/css/components/shell/doke-shell-contract.css :: .app-header | assets/css/pages/pedidos/orders-command-center.css :: .app-header
pedidos.html,1280x800,headers,.app-header.app-header--orders.home-side-meta,padding.right,38.4,0,-38.4,assets/css/pages/pedidos.css :: .home-side-meta | assets/css/components/shell/mobile-app-shell.css :: .home-side-meta | assets/css/components/shell/desktop-topbar.css :: .home-side-meta | assets/css/components/shell/mobile-base-stability.css :: .home-side-meta | assets/css/components/shell/app-header.css :: .app-header | assets/css/components/layout/responsive-page-contract.css :: .app-header | assets/css/components/shell/doke-shell-contract.css :: .app-header | assets/css/pages/pedidos/orders-command-center.css :: .app-header
pedidos.html,1280x800,headers,.app-header.app-header--orders.home-side-meta,padding.left,38.4,0,-38.4,assets/css/pages/pedidos.css :: .home-side-meta | assets/css/components/shell/mobile-app-shell.css :: .home-side-meta | assets/css/components/shell/desktop-topbar.css :: .home-side-meta | assets/css/components/shell/mobile-base-stability.css :: .home-side-meta | assets/css/components/shell/app-header.css :: .app-header | assets/css/components/layout/responsive-page-contract.css :: .app-header | assets/css/components/shell/doke-shell-contract.css :: .app-header | assets/css/pages/pedidos/orders-command-center.css :: .app-header
pedidos.html,1280x800,headers,.app-header.app-header--orders.home-side-meta,aspect-ratio,10.5,9.62,-0.88,assets/css/pages/pedidos.css :: .home-side-meta | assets/css/components/shell/mobile-app-shell.css :: .home-side-meta | assets/css/components/shell/desktop-topbar.css :: .home-side-meta | assets/css/components/shell/mobile-base-stability.css :: .home-side-meta | assets/css/components/shell/app-header.css :: .app-header | assets/css/components/layout/responsive-page-contract.css :: .app-header | assets/css/components/shell/doke-shell-contract.css :: .app-header | assets/css/pages/pedidos/orders-command-center.css :: .app-header
pedidos.html,1280x800,header inner,.app-header__inner,x,366.39,326.41,-39.98,assets/css/components/shell/app-header.css :: .app-header__inner | assets/css/components/layout/responsive-page-contract.css :: .app-header__inner | assets/css/components/shell/doke-shell-contract.css :: .app-header__inner | assets/css/pages/pedidos/orders-command-center.css :: .app-header__inner
pedidos.html,1280x800,header inner,.app-header__inner,width,835.22,923.19,87.97,assets/css/components/shell/app-header.css :: .app-header__inner | assets/css/components/layout/responsive-page-contract.css :: .app-header__inner | assets/css/components/shell/doke-shell-contract.css :: .app-header__inner | assets/css/pages/pedidos/orders-command-center.css :: .app-header__inner
pedidos.html,1280x800,header inner,.app-header__inner,aspect-ratio,17.4,19.23,1.83,assets/css/components/shell/app-header.css :: .app-header__inner | assets/css/components/layout/responsive-page-contract.css :: .app-header__inner | assets/css/components/shell/doke-shell-contract.css :: .app-header__inner | assets/css/pages/pedidos/orders-command-center.css :: .app-header__inner
pedidos.html,1280x800,page,document,overflow horizontal da página,1280,1288,8,"verificar containers com largura fixa, rails sem overflow controlado ou cards com min-width excessivo"
mensagens.html,390x844,headers,.doke-tablet-shell-header.app-header.app-header--messages.home-side-meta,x,0,8,8,assets/css/patterns/internal-pages.css :: .home-side-meta | assets/css/components/forms-actions/form-action-contract.css :: .home-side-meta | assets/css/components/shell/mobile-app-shell.css :: .home-side-meta | assets/css/components/shell/desktop-topbar.css :: .home-side-meta | assets/css/components/shell/mobile-base-stability.css :: .home-side-meta | assets/css/components/layout/responsive-page-contract.css :: .app-header | assets/css/components/shell/doke-shell-contract.css :: .app-header | assets/css/components/shell/tablet-app-parity.css :: .doke-tablet-shell-header
mensagens.html,390x844,headers,.doke-tablet-shell-header.app-header.app-header--messages.home-side-meta,y,0,8,8,assets/css/patterns/internal-pages.css :: .home-side-meta | assets/css/components/forms-actions/form-action-contract.css :: .home-side-meta | assets/css/components/shell/mobile-app-shell.css :: .home-side-meta | assets/css/components/shell/desktop-topbar.css :: .home-side-meta | assets/css/components/shell/mobile-base-stability.css :: .home-side-meta | assets/css/components/layout/responsive-page-contract.css :: .app-header | assets/css/components/shell/doke-shell-contract.css :: .app-header | assets/css/components/shell/tablet-app-parity.css :: .doke-tablet-shell-header
mensagens.html,390x844,headers,.doke-tablet-shell-header.app-header.app-header--messages.home-side-meta,width,0,390,390,assets/css/patterns/internal-pages.css :: .home-side-meta | assets/css/components/forms-actions/form-action-contract.css :: .home-side-meta | assets/css/components/shell/mobile-app-shell.css :: .home-side-meta | assets/css/components/shell/desktop-topbar.css :: .home-side-meta | assets/css/components/shell/mobile-base-stability.css :: .home-side-meta | assets/css/components/layout/responsive-page-contract.css :: .app-header | assets/css/components/shell/doke-shell-contract.css :: .app-header | assets/css/components/shell/tablet-app-parity.css :: .doke-tablet-shell-header
mensagens.html,390x844,headers,.doke-tablet-shell-header.app-header.app-header--messages.home-side-meta,height,0,182,182,assets/css/patterns/internal-pages.css :: .home-side-meta | assets/css/components/forms-actions/form-action-contract.css :: .home-side-meta | assets/css/components/shell/mobile-app-shell.css :: .home-side-meta | assets/css/components/shell/desktop-topbar.css :: .home-side-meta | assets/css/components/shell/mobile-base-stability.css :: .home-side-meta | assets/css/components/layout/responsive-page-contract.css :: .app-header | assets/css/components/shell/doke-shell-contract.css :: .app-header | assets/css/components/shell/tablet-app-parity.css :: .doke-tablet-shell-header
mensagens.html,390x844,headers,.doke-tablet-shell-header.app-header.app-header--messages.home-side-meta,aspect-ratio,,2.14,,assets/css/patterns/internal-pages.css :: .home-side-meta | assets/css/components/forms-actions/form-action-contract.css :: .home-side-meta | assets/css/components/shell/mobile-app-shell.css :: .home-side-meta | assets/css/components/shell/desktop-topbar.css :: .home-side-meta | assets/css/components/shell/mobile-base-stability.css :: .home-side-meta | assets/css/components/layout/responsive-page-contract.css :: .app-header | assets/css/components/shell/doke-shell-contract.css :: .app-header | assets/css/components/shell/tablet-app-parity.css :: .doke-tablet-shell-header
mensagens.html,390x844,header inner,.app-header__inner,x,0,8,8,assets/css/components/layout/responsive-page-contract.css :: .app-header__inner | assets/css/components/shell/doke-shell-contract.css :: .app-header__inner | assets/css/components/shell/tablet-app-parity.css :: .app-header__inner
mensagens.html,390x844,header inner,.app-header__inner,y,0,8,8,assets/css/components/layout/responsive-page-contract.css :: .app-header__inner | assets/css/components/shell/doke-shell-contract.css :: .app-header__inner | assets/css/components/shell/tablet-app-parity.css :: .app-header__inner
mensagens.html,390x844,header inner,.app-header__inner,width,0,390,390,assets/css/components/layout/responsive-page-contract.css :: .app-header__inner | assets/css/components/shell/doke-shell-contract.css :: .app-header__inner | assets/css/components/shell/tablet-app-parity.css :: .app-header__inner
mensagens.html,390x844,header inner,.app-header__inner,height,0,182,182,assets/css/components/layout/responsive-page-contract.css :: .app-header__inner | assets/css/components/shell/doke-shell-contract.css :: .app-header__inner | assets/css/components/shell/tablet-app-parity.css :: .app-header__inner
mensagens.html,390x844,header inner,.app-header__inner,aspect-ratio,,2.14,,assets/css/components/layout/responsive-page-contract.css :: .app-header__inner | assets/css/components/shell/doke-shell-contract.css :: .app-header__inner | assets/css/components/shell/tablet-app-parity.css :: .app-header__inner
mensagens.html,390x844,header inner,.app-header__inner,measured-child-gap-y,,0,,assets/css/components/layout/responsive-page-contract.css :: .app-header__inner | assets/css/components/shell/doke-shell-contract.css :: .app-header__inner | assets/css/components/shell/tablet-app-parity.css :: .app-header__inner
mensagens.html,390x844,page,document,overflow horizontal da página,390,398,8,"verificar containers com largura fixa, rails sem overflow controlado ou cards com min-width excessivo"
mensagens.html,608x926,headers,.doke-tablet-shell-header.app-header.app-header--messages.home-side-meta,x,8,26,18,assets/css/patterns/internal-pages.css :: .home-side-meta | assets/css/components/forms-actions/form-action-contract.css :: .home-side-meta | assets/css/components/shell/mobile-app-shell.css :: .home-side-meta | assets/css/components/shell/desktop-topbar.css :: .home-side-meta | assets/css/components/shell/mobile-base-stability.css :: .home-side-meta | assets/css/components/layout/responsive-page-contract.css :: .app-header | assets/css/components/shell/doke-shell-contract.css :: .app-header | assets/css/components/shell/tablet-app-parity.css :: .doke-tablet-shell-header
mensagens.html,608x926,headers,.doke-tablet-shell-header.app-header.app-header--messages.home-side-meta,y,8,32,24,assets/css/patterns/internal-pages.css :: .home-side-meta | assets/css/components/forms-actions/form-action-contract.css :: .home-side-meta | assets/css/components/shell/mobile-app-shell.css :: .home-side-meta | assets/css/components/shell/desktop-topbar.css :: .home-side-meta | assets/css/components/shell/mobile-base-stability.css :: .home-side-meta | assets/css/components/layout/responsive-page-contract.css :: .app-header | assets/css/components/shell/doke-shell-contract.css :: .app-header | assets/css/components/shell/tablet-app-parity.css :: .doke-tablet-shell-header
mensagens.html,608x926,headers,.doke-tablet-shell-header.app-header.app-header--messages.home-side-meta,width,608,572,-36,assets/css/patterns/internal-pages.css :: .home-side-meta | assets/css/components/forms-actions/form-action-contract.css :: .home-side-meta | assets/css/components/shell/mobile-app-shell.css :: .home-side-meta | assets/css/components/shell/desktop-topbar.css :: .home-side-meta | assets/css/components/shell/mobile-base-stability.css :: .home-side-meta | assets/css/components/layout/responsive-page-contract.css :: .app-header | assets/css/components/shell/doke-shell-contract.css :: .app-header | assets/css/components/shell/tablet-app-parity.css :: .doke-tablet-shell-header
mensagens.html,608x926,headers,.doke-tablet-shell-header.app-header.app-header--messages.home-side-meta,height,86,52,-34,assets/css/patterns/internal-pages.css :: .home-side-meta | assets/css/components/forms-actions/form-action-contract.css :: .home-side-meta | assets/css/components/shell/mobile-app-shell.css :: .home-side-meta | assets/css/components/shell/desktop-topbar.css :: .home-side-meta | assets/css/components/shell/mobile-base-stability.css :: .home-side-meta | assets/css/components/layout/responsive-page-contract.css :: .app-header | assets/css/components/shell/doke-shell-contract.css :: .app-header | assets/css/components/shell/tablet-app-parity.css :: .doke-tablet-shell-header
mensagens.html,608x926,headers,.doke-tablet-shell-header.app-header.app-header--messages.home-side-meta,padding.top,18,0,-18,assets/css/patterns/internal-pages.css :: .home-side-meta | assets/css/components/forms-actions/form-action-contract.css :: .home-side-meta | assets/css/components/shell/mobile-app-shell.css :: .home-side-meta | assets/css/components/shell/desktop-topbar.css :: .home-side-meta | assets/css/components/shell/mobile-base-stability.css :: .home-side-meta | assets/css/components/layout/responsive-page-contract.css :: .app-header | assets/css/components/shell/doke-shell-contract.css :: .app-header | assets/css/components/shell/tablet-app-parity.css :: .doke-tablet-shell-header
mensagens.html,608x926,headers,.doke-tablet-shell-header.app-header.app-header--messages.home-side-meta,padding.bottom,10,0,-10,assets/css/patterns/internal-pages.css :: .home-side-meta | assets/css/components/forms-actions/form-action-contract.css :: .home-side-meta | assets/css/components/shell/mobile-app-shell.css :: .home-side-meta | assets/css/components/shell/desktop-topbar.css :: .home-side-meta | assets/css/components/shell/mobile-base-stability.css :: .home-side-meta | assets/css/components/layout/responsive-page-contract.css :: .app-header | assets/css/components/shell/doke-shell-contract.css :: .app-header | assets/css/components/shell/tablet-app-parity.css :: .doke-tablet-shell-header
mensagens.html,608x926,headers,.doke-tablet-shell-header.app-header.app-header--messages.home-side-meta,aspect-ratio,7.07,11,3.93,assets/css/patterns/internal-pages.css :: .home-side-meta | assets/css/components/forms-actions/form-action-contract.css :: .home-side-meta | assets/css/components/shell/mobile-app-shell.css :: .home-side-meta | assets/css/components/shell/desktop-topbar.css :: .home-side-meta | assets/css/components/shell/mobile-base-stability.css :: .home-side-meta | assets/css/components/layout/responsive-page-contract.css :: .app-header | assets/css/components/shell/doke-shell-contract.css :: .app-header | assets/css/components/shell/tablet-app-parity.css :: .doke-tablet-shell-header
mensagens.html,608x926,header inner,.app-header__inner,x,26,44,18,assets/css/components/layout/responsive-page-contract.css :: .app-header__inner | assets/css/components/shell/doke-shell-contract.css :: .app-header__inner | assets/css/components/shell/tablet-app-parity.css :: .app-header__inner
mensagens.html,608x926,header inner,.app-header__inner,y,26,32,6,assets/css/components/layout/responsive-page-contract.css :: .app-header__inner | assets/css/components/shell/doke-shell-contract.css :: .app-header__inner | assets/css/components/shell/tablet-app-parity.css :: .app-header__inner
mensagens.html,608x926,header inner,.app-header__inner,width,572,536,-36,assets/css/components/layout/responsive-page-contract.css :: .app-header__inner | assets/css/components/shell/doke-shell-contract.css :: .app-header__inner | assets/css/components/shell/tablet-app-parity.css :: .app-header__inner
mensagens.html,608x926,header inner,.app-header__inner,height,48,52,4,assets/css/components/layout/responsive-page-contract.css :: .app-header__inner | assets/css/components/shell/doke-shell-contract.css :: .app-header__inner | assets/css/components/shell/tablet-app-parity.css :: .app-header__inner
mensagens.html,608x926,header inner,.app-header__inner,aspect-ratio,11.92,10.31,-1.61,assets/css/components/layout/responsive-page-contract.css :: .app-header__inner | assets/css/components/shell/doke-shell-contract.css :: .app-header__inner | assets/css/components/shell/tablet-app-parity.css :: .app-header__inner
mensagens.html,608x926,page,document,overflow horizontal da página,608,616,8,"verificar containers com largura fixa, rails sem overflow controlado ou cards com min-width excessivo"
mensagens.html,810x1080,headers,.doke-tablet-shell-header.app-header.app-header--messages.home-side-meta,height,96,86,-10,assets/css/patterns/internal-pages.css :: .home-side-meta | assets/css/components/forms-actions/form-action-contract.css :: .home-side-meta | assets/css/components/shell/mobile-app-shell.css :: .home-side-meta | assets/css/components/shell/desktop-topbar.css :: .home-side-meta | assets/css/components/shell/mobile-base-stability.css :: .home-side-meta | assets/css/components/layout/responsive-page-contract.css :: .app-header | assets/css/components/shell/doke-shell-contract.css :: .app-header | assets/css/components/shell/tablet-app-parity.css :: .doke-tablet-shell-header
mensagens.html,810x1080,headers,.doke-tablet-shell-header.app-header.app-header--messages.home-side-meta,aspect-ratio,8.44,9.42,0.98,assets/css/patterns/internal-pages.css :: .home-side-meta | assets/css/components/forms-actions/form-action-contract.css :: .home-side-meta | assets/css/components/shell/mobile-app-shell.css :: .home-side-meta | assets/css/components/shell/desktop-topbar.css :: .home-side-meta | assets/css/components/shell/mobile-base-stability.css :: .home-side-meta | assets/css/components/layout/responsive-page-contract.css :: .app-header | assets/css/components/shell/doke-shell-contract.css :: .app-header | assets/css/components/shell/tablet-app-parity.css :: .doke-tablet-shell-header
mensagens.html,810x1080,header inner,.app-header__inner,x,32.3,42.02,9.72,assets/css/components/layout/responsive-page-contract.css :: .app-header__inner | assets/css/components/shell/doke-shell-contract.css :: .app-header__inner | assets/css/components/shell/tablet-app-parity.css :: .app-header__inner
mensagens.html,810x1080,header inner,.app-header__inner,width,761.39,741.95,-19.44,assets/css/components/layout/responsive-page-contract.css :: .app-header__inner | assets/css/components/shell/doke-shell-contract.css :: .app-header__inner | assets/css/components/shell/tablet-app-parity.css :: .app-header__inner
mensagens.html,810x1080,header inner,.app-header__inner,aspect-ratio,15.86,15.46,-0.4,assets/css/components/layout/responsive-page-contract.css :: .app-header__inner | assets/css/components/shell/doke-shell-contract.css :: .app-header__inner | assets/css/components/shell/tablet-app-parity.css :: .app-header__inner
mensagens.html,810x1080,header inner,.app-header__inner,gap,14px,11.34px,-2.66,assets/css/components/layout/responsive-page-contract.css :: .app-header__inner | assets/css/components/shell/doke-shell-contract.css :: .app-header__inner | assets/css/components/shell/tablet-app-parity.css :: .app-header__inner
mensagens.html,810x1080,header inner,.app-header__inner,row-gap,14px,11.34px,-2.66,assets/css/components/layout/responsive-page-contract.css :: .app-header__inner | assets/css/components/shell/doke-shell-contract.css :: .app-header__inner | assets/css/components/shell/tablet-app-parity.css :: .app-header__inner
mensagens.html,810x1080,header inner,.app-header__inner,column-gap,14px,11.34px,-2.66,assets/css/components/layout/responsive-page-contract.css :: .app-header__inner | assets/css/components/shell/doke-shell-contract.css :: .app-header__inner | assets/css/components/shell/tablet-app-parity.css :: .app-header__inner
mensagens.html,810x1080,header inner,.app-header__inner,measured-child-gap-x,,11.33,,assets/css/components/layout/responsive-page-contract.css :: .app-header__inner | assets/css/components/shell/doke-shell-contract.css :: .app-header__inner | assets/css/components/shell/tablet-app-parity.css :: .app-header__inner
mensagens.html,810x1080,page,document,overflow horizontal da página,810,818,8,"verificar containers com largura fixa, rails sem overflow controlado ou cards com min-width excessivo"
mensagens.html,1024x768,headers,.doke-tablet-shell-header.app-header.app-header--messages.home-side-meta,height,96,86,-10,assets/css/patterns/internal-pages.css :: .home-side-meta | assets/css/components/forms-actions/form-action-contract.css :: .home-side-meta | assets/css/components/shell/mobile-app-shell.css :: .home-side-meta | assets/css/components/shell/desktop-topbar.css :: .home-side-meta | assets/css/components/shell/mobile-base-stability.css :: .home-side-meta | assets/css/components/layout/responsive-page-contract.css :: .app-header | assets/css/components/shell/doke-shell-contract.css :: .app-header | assets/css/components/shell/tablet-app-parity.css :: .doke-tablet-shell-header
mensagens.html,1024x768,headers,.doke-tablet-shell-header.app-header.app-header--messages.home-side-meta,padding.top,22.53,20,-2.53,assets/css/patterns/internal-pages.css :: .home-side-meta | assets/css/components/forms-actions/form-action-contract.css :: .home-side-meta | assets/css/components/shell/mobile-app-shell.css :: .home-side-meta | assets/css/components/shell/desktop-topbar.css :: .home-side-meta | assets/css/components/shell/mobile-base-stability.css :: .home-side-meta | assets/css/components/layout/responsive-page-contract.css :: .app-header | assets/css/components/shell/doke-shell-contract.css :: .app-header | assets/css/components/shell/tablet-app-parity.css :: .doke-tablet-shell-header
mensagens.html,1024x768,headers,.doke-tablet-shell-header.app-header.app-header--messages.home-side-meta,aspect-ratio,10.67,11.91,1.24,assets/css/patterns/internal-pages.css :: .home-side-meta | assets/css/components/forms-actions/form-action-contract.css :: .home-side-meta | assets/css/components/shell/mobile-app-shell.css :: .home-side-meta | assets/css/components/shell/desktop-topbar.css :: .home-side-meta | assets/css/components/shell/mobile-base-stability.css :: .home-side-meta | assets/css/components/layout/responsive-page-contract.css :: .app-header | assets/css/components/shell/doke-shell-contract.css :: .app-header | assets/css/components/shell/tablet-app-parity.css :: .doke-tablet-shell-header
mensagens.html,1024x768,header inner,.app-header__inner,x,38.72,60,21.28,assets/css/components/layout/responsive-page-contract.css :: .app-header__inner | assets/css/components/shell/doke-shell-contract.css :: .app-header__inner | assets/css/components/shell/tablet-app-parity.css :: .app-header__inner
mensagens.html,1024x768,header inner,.app-header__inner,y,30.52,28,-2.52,assets/css/components/layout/responsive-page-contract.css :: .app-header__inner | assets/css/components/shell/doke-shell-contract.css :: .app-header__inner | assets/css/components/shell/tablet-app-parity.css :: .app-header__inner
mensagens.html,1024x768,header inner,.app-header__inner,width,962.55,920,-42.55,assets/css/components/layout/responsive-page-contract.css :: .app-header__inner | assets/css/components/shell/doke-shell-contract.css :: .app-header__inner | assets/css/components/shell/tablet-app-parity.css :: .app-header__inner
mensagens.html,1024x768,header inner,.app-header__inner,aspect-ratio,20.05,19.17,-0.88,assets/css/components/layout/responsive-page-contract.css :: .app-header__inner | assets/css/components/shell/doke-shell-contract.css :: .app-header__inner | assets/css/components/shell/tablet-app-parity.css :: .app-header__inner
mensagens.html,1024x768,header inner,.app-header__inner,measured-child-gap-x,,12,,assets/css/components/layout/responsive-page-contract.css :: .app-header__inner | assets/css/components/shell/doke-shell-contract.css :: .app-header__inner | assets/css/components/shell/tablet-app-parity.css :: .app-header__inner
mensagens.html,1024x768,page,document,overflow horizontal da página,1024,1032,8,"verificar containers com largura fixa, rails sem overflow controlado ou cards com min-width excessivo"
mensagens.html,1280x800,headers,.doke-tablet-shell-header.app-header.app-header--messages.home-side-meta,x,280,326.41,46.41,assets/css/patterns/internal-pages.css :: .home-side-meta | assets/css/components/forms-actions/form-action-contract.css :: .home-side-meta | assets/css/components/shell/mobile-app-shell.css :: .home-side-meta | assets/css/components/shell/desktop-topbar.css :: .home-side-meta | assets/css/components/shell/mobile-base-stability.css :: .home-side-meta | assets/css/components/layout/responsive-page-contract.css :: .app-header | assets/css/components/shell/doke-shell-contract.css :: .app-header | assets/css/components/shell/tablet-app-parity.css :: .doke-tablet-shell-header
mensagens.html,1280x800,headers,.doke-tablet-shell-header.app-header.app-header--messages.home-side-meta,width,1008,923.19,-84.81,assets/css/patterns/internal-pages.css :: .home-side-meta | assets/css/components/forms-actions/form-action-contract.css :: .home-side-meta | assets/css/components/shell/mobile-app-shell.css :: .home-side-meta | assets/css/components/shell/desktop-topbar.css :: .home-side-meta | assets/css/components/shell/mobile-base-stability.css :: .home-side-meta | assets/css/components/layout/responsive-page-contract.css :: .app-header | assets/css/components/shell/doke-shell-contract.css :: .app-header | assets/css/components/shell/tablet-app-parity.css :: .doke-tablet-shell-header
mensagens.html,1280x800,headers,.doke-tablet-shell-header.app-header.app-header--messages.home-side-meta,height,96,160,64,assets/css/patterns/internal-pages.css :: .home-side-meta | assets/css/components/forms-actions/form-action-contract.css :: .home-side-meta | assets/css/components/shell/mobile-app-shell.css :: .home-side-meta | assets/css/components/shell/desktop-topbar.css :: .home-side-meta | assets/css/components/shell/mobile-base-stability.css :: .home-side-meta | assets/css/components/layout/responsive-page-contract.css :: .app-header | assets/css/components/shell/doke-shell-contract.css :: .app-header | assets/css/components/shell/tablet-app-parity.css :: .doke-tablet-shell-header
mensagens.html,1280x800,headers,.doke-tablet-shell-header.app-header.app-header--messages.home-side-meta,padding.top,28.16,8,-20.16,assets/css/patterns/internal-pages.css :: .home-side-meta | assets/css/components/forms-actions/form-action-contract.css :: .home-side-meta | assets/css/components/shell/mobile-app-shell.css :: .home-side-meta | assets/css/components/shell/desktop-topbar.css :: .home-side-meta | assets/css/components/shell/mobile-base-stability.css :: .home-side-meta | assets/css/components/layout/responsive-page-contract.css :: .app-header | assets/css/components/shell/doke-shell-contract.css :: .app-header | assets/css/components/shell/tablet-app-parity.css :: .doke-tablet-shell-header
mensagens.html,1280x800,headers,.doke-tablet-shell-header.app-header.app-header--messages.home-side-meta,padding.right,38.4,0,-38.4,assets/css/patterns/internal-pages.css :: .home-side-meta | assets/css/components/forms-actions/form-action-contract.css :: .home-side-meta | assets/css/components/shell/mobile-app-shell.css :: .home-side-meta | assets/css/components/shell/desktop-topbar.css :: .home-side-meta | assets/css/components/shell/mobile-base-stability.css :: .home-side-meta | assets/css/components/layout/responsive-page-contract.css :: .app-header | assets/css/components/shell/doke-shell-contract.css :: .app-header | assets/css/components/shell/tablet-app-parity.css :: .doke-tablet-shell-header
mensagens.html,1280x800,headers,.doke-tablet-shell-header.app-header.app-header--messages.home-side-meta,padding.bottom,19.2,8,-11.2,assets/css/patterns/internal-pages.css :: .home-side-meta | assets/css/components/forms-actions/form-action-contract.css :: .home-side-meta | assets/css/components/shell/mobile-app-shell.css :: .home-side-meta | assets/css/components/shell/desktop-topbar.css :: .home-side-meta | assets/css/components/shell/mobile-base-stability.css :: .home-side-meta | assets/css/components/layout/responsive-page-contract.css :: .app-header | assets/css/components/shell/doke-shell-contract.css :: .app-header | assets/css/components/shell/tablet-app-parity.css :: .doke-tablet-shell-header
mensagens.html,1280x800,headers,.doke-tablet-shell-header.app-header.app-header--messages.home-side-meta,padding.left,38.4,0,-38.4,assets/css/patterns/internal-pages.css :: .home-side-meta | assets/css/components/forms-actions/form-action-contract.css :: .home-side-meta | assets/css/components/shell/mobile-app-shell.css :: .home-side-meta | assets/css/components/shell/desktop-topbar.css :: .home-side-meta | assets/css/components/shell/mobile-base-stability.css :: .home-side-meta | assets/css/components/layout/responsive-page-contract.css :: .app-header | assets/css/components/shell/doke-shell-contract.css :: .app-header | assets/css/components/shell/tablet-app-parity.css :: .doke-tablet-shell-header
mensagens.html,1280x800,headers,.doke-tablet-shell-header.app-header.app-header--messages.home-side-meta,aspect-ratio,10.5,5.77,-4.73,assets/css/patterns/internal-pages.css :: .home-side-meta | assets/css/components/forms-actions/form-action-contract.css :: .home-side-meta | assets/css/components/shell/mobile-app-shell.css :: .home-side-meta | assets/css/components/shell/desktop-topbar.css :: .home-side-meta | assets/css/components/shell/mobile-base-stability.css :: .home-side-meta | assets/css/components/layout/responsive-page-contract.css :: .app-header | assets/css/components/shell/doke-shell-contract.css :: .app-header | assets/css/components/shell/tablet-app-parity.css :: .doke-tablet-shell-header
mensagens.html,1280x800,header inner,.app-header__inner,x,366.39,326.41,-39.98,assets/css/components/layout/responsive-page-contract.css :: .app-header__inner | assets/css/components/shell/doke-shell-contract.css :: .app-header__inner | assets/css/components/shell/tablet-app-parity.css :: .app-header__inner
mensagens.html,1280x800,header inner,.app-header__inner,y,36.16,16,-20.16,assets/css/components/layout/responsive-page-contract.css :: .app-header__inner | assets/css/components/shell/doke-shell-contract.css :: .app-header__inner | assets/css/components/shell/tablet-app-parity.css :: .app-header__inner
mensagens.html,1280x800,header inner,.app-header__inner,width,835.22,923.19,87.97,assets/css/components/layout/responsive-page-contract.css :: .app-header__inner | assets/css/components/shell/doke-shell-contract.css :: .app-header__inner | assets/css/components/shell/tablet-app-parity.css :: .app-header__inner
mensagens.html,1280x800,header inner,.app-header__inner,height,48,144,96,assets/css/components/layout/responsive-page-contract.css :: .app-header__inner | assets/css/components/shell/doke-shell-contract.css :: .app-header__inner | assets/css/components/shell/tablet-app-parity.css :: .app-header__inner
mensagens.html,1280x800,header inner,.app-header__inner,aspect-ratio,17.4,6.41,-10.99,assets/css/components/layout/responsive-page-contract.css :: .app-header__inner | assets/css/components/shell/doke-shell-contract.css :: .app-header__inner | assets/css/components/shell/tablet-app-parity.css :: .app-header__inner
mensagens.html,1280x800,header inner,.app-header__inner,gap,14px,normal,,assets/css/components/layout/responsive-page-contract.css :: .app-header__inner | assets/css/components/shell/doke-shell-contract.css :: .app-header__inner | assets/css/components/shell/tablet-app-parity.css :: .app-header__inner
mensagens.html,1280x800,header inner,.app-header__inner,row-gap,14px,normal,,assets/css/components/layout/responsive-page-contract.css :: .app-header__inner | assets/css/components/shell/doke-shell-contract.css :: .app-header__inner | assets/css/components/shell/tablet-app-parity.css :: .app-header__inner
mensagens.html,1280x800,header inner,.app-header__inner,column-gap,14px,normal,,assets/css/components/layout/responsive-page-contract.css :: .app-header__inner | assets/css/components/shell/doke-shell-contract.css :: .app-header__inner | assets/css/components/shell/tablet-app-parity.css :: .app-header__inner
mensagens.html,1280x800,header inner,.app-header__inner,measured-child-gap-x,14,524.91,510.91,assets/css/components/layout/responsive-page-contract.css :: .app-header__inner | assets/css/components/shell/doke-shell-contract.css :: .app-header__inner | assets/css/components/shell/tablet-app-parity.css :: .app-header__inner
mensagens.html,1280x800,page,document,overflow horizontal da página,1280,1288,8,"verificar containers com largura fixa, rails sem overflow controlado ou cards com min-width excessivo"
notificacoes.html,390x844,headers,.topbar.topbar--location.internal-page-topbar,padding.top,0,6,6,assets/css/components/shell/desktop-topbar.css :: .topbar | assets/css/components/shell/desktop-search.css :: .topbar | assets/css/components/shell/responsive-boundary.css :: .topbar | assets/css/components/shell/desktop-base-stability.css :: .topbar | assets/css/components/shell/app-header.css :: .topbar | assets/css/components/shell/mobile-base-stability.css :: .topbar | assets/css/components/layout/responsive-page-contract.css :: .topbar | assets/css/components/shell/doke-shell-contract.css :: .topbar
notificacoes.html,390x844,headers,.topbar.topbar--location.internal-page-topbar,padding.bottom,0,8,8,assets/css/components/shell/desktop-topbar.css :: .topbar | assets/css/components/shell/desktop-search.css :: .topbar | assets/css/components/shell/responsive-boundary.css :: .topbar | assets/css/components/shell/desktop-base-stability.css :: .topbar | assets/css/components/shell/app-header.css :: .topbar | assets/css/components/shell/mobile-base-stability.css :: .topbar | assets/css/components/layout/responsive-page-contract.css :: .topbar | assets/css/components/shell/doke-shell-contract.css :: .topbar
notificacoes.html,390x844,page,document,overflow horizontal da página,390,398,8,"verificar containers com largura fixa, rails sem overflow controlado ou cards com min-width excessivo"
notificacoes.html,608x926,headers,.topbar.topbar--location.internal-page-topbar,x,8,0,-8,assets/css/components/shell/desktop-topbar.css :: .topbar | assets/css/components/shell/desktop-search.css :: .topbar | assets/css/components/shell/responsive-boundary.css :: .topbar | assets/css/components/shell/desktop-base-stability.css :: .topbar | assets/css/components/shell/app-header.css :: .topbar | assets/css/components/shell/mobile-base-stability.css :: .topbar | assets/css/components/layout/responsive-page-contract.css :: .topbar | assets/css/components/shell/doke-shell-contract.css :: .topbar
notificacoes.html,608x926,headers,.topbar.topbar--location.internal-page-topbar,y,8,0,-8,assets/css/components/shell/desktop-topbar.css :: .topbar | assets/css/components/shell/desktop-search.css :: .topbar | assets/css/components/shell/responsive-boundary.css :: .topbar | assets/css/components/shell/desktop-base-stability.css :: .topbar | assets/css/components/shell/app-header.css :: .topbar | assets/css/components/shell/mobile-base-stability.css :: .topbar | assets/css/components/layout/responsive-page-contract.css :: .topbar | assets/css/components/shell/doke-shell-contract.css :: .topbar
notificacoes.html,608x926,headers,.topbar.topbar--location.internal-page-topbar,width,608,0,-608,assets/css/components/shell/desktop-topbar.css :: .topbar | assets/css/components/shell/desktop-search.css :: .topbar | assets/css/components/shell/responsive-boundary.css :: .topbar | assets/css/components/shell/desktop-base-stability.css :: .topbar | assets/css/components/shell/app-header.css :: .topbar | assets/css/components/shell/mobile-base-stability.css :: .topbar | assets/css/components/layout/responsive-page-contract.css :: .topbar | assets/css/components/shell/doke-shell-contract.css :: .topbar
notificacoes.html,608x926,headers,.topbar.topbar--location.internal-page-topbar,height,86,0,-86,assets/css/components/shell/desktop-topbar.css :: .topbar | assets/css/components/shell/desktop-search.css :: .topbar | assets/css/components/shell/responsive-boundary.css :: .topbar | assets/css/components/shell/desktop-base-stability.css :: .topbar | assets/css/components/shell/app-header.css :: .topbar | assets/css/components/shell/mobile-base-stability.css :: .topbar | assets/css/components/layout/responsive-page-contract.css :: .topbar | assets/css/components/shell/doke-shell-contract.css :: .topbar
notificacoes.html,608x926,headers,.topbar.topbar--location.internal-page-topbar,padding.top,18,0,-18,assets/css/components/shell/desktop-topbar.css :: .topbar | assets/css/components/shell/desktop-search.css :: .topbar | assets/css/components/shell/responsive-boundary.css :: .topbar | assets/css/components/shell/desktop-base-stability.css :: .topbar | assets/css/components/shell/app-header.css :: .topbar | assets/css/components/shell/mobile-base-stability.css :: .topbar | assets/css/components/layout/responsive-page-contract.css :: .topbar | assets/css/components/shell/doke-shell-contract.css :: .topbar
notificacoes.html,608x926,headers,.topbar.topbar--location.internal-page-topbar,padding.bottom,10,0,-10,assets/css/components/shell/desktop-topbar.css :: .topbar | assets/css/components/shell/desktop-search.css :: .topbar | assets/css/components/shell/responsive-boundary.css :: .topbar | assets/css/components/shell/desktop-base-stability.css :: .topbar | assets/css/components/shell/app-header.css :: .topbar | assets/css/components/shell/mobile-base-stability.css :: .topbar | assets/css/components/layout/responsive-page-contract.css :: .topbar | assets/css/components/shell/doke-shell-contract.css :: .topbar
notificacoes.html,608x926,headers,.topbar.topbar--location.internal-page-topbar,aspect-ratio,7.07,,,assets/css/components/shell/desktop-topbar.css :: .topbar | assets/css/components/shell/desktop-search.css :: .topbar | assets/css/components/shell/responsive-boundary.css :: .topbar | assets/css/components/shell/desktop-base-stability.css :: .topbar | assets/css/components/shell/app-header.css :: .topbar | assets/css/components/shell/mobile-base-stability.css :: .topbar | assets/css/components/layout/responsive-page-contract.css :: .topbar | assets/css/components/shell/doke-shell-contract.css :: .topbar
notificacoes.html,608x926,headers,.app-header.app-header--orders.home-side-meta,padding.bottom,10,14,4,assets/css/patterns/internal-pages.css :: .home-side-meta | assets/css/components/forms-actions/form-action-contract.css :: .home-side-meta | assets/css/components/shell/mobile-app-shell.css :: .home-side-meta | assets/css/components/shell/desktop-topbar.css :: .home-side-meta | assets/css/components/shell/app-header.css :: .app-header | assets/css/components/shell/mobile-base-stability.css :: .home-side-meta | assets/css/components/layout/responsive-page-contract.css :: .app-header | assets/css/components/shell/doke-shell-contract.css :: .app-header
notificacoes.html,608x926,header inner,.app-header__inner,height,48,52,4,assets/css/components/shell/app-header.css :: .app-header__inner | assets/css/components/layout/responsive-page-contract.css :: .app-header__inner | assets/css/components/shell/doke-shell-contract.css :: .app-header__inner
notificacoes.html,608x926,header inner,.app-header__inner,aspect-ratio,11.92,11,-0.92,assets/css/components/shell/app-header.css :: .app-header__inner | assets/css/components/layout/responsive-page-contract.css :: .app-header__inner | assets/css/components/shell/doke-shell-contract.css :: .app-header__inner
notificacoes.html,608x926,page,document,overflow horizontal da página,608,616,8,"verificar containers com largura fixa, rails sem overflow controlado ou cards com min-width excessivo"
notificacoes.html,810x1080,headers,.topbar.topbar--location.internal-page-topbar,x,8,0,-8,assets/css/components/shell/desktop-topbar.css :: .topbar | assets/css/components/shell/desktop-search.css :: .topbar | assets/css/components/shell/responsive-boundary.css :: .topbar | assets/css/components/shell/desktop-base-stability.css :: .topbar | assets/css/components/shell/app-header.css :: .topbar | assets/css/components/shell/mobile-base-stability.css :: .topbar | assets/css/components/layout/responsive-page-contract.css :: .topbar | assets/css/components/shell/doke-shell-contract.css :: .topbar
notificacoes.html,810x1080,headers,.topbar.topbar--location.internal-page-topbar,y,8,0,-8,assets/css/components/shell/desktop-topbar.css :: .topbar | assets/css/components/shell/desktop-search.css :: .topbar | assets/css/components/shell/responsive-boundary.css :: .topbar | assets/css/components/shell/desktop-base-stability.css :: .topbar | assets/css/components/shell/app-header.css :: .topbar | assets/css/components/shell/mobile-base-stability.css :: .topbar | assets/css/components/layout/responsive-page-contract.css :: .topbar | assets/css/components/shell/doke-shell-contract.css :: .topbar
notificacoes.html,810x1080,headers,.topbar.topbar--location.internal-page-topbar,width,810,0,-810,assets/css/components/shell/desktop-topbar.css :: .topbar | assets/css/components/shell/desktop-search.css :: .topbar | assets/css/components/shell/responsive-boundary.css :: .topbar | assets/css/components/shell/desktop-base-stability.css :: .topbar | assets/css/components/shell/app-header.css :: .topbar | assets/css/components/shell/mobile-base-stability.css :: .topbar | assets/css/components/layout/responsive-page-contract.css :: .topbar | assets/css/components/shell/doke-shell-contract.css :: .topbar
notificacoes.html,810x1080,headers,.topbar.topbar--location.internal-page-topbar,height,96,0,-96,assets/css/components/shell/desktop-topbar.css :: .topbar | assets/css/components/shell/desktop-search.css :: .topbar | assets/css/components/shell/responsive-boundary.css :: .topbar | assets/css/components/shell/desktop-base-stability.css :: .topbar | assets/css/components/shell/app-header.css :: .topbar | assets/css/components/shell/mobile-base-stability.css :: .topbar | assets/css/components/layout/responsive-page-contract.css :: .topbar | assets/css/components/shell/doke-shell-contract.css :: .topbar
notificacoes.html,810x1080,headers,.topbar.topbar--location.internal-page-topbar,aspect-ratio,8.44,,,assets/css/components/shell/desktop-topbar.css :: .topbar | assets/css/components/shell/desktop-search.css :: .topbar | assets/css/components/shell/responsive-boundary.css :: .topbar | assets/css/components/shell/desktop-base-stability.css :: .topbar | assets/css/components/shell/app-header.css :: .topbar | assets/css/components/shell/mobile-base-stability.css :: .topbar | assets/css/components/layout/responsive-page-contract.css :: .topbar | assets/css/components/shell/doke-shell-contract.css :: .topbar
notificacoes.html,810x1080,headers,.topbar.topbar--location.internal-page-topbar,gap,16px,12px,-4,assets/css/components/shell/desktop-topbar.css :: .topbar | assets/css/components/shell/desktop-search.css :: .topbar | assets/css/components/shell/responsive-boundary.css :: .topbar | assets/css/components/shell/desktop-base-stability.css :: .topbar | assets/css/components/shell/app-header.css :: .topbar | assets/css/components/shell/mobile-base-stability.css :: .topbar | assets/css/components/layout/responsive-page-contract.css :: .topbar | assets/css/components/shell/doke-shell-contract.css :: .topbar
notificacoes.html,810x1080,headers,.topbar.topbar--location.internal-page-topbar,row-gap,16px,12px,-4,assets/css/components/shell/desktop-topbar.css :: .topbar | assets/css/components/shell/desktop-search.css :: .topbar | assets/css/components/shell/responsive-boundary.css :: .topbar | assets/css/components/shell/desktop-base-stability.css :: .topbar | assets/css/components/shell/app-header.css :: .topbar | assets/css/components/shell/mobile-base-stability.css :: .topbar | assets/css/components/layout/responsive-page-contract.css :: .topbar | assets/css/components/shell/doke-shell-contract.css :: .topbar
notificacoes.html,810x1080,headers,.topbar.topbar--location.internal-page-topbar,column-gap,16px,12px,-4,assets/css/components/shell/desktop-topbar.css :: .topbar | assets/css/components/shell/desktop-search.css :: .topbar | assets/css/components/shell/responsive-boundary.css :: .topbar | assets/css/components/shell/desktop-base-stability.css :: .topbar | assets/css/components/shell/app-header.css :: .topbar | assets/css/components/shell/mobile-base-stability.css :: .topbar | assets/css/components/layout/responsive-page-contract.css :: .topbar | assets/css/components/shell/doke-shell-contract.css :: .topbar
notificacoes.html,810x1080,headers,.app-header.app-header--orders.home-side-meta,height,96,86,-10,assets/css/patterns/internal-pages.css :: .home-side-meta | assets/css/components/forms-actions/form-action-contract.css :: .home-side-meta | assets/css/components/shell/mobile-app-shell.css :: .home-side-meta | assets/css/components/shell/desktop-topbar.css :: .home-side-meta | assets/css/components/shell/app-header.css :: .app-header | assets/css/components/shell/mobile-base-stability.css :: .home-side-meta | assets/css/components/layout/responsive-page-contract.css :: .app-header | assets/css/components/shell/doke-shell-contract.css :: .app-header
notificacoes.html,810x1080,headers,.app-header.app-header--orders.home-side-meta,aspect-ratio,8.44,9.42,0.98,assets/css/patterns/internal-pages.css :: .home-side-meta | assets/css/components/forms-actions/form-action-contract.css :: .home-side-meta | assets/css/components/shell/mobile-app-shell.css :: .home-side-meta | assets/css/components/shell/desktop-topbar.css :: .home-side-meta | assets/css/components/shell/app-header.css :: .app-header | assets/css/components/shell/mobile-base-stability.css :: .home-side-meta | assets/css/components/layout/responsive-page-contract.css :: .app-header | assets/css/components/shell/doke-shell-contract.css :: .app-header
notificacoes.html,810x1080,headers,.app-header.app-header--orders.home-side-meta,gap,16px,10px,-6,assets/css/patterns/internal-pages.css :: .home-side-meta | assets/css/components/forms-actions/form-action-contract.css :: .home-side-meta | assets/css/components/shell/mobile-app-shell.css :: .home-side-meta | assets/css/components/shell/desktop-topbar.css :: .home-side-meta | assets/css/components/shell/app-header.css :: .app-header | assets/css/components/shell/mobile-base-stability.css :: .home-side-meta | assets/css/components/layout/responsive-page-contract.css :: .app-header | assets/css/components/shell/doke-shell-contract.css :: .app-header
notificacoes.html,810x1080,headers,.app-header.app-header--orders.home-side-meta,row-gap,16px,10px,-6,assets/css/patterns/internal-pages.css :: .home-side-meta | assets/css/components/forms-actions/form-action-contract.css :: .home-side-meta | assets/css/components/shell/mobile-app-shell.css :: .home-side-meta | assets/css/components/shell/desktop-topbar.css :: .home-side-meta | assets/css/components/shell/app-header.css :: .app-header | assets/css/components/shell/mobile-base-stability.css :: .home-side-meta | assets/css/components/layout/responsive-page-contract.css :: .app-header | assets/css/components/shell/doke-shell-contract.css :: .app-header
notificacoes.html,810x1080,headers,.app-header.app-header--orders.home-side-meta,column-gap,16px,10px,-6,assets/css/patterns/internal-pages.css :: .home-side-meta | assets/css/components/forms-actions/form-action-contract.css :: .home-side-meta | assets/css/components/shell/mobile-app-shell.css :: .home-side-meta | assets/css/components/shell/desktop-topbar.css :: .home-side-meta | assets/css/components/shell/app-header.css :: .app-header | assets/css/components/shell/mobile-base-stability.css :: .home-side-meta | assets/css/components/layout/responsive-page-contract.css :: .app-header | assets/css/components/shell/doke-shell-contract.css :: .app-header
notificacoes.html,810x1080,header inner,.app-header__inner,x,32.3,42.02,9.72,assets/css/components/shell/app-header.css :: .app-header__inner | assets/css/components/layout/responsive-page-contract.css :: .app-header__inner | assets/css/components/shell/doke-shell-contract.css :: .app-header__inner
notificacoes.html,810x1080,header inner,.app-header__inner,width,761.39,741.95,-19.44,assets/css/components/shell/app-header.css :: .app-header__inner | assets/css/components/layout/responsive-page-contract.css :: .app-header__inner | assets/css/components/shell/doke-shell-contract.css :: .app-header__inner
notificacoes.html,810x1080,header inner,.app-header__inner,aspect-ratio,15.86,15.46,-0.4,assets/css/components/shell/app-header.css :: .app-header__inner | assets/css/components/layout/responsive-page-contract.css :: .app-header__inner | assets/css/components/shell/doke-shell-contract.css :: .app-header__inner
notificacoes.html,810x1080,header inner,.app-header__inner,gap,14px,11.34px,-2.66,assets/css/components/shell/app-header.css :: .app-header__inner | assets/css/components/layout/responsive-page-contract.css :: .app-header__inner | assets/css/components/shell/doke-shell-contract.css :: .app-header__inner
notificacoes.html,810x1080,header inner,.app-header__inner,row-gap,14px,11.34px,-2.66,assets/css/components/shell/app-header.css :: .app-header__inner | assets/css/components/layout/responsive-page-contract.css :: .app-header__inner | assets/css/components/shell/doke-shell-contract.css :: .app-header__inner
notificacoes.html,810x1080,header inner,.app-header__inner,column-gap,14px,11.34px,-2.66,assets/css/components/shell/app-header.css :: .app-header__inner | assets/css/components/layout/responsive-page-contract.css :: .app-header__inner | assets/css/components/shell/doke-shell-contract.css :: .app-header__inner
notificacoes.html,810x1080,header inner,.app-header__inner,measured-child-gap-x,,11.33,,assets/css/components/shell/app-header.css :: .app-header__inner | assets/css/components/layout/responsive-page-contract.css :: .app-header__inner | assets/css/components/shell/doke-shell-contract.css :: .app-header__inner
notificacoes.html,810x1080,page,document,overflow horizontal da página,810,818,8,"verificar containers com largura fixa, rails sem overflow controlado ou cards com min-width excessivo"
notificacoes.html,1024x768,headers,.topbar.topbar--location.internal-page-topbar,x,8,0,-8,assets/css/components/shell/desktop-topbar.css :: .topbar | assets/css/components/shell/desktop-search.css :: .topbar | assets/css/components/shell/responsive-boundary.css :: .topbar | assets/css/components/shell/desktop-base-stability.css :: .topbar | assets/css/components/shell/app-header.css :: .topbar | assets/css/components/shell/mobile-base-stability.css :: .topbar | assets/css/components/layout/responsive-page-contract.css :: .topbar | assets/css/components/shell/doke-shell-contract.css :: .topbar
notificacoes.html,1024x768,headers,.topbar.topbar--location.internal-page-topbar,y,8,0,-8,assets/css/components/shell/desktop-topbar.css :: .topbar | assets/css/components/shell/desktop-search.css :: .topbar | assets/css/components/shell/responsive-boundary.css :: .topbar | assets/css/components/shell/desktop-base-stability.css :: .topbar | assets/css/components/shell/app-header.css :: .topbar | assets/css/components/shell/mobile-base-stability.css :: .topbar | assets/css/components/layout/responsive-page-contract.css :: .topbar | assets/css/components/shell/doke-shell-contract.css :: .topbar
notificacoes.html,1024x768,headers,.topbar.topbar--location.internal-page-topbar,width,1024,0,-1024,assets/css/components/shell/desktop-topbar.css :: .topbar | assets/css/components/shell/desktop-search.css :: .topbar | assets/css/components/shell/responsive-boundary.css :: .topbar | assets/css/components/shell/desktop-base-stability.css :: .topbar | assets/css/components/shell/app-header.css :: .topbar | assets/css/components/shell/mobile-base-stability.css :: .topbar | assets/css/components/layout/responsive-page-contract.css :: .topbar | assets/css/components/shell/doke-shell-contract.css :: .topbar
notificacoes.html,1024x768,headers,.topbar.topbar--location.internal-page-topbar,height,96,0,-96,assets/css/components/shell/desktop-topbar.css :: .topbar | assets/css/components/shell/desktop-search.css :: .topbar | assets/css/components/shell/responsive-boundary.css :: .topbar | assets/css/components/shell/desktop-base-stability.css :: .topbar | assets/css/components/shell/app-header.css :: .topbar | assets/css/components/shell/mobile-base-stability.css :: .topbar | assets/css/components/layout/responsive-page-contract.css :: .topbar | assets/css/components/shell/doke-shell-contract.css :: .topbar
notificacoes.html,1024x768,headers,.topbar.topbar--location.internal-page-topbar,padding.top,22.53,20,-2.53,assets/css/components/shell/desktop-topbar.css :: .topbar | assets/css/components/shell/desktop-search.css :: .topbar | assets/css/components/shell/responsive-boundary.css :: .topbar | assets/css/components/shell/desktop-base-stability.css :: .topbar | assets/css/components/shell/app-header.css :: .topbar | assets/css/components/shell/mobile-base-stability.css :: .topbar | assets/css/components/layout/responsive-page-contract.css :: .topbar | assets/css/components/shell/doke-shell-contract.css :: .topbar
notificacoes.html,1024x768,headers,.topbar.topbar--location.internal-page-topbar,aspect-ratio,10.67,,,assets/css/components/shell/desktop-topbar.css :: .topbar | assets/css/components/shell/desktop-search.css :: .topbar | assets/css/components/shell/responsive-boundary.css :: .topbar | assets/css/components/shell/desktop-base-stability.css :: .topbar | assets/css/components/shell/app-header.css :: .topbar | assets/css/components/shell/mobile-base-stability.css :: .topbar | assets/css/components/layout/responsive-page-contract.css :: .topbar | assets/css/components/shell/doke-shell-contract.css :: .topbar
notificacoes.html,1024x768,headers,.topbar.topbar--location.internal-page-topbar,gap,16px,12px,-4,assets/css/components/shell/desktop-topbar.css :: .topbar | assets/css/components/shell/desktop-search.css :: .topbar | assets/css/components/shell/responsive-boundary.css :: .topbar | assets/css/components/shell/desktop-base-stability.css :: .topbar | assets/css/components/shell/app-header.css :: .topbar | assets/css/components/shell/mobile-base-stability.css :: .topbar | assets/css/components/layout/responsive-page-contract.css :: .topbar | assets/css/components/shell/doke-shell-contract.css :: .topbar
notificacoes.html,1024x768,headers,.topbar.topbar--location.internal-page-topbar,row-gap,16px,12px,-4,assets/css/components/shell/desktop-topbar.css :: .topbar | assets/css/components/shell/desktop-search.css :: .topbar | assets/css/components/shell/responsive-boundary.css :: .topbar | assets/css/components/shell/desktop-base-stability.css :: .topbar | assets/css/components/shell/app-header.css :: .topbar | assets/css/components/shell/mobile-base-stability.css :: .topbar | assets/css/components/layout/responsive-page-contract.css :: .topbar | assets/css/components/shell/doke-shell-contract.css :: .topbar
notificacoes.html,1024x768,headers,.topbar.topbar--location.internal-page-topbar,column-gap,16px,12px,-4,assets/css/components/shell/desktop-topbar.css :: .topbar | assets/css/components/shell/desktop-search.css :: .topbar | assets/css/components/shell/responsive-boundary.css :: .topbar | assets/css/components/shell/desktop-base-stability.css :: .topbar | assets/css/components/shell/app-header.css :: .topbar | assets/css/components/shell/mobile-base-stability.css :: .topbar | assets/css/components/layout/responsive-page-contract.css :: .topbar | assets/css/components/shell/doke-shell-contract.css :: .topbar
notificacoes.html,1024x768,headers,.app-header.app-header--orders.home-side-meta,height,96,86,-10,assets/css/patterns/internal-pages.css :: .home-side-meta | assets/css/components/forms-actions/form-action-contract.css :: .home-side-meta | assets/css/components/shell/mobile-app-shell.css :: .home-side-meta | assets/css/components/shell/desktop-topbar.css :: .home-side-meta | assets/css/components/shell/app-header.css :: .app-header | assets/css/components/shell/mobile-base-stability.css :: .home-side-meta | assets/css/components/layout/responsive-page-contract.css :: .app-header | assets/css/components/shell/doke-shell-contract.css :: .app-header
notificacoes.html,1024x768,headers,.app-header.app-header--orders.home-side-meta,padding.top,22.53,20,-2.53,assets/css/patterns/internal-pages.css :: .home-side-meta | assets/css/components/forms-actions/form-action-contract.css :: .home-side-meta | assets/css/components/shell/mobile-app-shell.css :: .home-side-meta | assets/css/components/shell/desktop-topbar.css :: .home-side-meta | assets/css/components/shell/app-header.css :: .app-header | assets/css/components/shell/mobile-base-stability.css :: .home-side-meta | assets/css/components/layout/responsive-page-contract.css :: .app-header | assets/css/components/shell/doke-shell-contract.css :: .app-header
notificacoes.html,1024x768,headers,.app-header.app-header--orders.home-side-meta,aspect-ratio,10.67,11.91,1.24,assets/css/patterns/internal-pages.css :: .home-side-meta | assets/css/components/forms-actions/form-action-contract.css :: .home-side-meta | assets/css/components/shell/mobile-app-shell.css :: .home-side-meta | assets/css/components/shell/desktop-topbar.css :: .home-side-meta | assets/css/components/shell/app-header.css :: .app-header | assets/css/components/shell/mobile-base-stability.css :: .home-side-meta | assets/css/components/layout/responsive-page-contract.css :: .app-header | assets/css/components/shell/doke-shell-contract.css :: .app-header
notificacoes.html,1024x768,headers,.app-header.app-header--orders.home-side-meta,gap,16px,10px,-6,assets/css/patterns/internal-pages.css :: .home-side-meta | assets/css/components/forms-actions/form-action-contract.css :: .home-side-meta | assets/css/components/shell/mobile-app-shell.css :: .home-side-meta | assets/css/components/shell/desktop-topbar.css :: .home-side-meta | assets/css/components/shell/app-header.css :: .app-header | assets/css/components/shell/mobile-base-stability.css :: .home-side-meta | assets/css/components/layout/responsive-page-contract.css :: .app-header | assets/css/components/shell/doke-shell-contract.css :: .app-header
notificacoes.html,1024x768,headers,.app-header.app-header--orders.home-side-meta,row-gap,16px,10px,-6,assets/css/patterns/internal-pages.css :: .home-side-meta | assets/css/components/forms-actions/form-action-contract.css :: .home-side-meta | assets/css/components/shell/mobile-app-shell.css :: .home-side-meta | assets/css/components/shell/desktop-topbar.css :: .home-side-meta | assets/css/components/shell/app-header.css :: .app-header | assets/css/components/shell/mobile-base-stability.css :: .home-side-meta | assets/css/components/layout/responsive-page-contract.css :: .app-header | assets/css/components/shell/doke-shell-contract.css :: .app-header
notificacoes.html,1024x768,headers,.app-header.app-header--orders.home-side-meta,column-gap,16px,10px,-6,assets/css/patterns/internal-pages.css :: .home-side-meta | assets/css/components/forms-actions/form-action-contract.css :: .home-side-meta | assets/css/components/shell/mobile-app-shell.css :: .home-side-meta | assets/css/components/shell/desktop-topbar.css :: .home-side-meta | assets/css/components/shell/app-header.css :: .app-header | assets/css/components/shell/mobile-base-stability.css :: .home-side-meta | assets/css/components/layout/responsive-page-contract.css :: .app-header | assets/css/components/shell/doke-shell-contract.css :: .app-header
notificacoes.html,1024x768,header inner,.app-header__inner,x,38.72,60,21.28,assets/css/components/shell/app-header.css :: .app-header__inner | assets/css/components/layout/responsive-page-contract.css :: .app-header__inner | assets/css/components/shell/doke-shell-contract.css :: .app-header__inner
notificacoes.html,1024x768,header inner,.app-header__inner,y,30.52,28,-2.52,assets/css/components/shell/app-header.css :: .app-header__inner | assets/css/components/layout/responsive-page-contract.css :: .app-header__inner | assets/css/components/shell/doke-shell-contract.css :: .app-header__inner
notificacoes.html,1024x768,header inner,.app-header__inner,width,962.55,920,-42.55,assets/css/components/shell/app-header.css :: .app-header__inner | assets/css/components/layout/responsive-page-contract.css :: .app-header__inner | assets/css/components/shell/doke-shell-contract.css :: .app-header__inner
notificacoes.html,1024x768,header inner,.app-header__inner,aspect-ratio,20.05,19.17,-0.88,assets/css/components/shell/app-header.css :: .app-header__inner | assets/css/components/layout/responsive-page-contract.css :: .app-header__inner | assets/css/components/shell/doke-shell-contract.css :: .app-header__inner
notificacoes.html,1024x768,header inner,.app-header__inner,measured-child-gap-x,,12,,assets/css/components/shell/app-header.css :: .app-header__inner | assets/css/components/layout/responsive-page-contract.css :: .app-header__inner | assets/css/components/shell/doke-shell-contract.css :: .app-header__inner
notificacoes.html,1024x768,page,document,overflow horizontal da página,1024,1032,8,"verificar containers com largura fixa, rails sem overflow controlado ou cards com min-width excessivo"
notificacoes.html,1280x800,headers,.topbar.topbar--location.internal-page-topbar,x,280,0,-280,assets/css/components/shell/desktop-topbar.css :: .topbar | assets/css/components/shell/desktop-search.css :: .topbar | assets/css/components/shell/responsive-boundary.css :: .topbar | assets/css/components/shell/desktop-base-stability.css :: .topbar | assets/css/components/shell/app-header.css :: .topbar | assets/css/components/shell/mobile-base-stability.css :: .topbar | assets/css/components/layout/responsive-page-contract.css :: .topbar | assets/css/components/shell/doke-shell-contract.css :: .topbar
notificacoes.html,1280x800,headers,.topbar.topbar--location.internal-page-topbar,y,8,0,-8,assets/css/components/shell/desktop-topbar.css :: .topbar | assets/css/components/shell/desktop-search.css :: .topbar | assets/css/components/shell/responsive-boundary.css :: .topbar | assets/css/components/shell/desktop-base-stability.css :: .topbar | assets/css/components/shell/app-header.css :: .topbar | assets/css/components/shell/mobile-base-stability.css :: .topbar | assets/css/components/layout/responsive-page-contract.css :: .topbar | assets/css/components/shell/doke-shell-contract.css :: .topbar
notificacoes.html,1280x800,headers,.topbar.topbar--location.internal-page-topbar,width,1008,0,-1008,assets/css/components/shell/desktop-topbar.css :: .topbar | assets/css/components/shell/desktop-search.css :: .topbar | assets/css/components/shell/responsive-boundary.css :: .topbar | assets/css/components/shell/desktop-base-stability.css :: .topbar | assets/css/components/shell/app-header.css :: .topbar | assets/css/components/shell/mobile-base-stability.css :: .topbar | assets/css/components/layout/responsive-page-contract.css :: .topbar | assets/css/components/shell/doke-shell-contract.css :: .topbar
notificacoes.html,1280x800,headers,.topbar.topbar--location.internal-page-topbar,height,96,0,-96,assets/css/components/shell/desktop-topbar.css :: .topbar | assets/css/components/shell/desktop-search.css :: .topbar | assets/css/components/shell/responsive-boundary.css :: .topbar | assets/css/components/shell/desktop-base-stability.css :: .topbar | assets/css/components/shell/app-header.css :: .topbar | assets/css/components/shell/mobile-base-stability.css :: .topbar | assets/css/components/layout/responsive-page-contract.css :: .topbar | assets/css/components/shell/doke-shell-contract.css :: .topbar
notificacoes.html,1280x800,headers,.topbar.topbar--location.internal-page-topbar,padding.top,28.16,14,-14.16,assets/css/components/shell/desktop-topbar.css :: .topbar | assets/css/components/shell/desktop-search.css :: .topbar | assets/css/components/shell/responsive-boundary.css :: .topbar | assets/css/components/shell/desktop-base-stability.css :: .topbar | assets/css/components/shell/app-header.css :: .topbar | assets/css/components/shell/mobile-base-stability.css :: .topbar | assets/css/components/layout/responsive-page-contract.css :: .topbar | assets/css/components/shell/doke-shell-contract.css :: .topbar
notificacoes.html,1280x800,headers,.topbar.topbar--location.internal-page-topbar,padding.right,38.4,0,-38.4,assets/css/components/shell/desktop-topbar.css :: .topbar | assets/css/components/shell/desktop-search.css :: .topbar | assets/css/components/shell/responsive-boundary.css :: .topbar | assets/css/components/shell/desktop-base-stability.css :: .topbar | assets/css/components/shell/app-header.css :: .topbar | assets/css/components/shell/mobile-base-stability.css :: .topbar | assets/css/components/layout/responsive-page-contract.css :: .topbar | assets/css/components/shell/doke-shell-contract.css :: .topbar
notificacoes.html,1280x800,headers,.topbar.topbar--location.internal-page-topbar,padding.bottom,19.2,10,-9.2,assets/css/components/shell/desktop-topbar.css :: .topbar | assets/css/components/shell/desktop-search.css :: .topbar | assets/css/components/shell/responsive-boundary.css :: .topbar | assets/css/components/shell/desktop-base-stability.css :: .topbar | assets/css/components/shell/app-header.css :: .topbar | assets/css/components/shell/mobile-base-stability.css :: .topbar | assets/css/components/layout/responsive-page-contract.css :: .topbar | assets/css/components/shell/doke-shell-contract.css :: .topbar
notificacoes.html,1280x800,headers,.topbar.topbar--location.internal-page-topbar,padding.left,38.4,0,-38.4,assets/css/components/shell/desktop-topbar.css :: .topbar | assets/css/components/shell/desktop-search.css :: .topbar | assets/css/components/shell/responsive-boundary.css :: .topbar | assets/css/components/shell/desktop-base-stability.css :: .topbar | assets/css/components/shell/app-header.css :: .topbar | assets/css/components/shell/mobile-base-stability.css :: .topbar | assets/css/components/layout/responsive-page-contract.css :: .topbar | assets/css/components/shell/doke-shell-contract.css :: .topbar
notificacoes.html,1280x800,headers,.topbar.topbar--location.internal-page-topbar,aspect-ratio,10.5,,,assets/css/components/shell/desktop-topbar.css :: .topbar | assets/css/components/shell/desktop-search.css :: .topbar | assets/css/components/shell/responsive-boundary.css :: .topbar | assets/css/components/shell/desktop-base-stability.css :: .topbar | assets/css/components/shell/app-header.css :: .topbar | assets/css/components/shell/mobile-base-stability.css :: .topbar | assets/css/components/layout/responsive-page-contract.css :: .topbar | assets/css/components/shell/doke-shell-contract.css :: .topbar
notificacoes.html,1280x800,headers,.topbar.topbar--location.internal-page-topbar,gap,16px,12px,-4,assets/css/components/shell/desktop-topbar.css :: .topbar | assets/css/components/shell/desktop-search.css :: .topbar | assets/css/components/shell/responsive-boundary.css :: .topbar | assets/css/components/shell/desktop-base-stability.css :: .topbar | assets/css/components/shell/app-header.css :: .topbar | assets/css/components/shell/mobile-base-stability.css :: .topbar | assets/css/components/layout/responsive-page-contract.css :: .topbar | assets/css/components/shell/doke-shell-contract.css :: .topbar
notificacoes.html,1280x800,headers,.topbar.topbar--location.internal-page-topbar,row-gap,16px,12px,-4,assets/css/components/shell/desktop-topbar.css :: .topbar | assets/css/components/shell/desktop-search.css :: .topbar | assets/css/components/shell/responsive-boundary.css :: .topbar | assets/css/components/shell/desktop-base-stability.css :: .topbar | assets/css/components/shell/app-header.css :: .topbar | assets/css/components/shell/mobile-base-stability.css :: .topbar | assets/css/components/layout/responsive-page-contract.css :: .topbar | assets/css/components/shell/doke-shell-contract.css :: .topbar
notificacoes.html,1280x800,headers,.topbar.topbar--location.internal-page-topbar,column-gap,16px,12px,-4,assets/css/components/shell/desktop-topbar.css :: .topbar | assets/css/components/shell/desktop-search.css :: .topbar | assets/css/components/shell/responsive-boundary.css :: .topbar | assets/css/components/shell/desktop-base-stability.css :: .topbar | assets/css/components/shell/app-header.css :: .topbar | assets/css/components/shell/mobile-base-stability.css :: .topbar | assets/css/components/layout/responsive-page-contract.css :: .topbar | assets/css/components/shell/doke-shell-contract.css :: .topbar
notificacoes.html,1280x800,headers,.app-header.app-header--orders.home-side-meta,x,280,326.41,46.41,assets/css/patterns/internal-pages.css :: .home-side-meta | assets/css/components/forms-actions/form-action-contract.css :: .home-side-meta | assets/css/components/shell/mobile-app-shell.css :: .home-side-meta | assets/css/components/shell/desktop-topbar.css :: .home-side-meta | assets/css/components/shell/app-header.css :: .app-header | assets/css/components/shell/mobile-base-stability.css :: .home-side-meta | assets/css/components/layout/responsive-page-contract.css :: .app-header | assets/css/components/shell/doke-shell-contract.css :: .app-header
notificacoes.html,1280x800,headers,.app-header.app-header--orders.home-side-meta,width,1008,923.19,-84.81,assets/css/patterns/internal-pages.css :: .home-side-meta | assets/css/components/forms-actions/form-action-contract.css :: .home-side-meta | assets/css/components/shell/mobile-app-shell.css :: .home-side-meta | assets/css/components/shell/desktop-topbar.css :: .home-side-meta | assets/css/components/shell/app-header.css :: .app-header | assets/css/components/shell/mobile-base-stability.css :: .home-side-meta | assets/css/components/layout/responsive-page-contract.css :: .app-header | assets/css/components/shell/doke-shell-contract.css :: .app-header
notificacoes.html,1280x800,headers,.app-header.app-header--orders.home-side-meta,padding.right,38.4,0,-38.4,assets/css/patterns/internal-pages.css :: .home-side-meta | assets/css/components/forms-actions/form-action-contract.css :: .home-side-meta | assets/css/components/shell/mobile-app-shell.css :: .home-side-meta | assets/css/components/shell/desktop-topbar.css :: .home-side-meta | assets/css/components/shell/app-header.css :: .app-header | assets/css/components/shell/mobile-base-stability.css :: .home-side-meta | assets/css/components/layout/responsive-page-contract.css :: .app-header | assets/css/components/shell/doke-shell-contract.css :: .app-header
notificacoes.html,1280x800,headers,.app-header.app-header--orders.home-side-meta,padding.left,38.4,0,-38.4,assets/css/patterns/internal-pages.css :: .home-side-meta | assets/css/components/forms-actions/form-action-contract.css :: .home-side-meta | assets/css/components/shell/mobile-app-shell.css :: .home-side-meta | assets/css/components/shell/desktop-topbar.css :: .home-side-meta | assets/css/components/shell/app-header.css :: .app-header | assets/css/components/shell/mobile-base-stability.css :: .home-side-meta | assets/css/components/layout/responsive-page-contract.css :: .app-header | assets/css/components/shell/doke-shell-contract.css :: .app-header
notificacoes.html,1280x800,headers,.app-header.app-header--orders.home-side-meta,aspect-ratio,10.5,9.62,-0.88,assets/css/patterns/internal-pages.css :: .home-side-meta | assets/css/components/forms-actions/form-action-contract.css :: .home-side-meta | assets/css/components/shell/mobile-app-shell.css :: .home-side-meta | assets/css/components/shell/desktop-topbar.css :: .home-side-meta | assets/css/components/shell/app-header.css :: .app-header | assets/css/components/shell/mobile-base-stability.css :: .home-side-meta | assets/css/components/layout/responsive-page-contract.css :: .app-header | assets/css/components/shell/doke-shell-contract.css :: .app-header
notificacoes.html,1280x800,header inner,.app-header__inner,x,366.39,326.41,-39.98,assets/css/components/shell/app-header.css :: .app-header__inner | assets/css/components/layout/responsive-page-contract.css :: .app-header__inner | assets/css/components/shell/doke-shell-contract.css :: .app-header__inner
notificacoes.html,1280x800,header inner,.app-header__inner,width,835.22,923.19,87.97,assets/css/components/shell/app-header.css :: .app-header__inner | assets/css/components/layout/responsive-page-contract.css :: .app-header__inner | assets/css/components/shell/doke-shell-contract.css :: .app-header__inner
notificacoes.html,1280x800,header inner,.app-header__inner,aspect-ratio,17.4,19.23,1.83,assets/css/components/shell/app-header.css :: .app-header__inner | assets/css/components/layout/responsive-page-contract.css :: .app-header__inner | assets/css/components/shell/doke-shell-contract.css :: .app-header__inner
notificacoes.html,1280x800,page,document,overflow horizontal da página,1280,1288,8,"verificar containers com largura fixa, rails sem overflow controlado ou cards com min-width excessivo"
comunidade.html,390x844,headers,.topbar.topbar--location.internal-page-topbar,x,0,8,8,assets/css/components/shell/desktop-search.css :: .topbar | assets/css/components/shell/responsive-boundary.css :: .topbar | assets/css/components/shell/desktop-base-stability.css :: .topbar | assets/css/components/shell/mobile-base-stability.css :: .topbar | assets/css/components/shell/app-header.css :: .topbar | assets/css/components/layout/responsive-page-contract.css :: .topbar | assets/css/components/shell/doke-shell-contract.css :: .topbar | assets/css/pages/comunidade/mobile-layout-contract.css :: .topbar
comunidade.html,390x844,headers,.topbar.topbar--location.internal-page-topbar,y,0,8,8,assets/css/components/shell/desktop-search.css :: .topbar | assets/css/components/shell/responsive-boundary.css :: .topbar | assets/css/components/shell/desktop-base-stability.css :: .topbar | assets/css/components/shell/mobile-base-stability.css :: .topbar | assets/css/components/shell/app-header.css :: .topbar | assets/css/components/layout/responsive-page-contract.css :: .topbar | assets/css/components/shell/doke-shell-contract.css :: .topbar | assets/css/pages/comunidade/mobile-layout-contract.css :: .topbar
comunidade.html,390x844,headers,.topbar.topbar--location.internal-page-topbar,width,0,390,390,assets/css/components/shell/desktop-search.css :: .topbar | assets/css/components/shell/responsive-boundary.css :: .topbar | assets/css/components/shell/desktop-base-stability.css :: .topbar | assets/css/components/shell/mobile-base-stability.css :: .topbar | assets/css/components/shell/app-header.css :: .topbar | assets/css/components/layout/responsive-page-contract.css :: .topbar | assets/css/components/shell/doke-shell-contract.css :: .topbar | assets/css/pages/comunidade/mobile-layout-contract.css :: .topbar
comunidade.html,390x844,headers,.topbar.topbar--location.internal-page-topbar,height,0,196,196,assets/css/components/shell/desktop-search.css :: .topbar | assets/css/components/shell/responsive-boundary.css :: .topbar | assets/css/components/shell/desktop-base-stability.css :: .topbar | assets/css/components/shell/mobile-base-stability.css :: .topbar | assets/css/components/shell/app-header.css :: .topbar | assets/css/components/layout/responsive-page-contract.css :: .topbar | assets/css/components/shell/doke-shell-contract.css :: .topbar | assets/css/pages/comunidade/mobile-layout-contract.css :: .topbar
comunidade.html,390x844,headers,.topbar.topbar--location.internal-page-topbar,padding.top,0,6,6,assets/css/components/shell/desktop-search.css :: .topbar | assets/css/components/shell/responsive-boundary.css :: .topbar | assets/css/components/shell/desktop-base-stability.css :: .topbar | assets/css/components/shell/mobile-base-stability.css :: .topbar | assets/css/components/shell/app-header.css :: .topbar | assets/css/components/layout/responsive-page-contract.css :: .topbar | assets/css/components/shell/doke-shell-contract.css :: .topbar | assets/css/pages/comunidade/mobile-layout-contract.css :: .topbar
comunidade.html,390x844,headers,.topbar.topbar--location.internal-page-topbar,padding.right,0,12,12,assets/css/components/shell/desktop-search.css :: .topbar | assets/css/components/shell/responsive-boundary.css :: .topbar | assets/css/components/shell/desktop-base-stability.css :: .topbar | assets/css/components/shell/mobile-base-stability.css :: .topbar | assets/css/components/shell/app-header.css :: .topbar | assets/css/components/layout/responsive-page-contract.css :: .topbar | assets/css/components/shell/doke-shell-contract.css :: .topbar | assets/css/pages/comunidade/mobile-layout-contract.css :: .topbar
comunidade.html,390x844,headers,.topbar.topbar--location.internal-page-topbar,padding.bottom,0,8,8,assets/css/components/shell/desktop-search.css :: .topbar | assets/css/components/shell/responsive-boundary.css :: .topbar | assets/css/components/shell/desktop-base-stability.css :: .topbar | assets/css/components/shell/mobile-base-stability.css :: .topbar | assets/css/components/shell/app-header.css :: .topbar | assets/css/components/layout/responsive-page-contract.css :: .topbar | assets/css/components/shell/doke-shell-contract.css :: .topbar | assets/css/pages/comunidade/mobile-layout-contract.css :: .topbar
comunidade.html,390x844,headers,.topbar.topbar--location.internal-page-topbar,padding.left,0,12,12,assets/css/components/shell/desktop-search.css :: .topbar | assets/css/components/shell/responsive-boundary.css :: .topbar | assets/css/components/shell/desktop-base-stability.css :: .topbar | assets/css/components/shell/mobile-base-stability.css :: .topbar | assets/css/components/shell/app-header.css :: .topbar | assets/css/components/layout/responsive-page-contract.css :: .topbar | assets/css/components/shell/doke-shell-contract.css :: .topbar | assets/css/pages/comunidade/mobile-layout-contract.css :: .topbar
comunidade.html,390x844,headers,.topbar.topbar--location.internal-page-topbar,aspect-ratio,,1.99,,assets/css/components/shell/desktop-search.css :: .topbar | assets/css/components/shell/responsive-boundary.css :: .topbar | assets/css/components/shell/desktop-base-stability.css :: .topbar | assets/css/components/shell/mobile-base-stability.css :: .topbar | assets/css/components/shell/app-header.css :: .topbar | assets/css/components/layout/responsive-page-contract.css :: .topbar | assets/css/components/shell/doke-shell-contract.css :: .topbar | assets/css/pages/comunidade/mobile-layout-contract.css :: .topbar
comunidade.html,390x844,headers,.topbar.topbar--location.internal-page-topbar,measured-child-gap-y,,0,,assets/css/components/shell/desktop-search.css :: .topbar | assets/css/components/shell/responsive-boundary.css :: .topbar | assets/css/components/shell/desktop-base-stability.css :: .topbar | assets/css/components/shell/mobile-base-stability.css :: .topbar | assets/css/components/shell/app-header.css :: .topbar | assets/css/components/layout/responsive-page-contract.css :: .topbar | assets/css/components/shell/doke-shell-contract.css :: .topbar | assets/css/pages/comunidade/mobile-layout-contract.css :: .topbar
comunidade.html,390x844,page,document,overflow horizontal da página,390,398,8,"verificar containers com largura fixa, rails sem overflow controlado ou cards com min-width excessivo"
comunidade.html,608x926,headers,.topbar.topbar--location.internal-page-topbar,x,8,0,-8,assets/css/components/shell/desktop-search.css :: .topbar | assets/css/components/shell/responsive-boundary.css :: .topbar | assets/css/components/shell/desktop-base-stability.css :: .topbar | assets/css/components/shell/mobile-base-stability.css :: .topbar | assets/css/components/shell/app-header.css :: .topbar | assets/css/components/layout/responsive-page-contract.css :: .topbar | assets/css/components/shell/doke-shell-contract.css :: .topbar | assets/css/pages/comunidade/mobile-layout-contract.css :: .topbar
comunidade.html,608x926,headers,.topbar.topbar--location.internal-page-topbar,y,8,0,-8,assets/css/components/shell/desktop-search.css :: .topbar | assets/css/components/shell/responsive-boundary.css :: .topbar | assets/css/components/shell/desktop-base-stability.css :: .topbar | assets/css/components/shell/mobile-base-stability.css :: .topbar | assets/css/components/shell/app-header.css :: .topbar | assets/css/components/layout/responsive-page-contract.css :: .topbar | assets/css/components/shell/doke-shell-contract.css :: .topbar | assets/css/pages/comunidade/mobile-layout-contract.css :: .topbar
comunidade.html,608x926,headers,.topbar.topbar--location.internal-page-topbar,width,608,0,-608,assets/css/components/shell/desktop-search.css :: .topbar | assets/css/components/shell/responsive-boundary.css :: .topbar | assets/css/components/shell/desktop-base-stability.css :: .topbar | assets/css/components/shell/mobile-base-stability.css :: .topbar | assets/css/components/shell/app-header.css :: .topbar | assets/css/components/layout/responsive-page-contract.css :: .topbar | assets/css/components/shell/doke-shell-contract.css :: .topbar | assets/css/pages/comunidade/mobile-layout-contract.css :: .topbar
comunidade.html,608x926,headers,.topbar.topbar--location.internal-page-topbar,height,86,0,-86,assets/css/components/shell/desktop-search.css :: .topbar | assets/css/components/shell/responsive-boundary.css :: .topbar | assets/css/components/shell/desktop-base-stability.css :: .topbar | assets/css/components/shell/mobile-base-stability.css :: .topbar | assets/css/components/shell/app-header.css :: .topbar | assets/css/components/layout/responsive-page-contract.css :: .topbar | assets/css/components/shell/doke-shell-contract.css :: .topbar | assets/css/pages/comunidade/mobile-layout-contract.css :: .topbar
comunidade.html,608x926,headers,.topbar.topbar--location.internal-page-topbar,padding.top,18,0,-18,assets/css/components/shell/desktop-search.css :: .topbar | assets/css/components/shell/responsive-boundary.css :: .topbar | assets/css/components/shell/desktop-base-stability.css :: .topbar | assets/css/components/shell/mobile-base-stability.css :: .topbar | assets/css/components/shell/app-header.css :: .topbar | assets/css/components/layout/responsive-page-contract.css :: .topbar | assets/css/components/shell/doke-shell-contract.css :: .topbar | assets/css/pages/comunidade/mobile-layout-contract.css :: .topbar
comunidade.html,608x926,headers,.topbar.topbar--location.internal-page-topbar,padding.bottom,10,0,-10,assets/css/components/shell/desktop-search.css :: .topbar | assets/css/components/shell/responsive-boundary.css :: .topbar | assets/css/components/shell/desktop-base-stability.css :: .topbar | assets/css/components/shell/mobile-base-stability.css :: .topbar | assets/css/components/shell/app-header.css :: .topbar | assets/css/components/layout/responsive-page-contract.css :: .topbar | assets/css/components/shell/doke-shell-contract.css :: .topbar | assets/css/pages/comunidade/mobile-layout-contract.css :: .topbar
comunidade.html,608x926,headers,.topbar.topbar--location.internal-page-topbar,aspect-ratio,7.07,,,assets/css/components/shell/desktop-search.css :: .topbar | assets/css/components/shell/responsive-boundary.css :: .topbar | assets/css/components/shell/desktop-base-stability.css :: .topbar | assets/css/components/shell/mobile-base-stability.css :: .topbar | assets/css/components/shell/app-header.css :: .topbar | assets/css/components/layout/responsive-page-contract.css :: .topbar | assets/css/components/shell/doke-shell-contract.css :: .topbar | assets/css/pages/comunidade/mobile-layout-contract.css :: .topbar
comunidade.html,608x926,headers,.app-header.app-header--communities.home-side-meta,height,86,96,10,assets/css/core/responsive-audit.css :: .home-side-meta | assets/css/components/shell/mobile-app-shell.css :: .home-side-meta | assets/css/components/shell/desktop-topbar.css :: .home-side-meta | assets/css/components/shell/mobile-base-stability.css :: .home-side-meta | assets/css/components/shell/app-header.css :: .app-header | assets/css/components/layout/responsive-page-contract.css :: .app-header | assets/css/components/shell/doke-shell-contract.css :: .app-header | assets/css/pages/comunidade/mobile-layout-contract.css :: .app-header
comunidade.html,608x926,headers,.app-header.app-header--communities.home-side-meta,aspect-ratio,7.07,6.33,-0.74,assets/css/core/responsive-audit.css :: .home-side-meta | assets/css/components/shell/mobile-app-shell.css :: .home-side-meta | assets/css/components/shell/desktop-topbar.css :: .home-side-meta | assets/css/components/shell/mobile-base-stability.css :: .home-side-meta | assets/css/components/shell/app-header.css :: .app-header | assets/css/components/layout/responsive-page-contract.css :: .app-header | assets/css/components/shell/doke-shell-contract.css :: .app-header | assets/css/pages/comunidade/mobile-layout-contract.css :: .app-header
comunidade.html,608x926,page,document,overflow horizontal da página,608,616,8,"verificar containers com largura fixa, rails sem overflow controlado ou cards com min-width excessivo"
comunidade.html,810x1080,headers,.topbar.topbar--location.internal-page-topbar,x,8,0,-8,assets/css/components/shell/desktop-search.css :: .topbar | assets/css/components/shell/responsive-boundary.css :: .topbar | assets/css/components/shell/desktop-base-stability.css :: .topbar | assets/css/components/shell/mobile-base-stability.css :: .topbar | assets/css/components/shell/app-header.css :: .topbar | assets/css/components/layout/responsive-page-contract.css :: .topbar | assets/css/components/shell/doke-shell-contract.css :: .topbar | assets/css/pages/comunidade/mobile-layout-contract.css :: .topbar
comunidade.html,810x1080,headers,.topbar.topbar--location.internal-page-topbar,y,8,0,-8,assets/css/components/shell/desktop-search.css :: .topbar | assets/css/components/shell/responsive-boundary.css :: .topbar | assets/css/components/shell/desktop-base-stability.css :: .topbar | assets/css/components/shell/mobile-base-stability.css :: .topbar | assets/css/components/shell/app-header.css :: .topbar | assets/css/components/layout/responsive-page-contract.css :: .topbar | assets/css/components/shell/doke-shell-contract.css :: .topbar | assets/css/pages/comunidade/mobile-layout-contract.css :: .topbar
comunidade.html,810x1080,headers,.topbar.topbar--location.internal-page-topbar,width,810,0,-810,assets/css/components/shell/desktop-search.css :: .topbar | assets/css/components/shell/responsive-boundary.css :: .topbar | assets/css/components/shell/desktop-base-stability.css :: .topbar | assets/css/components/shell/mobile-base-stability.css :: .topbar | assets/css/components/shell/app-header.css :: .topbar | assets/css/components/layout/responsive-page-contract.css :: .topbar | assets/css/components/shell/doke-shell-contract.css :: .topbar | assets/css/pages/comunidade/mobile-layout-contract.css :: .topbar
comunidade.html,810x1080,headers,.topbar.topbar--location.internal-page-topbar,height,96,0,-96,assets/css/components/shell/desktop-search.css :: .topbar | assets/css/components/shell/responsive-boundary.css :: .topbar | assets/css/components/shell/desktop-base-stability.css :: .topbar | assets/css/components/shell/mobile-base-stability.css :: .topbar | assets/css/components/shell/app-header.css :: .topbar | assets/css/components/layout/responsive-page-contract.css :: .topbar | assets/css/components/shell/doke-shell-contract.css :: .topbar | assets/css/pages/comunidade/mobile-layout-contract.css :: .topbar
comunidade.html,810x1080,headers,.topbar.topbar--location.internal-page-topbar,aspect-ratio,8.44,,,assets/css/components/shell/desktop-search.css :: .topbar | assets/css/components/shell/responsive-boundary.css :: .topbar | assets/css/components/shell/desktop-base-stability.css :: .topbar | assets/css/components/shell/mobile-base-stability.css :: .topbar | assets/css/components/shell/app-header.css :: .topbar | assets/css/components/layout/responsive-page-contract.css :: .topbar | assets/css/components/shell/doke-shell-contract.css :: .topbar | assets/css/pages/comunidade/mobile-layout-contract.css :: .topbar
comunidade.html,810x1080,headers,.topbar.topbar--location.internal-page-topbar,gap,16px,12px,-4,assets/css/components/shell/desktop-search.css :: .topbar | assets/css/components/shell/responsive-boundary.css :: .topbar | assets/css/components/shell/desktop-base-stability.css :: .topbar | assets/css/components/shell/mobile-base-stability.css :: .topbar | assets/css/components/shell/app-header.css :: .topbar | assets/css/components/layout/responsive-page-contract.css :: .topbar | assets/css/components/shell/doke-shell-contract.css :: .topbar | assets/css/pages/comunidade/mobile-layout-contract.css :: .topbar
comunidade.html,810x1080,headers,.topbar.topbar--location.internal-page-topbar,row-gap,16px,12px,-4,assets/css/components/shell/desktop-search.css :: .topbar | assets/css/components/shell/responsive-boundary.css :: .topbar | assets/css/components/shell/desktop-base-stability.css :: .topbar | assets/css/components/shell/mobile-base-stability.css :: .topbar | assets/css/components/shell/app-header.css :: .topbar | assets/css/components/layout/responsive-page-contract.css :: .topbar | assets/css/components/shell/doke-shell-contract.css :: .topbar | assets/css/pages/comunidade/mobile-layout-contract.css :: .topbar
comunidade.html,810x1080,headers,.topbar.topbar--location.internal-page-topbar,column-gap,16px,12px,-4,assets/css/components/shell/desktop-search.css :: .topbar | assets/css/components/shell/responsive-boundary.css :: .topbar | assets/css/components/shell/desktop-base-stability.css :: .topbar | assets/css/components/shell/mobile-base-stability.css :: .topbar | assets/css/components/shell/app-header.css :: .topbar | assets/css/components/layout/responsive-page-contract.css :: .topbar | assets/css/components/shell/doke-shell-contract.css :: .topbar | assets/css/pages/comunidade/mobile-layout-contract.css :: .topbar
comunidade.html,810x1080,headers,.app-header.app-header--communities.home-side-meta,height,96,86,-10,assets/css/core/responsive-audit.css :: .home-side-meta | assets/css/components/shell/mobile-app-shell.css :: .home-side-meta | assets/css/components/shell/desktop-topbar.css :: .home-side-meta | assets/css/components/shell/mobile-base-stability.css :: .home-side-meta | assets/css/components/shell/app-header.css :: .app-header | assets/css/components/layout/responsive-page-contract.css :: .app-header | assets/css/components/shell/doke-shell-contract.css :: .app-header | assets/css/pages/comunidade/mobile-layout-contract.css :: .app-header
comunidade.html,810x1080,headers,.app-header.app-header--communities.home-side-meta,aspect-ratio,8.44,9.42,0.98,assets/css/core/responsive-audit.css :: .home-side-meta | assets/css/components/shell/mobile-app-shell.css :: .home-side-meta | assets/css/components/shell/desktop-topbar.css :: .home-side-meta | assets/css/components/shell/mobile-base-stability.css :: .home-side-meta | assets/css/components/shell/app-header.css :: .app-header | assets/css/components/layout/responsive-page-contract.css :: .app-header | assets/css/components/shell/doke-shell-contract.css :: .app-header | assets/css/pages/comunidade/mobile-layout-contract.css :: .app-header
comunidade.html,810x1080,header inner,.app-header__inner,x,32.3,42.02,9.72,assets/css/components/shell/app-header.css :: .app-header__inner | assets/css/components/layout/responsive-page-contract.css :: .app-header__inner | assets/css/components/shell/doke-shell-contract.css :: .app-header__inner | assets/css/pages/comunidade/mobile-layout-contract.css :: .app-header__inner
comunidade.html,810x1080,header inner,.app-header__inner,width,761.39,741.95,-19.44,assets/css/components/shell/app-header.css :: .app-header__inner | assets/css/components/layout/responsive-page-contract.css :: .app-header__inner | assets/css/components/shell/doke-shell-contract.css :: .app-header__inner | assets/css/pages/comunidade/mobile-layout-contract.css :: .app-header__inner
comunidade.html,810x1080,header inner,.app-header__inner,aspect-ratio,15.86,15.46,-0.4,assets/css/components/shell/app-header.css :: .app-header__inner | assets/css/components/layout/responsive-page-contract.css :: .app-header__inner | assets/css/components/shell/doke-shell-contract.css :: .app-header__inner | assets/css/pages/comunidade/mobile-layout-contract.css :: .app-header__inner
comunidade.html,810x1080,header inner,.app-header__inner,gap,14px,11.34px,-2.66,assets/css/components/shell/app-header.css :: .app-header__inner | assets/css/components/layout/responsive-page-contract.css :: .app-header__inner | assets/css/components/shell/doke-shell-contract.css :: .app-header__inner | assets/css/pages/comunidade/mobile-layout-contract.css :: .app-header__inner
comunidade.html,810x1080,header inner,.app-header__inner,row-gap,14px,11.34px,-2.66,assets/css/components/shell/app-header.css :: .app-header__inner | assets/css/components/layout/responsive-page-contract.css :: .app-header__inner | assets/css/components/shell/doke-shell-contract.css :: .app-header__inner | assets/css/pages/comunidade/mobile-layout-contract.css :: .app-header__inner
comunidade.html,810x1080,header inner,.app-header__inner,column-gap,14px,11.34px,-2.66,assets/css/components/shell/app-header.css :: .app-header__inner | assets/css/components/layout/responsive-page-contract.css :: .app-header__inner | assets/css/components/shell/doke-shell-contract.css :: .app-header__inner | assets/css/pages/comunidade/mobile-layout-contract.css :: .app-header__inner
comunidade.html,810x1080,header inner,.app-header__inner,measured-child-gap-x,,11.33,,assets/css/components/shell/app-header.css :: .app-header__inner | assets/css/components/layout/responsive-page-contract.css :: .app-header__inner | assets/css/components/shell/doke-shell-contract.css :: .app-header__inner | assets/css/pages/comunidade/mobile-layout-contract.css :: .app-header__inner
comunidade.html,810x1080,page,document,overflow horizontal da página,810,818,8,"verificar containers com largura fixa, rails sem overflow controlado ou cards com min-width excessivo"
comunidade.html,1024x768,headers,.topbar.topbar--location.internal-page-topbar,x,8,0,-8,assets/css/components/shell/desktop-search.css :: .topbar | assets/css/components/shell/responsive-boundary.css :: .topbar | assets/css/components/shell/desktop-base-stability.css :: .topbar | assets/css/components/shell/mobile-base-stability.css :: .topbar | assets/css/components/shell/app-header.css :: .topbar | assets/css/components/layout/responsive-page-contract.css :: .topbar | assets/css/components/shell/doke-shell-contract.css :: .topbar | assets/css/pages/comunidade/mobile-layout-contract.css :: .topbar
comunidade.html,1024x768,headers,.topbar.topbar--location.internal-page-topbar,y,8,0,-8,assets/css/components/shell/desktop-search.css :: .topbar | assets/css/components/shell/responsive-boundary.css :: .topbar | assets/css/components/shell/desktop-base-stability.css :: .topbar | assets/css/components/shell/mobile-base-stability.css :: .topbar | assets/css/components/shell/app-header.css :: .topbar | assets/css/components/layout/responsive-page-contract.css :: .topbar | assets/css/components/shell/doke-shell-contract.css :: .topbar | assets/css/pages/comunidade/mobile-layout-contract.css :: .topbar
comunidade.html,1024x768,headers,.topbar.topbar--location.internal-page-topbar,width,1024,0,-1024,assets/css/components/shell/desktop-search.css :: .topbar | assets/css/components/shell/responsive-boundary.css :: .topbar | assets/css/components/shell/desktop-base-stability.css :: .topbar | assets/css/components/shell/mobile-base-stability.css :: .topbar | assets/css/components/shell/app-header.css :: .topbar | assets/css/components/layout/responsive-page-contract.css :: .topbar | assets/css/components/shell/doke-shell-contract.css :: .topbar | assets/css/pages/comunidade/mobile-layout-contract.css :: .topbar
comunidade.html,1024x768,headers,.topbar.topbar--location.internal-page-topbar,height,96,0,-96,assets/css/components/shell/desktop-search.css :: .topbar | assets/css/components/shell/responsive-boundary.css :: .topbar | assets/css/components/shell/desktop-base-stability.css :: .topbar | assets/css/components/shell/mobile-base-stability.css :: .topbar | assets/css/components/shell/app-header.css :: .topbar | assets/css/components/layout/responsive-page-contract.css :: .topbar | assets/css/components/shell/doke-shell-contract.css :: .topbar | assets/css/pages/comunidade/mobile-layout-contract.css :: .topbar
comunidade.html,1024x768,headers,.topbar.topbar--location.internal-page-topbar,padding.top,22.53,20,-2.53,assets/css/components/shell/desktop-search.css :: .topbar | assets/css/components/shell/responsive-boundary.css :: .topbar | assets/css/components/shell/desktop-base-stability.css :: .topbar | assets/css/components/shell/mobile-base-stability.css :: .topbar | assets/css/components/shell/app-header.css :: .topbar | assets/css/components/layout/responsive-page-contract.css :: .topbar | assets/css/components/shell/doke-shell-contract.css :: .topbar | assets/css/pages/comunidade/mobile-layout-contract.css :: .topbar
comunidade.html,1024x768,headers,.topbar.topbar--location.internal-page-topbar,aspect-ratio,10.67,,,assets/css/components/shell/desktop-search.css :: .topbar | assets/css/components/shell/responsive-boundary.css :: .topbar | assets/css/components/shell/desktop-base-stability.css :: .topbar | assets/css/components/shell/mobile-base-stability.css :: .topbar | assets/css/components/shell/app-header.css :: .topbar | assets/css/components/layout/responsive-page-contract.css :: .topbar | assets/css/components/shell/doke-shell-contract.css :: .topbar | assets/css/pages/comunidade/mobile-layout-contract.css :: .topbar
comunidade.html,1024x768,headers,.topbar.topbar--location.internal-page-topbar,gap,16px,12px,-4,assets/css/components/shell/desktop-search.css :: .topbar | assets/css/components/shell/responsive-boundary.css :: .topbar | assets/css/components/shell/desktop-base-stability.css :: .topbar | assets/css/components/shell/mobile-base-stability.css :: .topbar | assets/css/components/shell/app-header.css :: .topbar | assets/css/components/layout/responsive-page-contract.css :: .topbar | assets/css/components/shell/doke-shell-contract.css :: .topbar | assets/css/pages/comunidade/mobile-layout-contract.css :: .topbar
comunidade.html,1024x768,headers,.topbar.topbar--location.internal-page-topbar,row-gap,16px,12px,-4,assets/css/components/shell/desktop-search.css :: .topbar | assets/css/components/shell/responsive-boundary.css :: .topbar | assets/css/components/shell/desktop-base-stability.css :: .topbar | assets/css/components/shell/mobile-base-stability.css :: .topbar | assets/css/components/shell/app-header.css :: .topbar | assets/css/components/layout/responsive-page-contract.css :: .topbar | assets/css/components/shell/doke-shell-contract.css :: .topbar | assets/css/pages/comunidade/mobile-layout-contract.css :: .topbar
comunidade.html,1024x768,headers,.topbar.topbar--location.internal-page-topbar,column-gap,16px,12px,-4,assets/css/components/shell/desktop-search.css :: .topbar | assets/css/components/shell/responsive-boundary.css :: .topbar | assets/css/components/shell/desktop-base-stability.css :: .topbar | assets/css/components/shell/mobile-base-stability.css :: .topbar | assets/css/components/shell/app-header.css :: .topbar | assets/css/components/layout/responsive-page-contract.css :: .topbar | assets/css/components/shell/doke-shell-contract.css :: .topbar | assets/css/pages/comunidade/mobile-layout-contract.css :: .topbar
comunidade.html,1024x768,headers,.app-header.app-header--communities.home-side-meta,height,96,86,-10,assets/css/core/responsive-audit.css :: .home-side-meta | assets/css/components/shell/mobile-app-shell.css :: .home-side-meta | assets/css/components/shell/desktop-topbar.css :: .home-side-meta | assets/css/components/shell/mobile-base-stability.css :: .home-side-meta | assets/css/components/shell/app-header.css :: .app-header | assets/css/components/layout/responsive-page-contract.css :: .app-header | assets/css/components/shell/doke-shell-contract.css :: .app-header | assets/css/pages/comunidade/mobile-layout-contract.css :: .app-header
comunidade.html,1024x768,headers,.app-header.app-header--communities.home-side-meta,padding.top,22.53,20,-2.53,assets/css/core/responsive-audit.css :: .home-side-meta | assets/css/components/shell/mobile-app-shell.css :: .home-side-meta | assets/css/components/shell/desktop-topbar.css :: .home-side-meta | assets/css/components/shell/mobile-base-stability.css :: .home-side-meta | assets/css/components/shell/app-header.css :: .app-header | assets/css/components/layout/responsive-page-contract.css :: .app-header | assets/css/components/shell/doke-shell-contract.css :: .app-header | assets/css/pages/comunidade/mobile-layout-contract.css :: .app-header
comunidade.html,1024x768,headers,.app-header.app-header--communities.home-side-meta,aspect-ratio,10.67,11.91,1.24,assets/css/core/responsive-audit.css :: .home-side-meta | assets/css/components/shell/mobile-app-shell.css :: .home-side-meta | assets/css/components/shell/desktop-topbar.css :: .home-side-meta | assets/css/components/shell/mobile-base-stability.css :: .home-side-meta | assets/css/components/shell/app-header.css :: .app-header | assets/css/components/layout/responsive-page-contract.css :: .app-header | assets/css/components/shell/doke-shell-contract.css :: .app-header | assets/css/pages/comunidade/mobile-layout-contract.css :: .app-header
comunidade.html,1024x768,header inner,.app-header__inner,x,38.72,60,21.28,assets/css/components/shell/app-header.css :: .app-header__inner | assets/css/components/layout/responsive-page-contract.css :: .app-header__inner | assets/css/components/shell/doke-shell-contract.css :: .app-header__inner | assets/css/pages/comunidade/mobile-layout-contract.css :: .app-header__inner
comunidade.html,1024x768,header inner,.app-header__inner,y,30.52,28,-2.52,assets/css/components/shell/app-header.css :: .app-header__inner | assets/css/components/layout/responsive-page-contract.css :: .app-header__inner | assets/css/components/shell/doke-shell-contract.css :: .app-header__inner | assets/css/pages/comunidade/mobile-layout-contract.css :: .app-header__inner
comunidade.html,1024x768,header inner,.app-header__inner,width,962.55,920,-42.55,assets/css/components/shell/app-header.css :: .app-header__inner | assets/css/components/layout/responsive-page-contract.css :: .app-header__inner | assets/css/components/shell/doke-shell-contract.css :: .app-header__inner | assets/css/pages/comunidade/mobile-layout-contract.css :: .app-header__inner
comunidade.html,1024x768,header inner,.app-header__inner,aspect-ratio,20.05,19.17,-0.88,assets/css/components/shell/app-header.css :: .app-header__inner | assets/css/components/layout/responsive-page-contract.css :: .app-header__inner | assets/css/components/shell/doke-shell-contract.css :: .app-header__inner | assets/css/pages/comunidade/mobile-layout-contract.css :: .app-header__inner
comunidade.html,1024x768,header inner,.app-header__inner,measured-child-gap-x,,12,,assets/css/components/shell/app-header.css :: .app-header__inner | assets/css/components/layout/responsive-page-contract.css :: .app-header__inner | assets/css/components/shell/doke-shell-contract.css :: .app-header__inner | assets/css/pages/comunidade/mobile-layout-contract.css :: .app-header__inner
comunidade.html,1024x768,page,document,overflow horizontal da página,1024,1032,8,"verificar containers com largura fixa, rails sem overflow controlado ou cards com min-width excessivo"
comunidade.html,1280x800,headers,.topbar.topbar--location.internal-page-topbar,x,280,0,-280,assets/css/components/shell/desktop-search.css :: .topbar | assets/css/components/shell/responsive-boundary.css :: .topbar | assets/css/components/shell/desktop-base-stability.css :: .topbar | assets/css/components/shell/mobile-base-stability.css :: .topbar | assets/css/components/shell/app-header.css :: .topbar | assets/css/components/layout/responsive-page-contract.css :: .topbar | assets/css/components/shell/doke-shell-contract.css :: .topbar | assets/css/pages/comunidade/mobile-layout-contract.css :: .topbar
comunidade.html,1280x800,headers,.topbar.topbar--location.internal-page-topbar,y,8,0,-8,assets/css/components/shell/desktop-search.css :: .topbar | assets/css/components/shell/responsive-boundary.css :: .topbar | assets/css/components/shell/desktop-base-stability.css :: .topbar | assets/css/components/shell/mobile-base-stability.css :: .topbar | assets/css/components/shell/app-header.css :: .topbar | assets/css/components/layout/responsive-page-contract.css :: .topbar | assets/css/components/shell/doke-shell-contract.css :: .topbar | assets/css/pages/comunidade/mobile-layout-contract.css :: .topbar
comunidade.html,1280x800,headers,.topbar.topbar--location.internal-page-topbar,width,1008,0,-1008,assets/css/components/shell/desktop-search.css :: .topbar | assets/css/components/shell/responsive-boundary.css :: .topbar | assets/css/components/shell/desktop-base-stability.css :: .topbar | assets/css/components/shell/mobile-base-stability.css :: .topbar | assets/css/components/shell/app-header.css :: .topbar | assets/css/components/layout/responsive-page-contract.css :: .topbar | assets/css/components/shell/doke-shell-contract.css :: .topbar | assets/css/pages/comunidade/mobile-layout-contract.css :: .topbar
comunidade.html,1280x800,headers,.topbar.topbar--location.internal-page-topbar,height,96,0,-96,assets/css/components/shell/desktop-search.css :: .topbar | assets/css/components/shell/responsive-boundary.css :: .topbar | assets/css/components/shell/desktop-base-stability.css :: .topbar | assets/css/components/shell/mobile-base-stability.css :: .topbar | assets/css/components/shell/app-header.css :: .topbar | assets/css/components/layout/responsive-page-contract.css :: .topbar | assets/css/components/shell/doke-shell-contract.css :: .topbar | assets/css/pages/comunidade/mobile-layout-contract.css :: .topbar
comunidade.html,1280x800,headers,.topbar.topbar--location.internal-page-topbar,padding.top,28.16,14,-14.16,assets/css/components/shell/desktop-search.css :: .topbar | assets/css/components/shell/responsive-boundary.css :: .topbar | assets/css/components/shell/desktop-base-stability.css :: .topbar | assets/css/components/shell/mobile-base-stability.css :: .topbar | assets/css/components/shell/app-header.css :: .topbar | assets/css/components/layout/responsive-page-contract.css :: .topbar | assets/css/components/shell/doke-shell-contract.css :: .topbar | assets/css/pages/comunidade/mobile-layout-contract.css :: .topbar
comunidade.html,1280x800,headers,.topbar.topbar--location.internal-page-topbar,padding.right,38.4,0,-38.4,assets/css/components/shell/desktop-search.css :: .topbar | assets/css/components/shell/responsive-boundary.css :: .topbar | assets/css/components/shell/desktop-base-stability.css :: .topbar | assets/css/components/shell/mobile-base-stability.css :: .topbar | assets/css/components/shell/app-header.css :: .topbar | assets/css/components/layout/responsive-page-contract.css :: .topbar | assets/css/components/shell/doke-shell-contract.css :: .topbar | assets/css/pages/comunidade/mobile-layout-contract.css :: .topbar
comunidade.html,1280x800,headers,.topbar.topbar--location.internal-page-topbar,padding.bottom,19.2,10,-9.2,assets/css/components/shell/desktop-search.css :: .topbar | assets/css/components/shell/responsive-boundary.css :: .topbar | assets/css/components/shell/desktop-base-stability.css :: .topbar | assets/css/components/shell/mobile-base-stability.css :: .topbar | assets/css/components/shell/app-header.css :: .topbar | assets/css/components/layout/responsive-page-contract.css :: .topbar | assets/css/components/shell/doke-shell-contract.css :: .topbar | assets/css/pages/comunidade/mobile-layout-contract.css :: .topbar
comunidade.html,1280x800,headers,.topbar.topbar--location.internal-page-topbar,padding.left,38.4,0,-38.4,assets/css/components/shell/desktop-search.css :: .topbar | assets/css/components/shell/responsive-boundary.css :: .topbar | assets/css/components/shell/desktop-base-stability.css :: .topbar | assets/css/components/shell/mobile-base-stability.css :: .topbar | assets/css/components/shell/app-header.css :: .topbar | assets/css/components/layout/responsive-page-contract.css :: .topbar | assets/css/components/shell/doke-shell-contract.css :: .topbar | assets/css/pages/comunidade/mobile-layout-contract.css :: .topbar
comunidade.html,1280x800,headers,.topbar.topbar--location.internal-page-topbar,aspect-ratio,10.5,,,assets/css/components/shell/desktop-search.css :: .topbar | assets/css/components/shell/responsive-boundary.css :: .topbar | assets/css/components/shell/desktop-base-stability.css :: .topbar | assets/css/components/shell/mobile-base-stability.css :: .topbar | assets/css/components/shell/app-header.css :: .topbar | assets/css/components/layout/responsive-page-contract.css :: .topbar | assets/css/components/shell/doke-shell-contract.css :: .topbar | assets/css/pages/comunidade/mobile-layout-contract.css :: .topbar
comunidade.html,1280x800,headers,.topbar.topbar--location.internal-page-topbar,gap,16px,12px,-4,assets/css/components/shell/desktop-search.css :: .topbar | assets/css/components/shell/responsive-boundary.css :: .topbar | assets/css/components/shell/desktop-base-stability.css :: .topbar | assets/css/components/shell/mobile-base-stability.css :: .topbar | assets/css/components/shell/app-header.css :: .topbar | assets/css/components/layout/responsive-page-contract.css :: .topbar | assets/css/components/shell/doke-shell-contract.css :: .topbar | assets/css/pages/comunidade/mobile-layout-contract.css :: .topbar
comunidade.html,1280x800,headers,.topbar.topbar--location.internal-page-topbar,row-gap,16px,12px,-4,assets/css/components/shell/desktop-search.css :: .topbar | assets/css/components/shell/responsive-boundary.css :: .topbar | assets/css/components/shell/desktop-base-stability.css :: .topbar | assets/css/components/shell/mobile-base-stability.css :: .topbar | assets/css/components/shell/app-header.css :: .topbar | assets/css/components/layout/responsive-page-contract.css :: .topbar | assets/css/components/shell/doke-shell-contract.css :: .topbar | assets/css/pages/comunidade/mobile-layout-contract.css :: .topbar
comunidade.html,1280x800,headers,.topbar.topbar--location.internal-page-topbar,column-gap,16px,12px,-4,assets/css/components/shell/desktop-search.css :: .topbar | assets/css/components/shell/responsive-boundary.css :: .topbar | assets/css/components/shell/desktop-base-stability.css :: .topbar | assets/css/components/shell/mobile-base-stability.css :: .topbar | assets/css/components/shell/app-header.css :: .topbar | assets/css/components/layout/responsive-page-contract.css :: .topbar | assets/css/components/shell/doke-shell-contract.css :: .topbar | assets/css/pages/comunidade/mobile-layout-contract.css :: .topbar
comunidade.html,1280x800,headers,.app-header.app-header--communities.home-side-meta,x,280,326.41,46.41,assets/css/core/responsive-audit.css :: .home-side-meta | assets/css/components/shell/mobile-app-shell.css :: .home-side-meta | assets/css/components/shell/desktop-topbar.css :: .home-side-meta | assets/css/components/shell/mobile-base-stability.css :: .home-side-meta | assets/css/components/shell/app-header.css :: .app-header | assets/css/components/layout/responsive-page-contract.css :: .app-header | assets/css/components/shell/doke-shell-contract.css :: .app-header | assets/css/pages/comunidade/mobile-layout-contract.css :: .app-header
comunidade.html,1280x800,headers,.app-header.app-header--communities.home-side-meta,width,1008,923.19,-84.81,assets/css/core/responsive-audit.css :: .home-side-meta | assets/css/components/shell/mobile-app-shell.css :: .home-side-meta | assets/css/components/shell/desktop-topbar.css :: .home-side-meta | assets/css/components/shell/mobile-base-stability.css :: .home-side-meta | assets/css/components/shell/app-header.css :: .app-header | assets/css/components/layout/responsive-page-contract.css :: .app-header | assets/css/components/shell/doke-shell-contract.css :: .app-header | assets/css/pages/comunidade/mobile-layout-contract.css :: .app-header
comunidade.html,1280x800,headers,.app-header.app-header--communities.home-side-meta,padding.right,38.4,0,-38.4,assets/css/core/responsive-audit.css :: .home-side-meta | assets/css/components/shell/mobile-app-shell.css :: .home-side-meta | assets/css/components/shell/desktop-topbar.css :: .home-side-meta | assets/css/components/shell/mobile-base-stability.css :: .home-side-meta | assets/css/components/shell/app-header.css :: .app-header | assets/css/components/layout/responsive-page-contract.css :: .app-header | assets/css/components/shell/doke-shell-contract.css :: .app-header | assets/css/pages/comunidade/mobile-layout-contract.css :: .app-header
comunidade.html,1280x800,headers,.app-header.app-header--communities.home-side-meta,padding.left,38.4,0,-38.4,assets/css/core/responsive-audit.css :: .home-side-meta | assets/css/components/shell/mobile-app-shell.css :: .home-side-meta | assets/css/components/shell/desktop-topbar.css :: .home-side-meta | assets/css/components/shell/mobile-base-stability.css :: .home-side-meta | assets/css/components/shell/app-header.css :: .app-header | assets/css/components/layout/responsive-page-contract.css :: .app-header | assets/css/components/shell/doke-shell-contract.css :: .app-header | assets/css/pages/comunidade/mobile-layout-contract.css :: .app-header
comunidade.html,1280x800,headers,.app-header.app-header--communities.home-side-meta,aspect-ratio,10.5,9.62,-0.88,assets/css/core/responsive-audit.css :: .home-side-meta | assets/css/components/shell/mobile-app-shell.css :: .home-side-meta | assets/css/components/shell/desktop-topbar.css :: .home-side-meta | assets/css/components/shell/mobile-base-stability.css :: .home-side-meta | assets/css/components/shell/app-header.css :: .app-header | assets/css/components/layout/responsive-page-contract.css :: .app-header | assets/css/components/shell/doke-shell-contract.css :: .app-header | assets/css/pages/comunidade/mobile-layout-contract.css :: .app-header
comunidade.html,1280x800,header inner,.app-header__inner,x,366.39,326.41,-39.98,assets/css/components/shell/app-header.css :: .app-header__inner | assets/css/components/layout/responsive-page-contract.css :: .app-header__inner | assets/css/components/shell/doke-shell-contract.css :: .app-header__inner | assets/css/pages/comunidade/mobile-layout-contract.css :: .app-header__inner
comunidade.html,1280x800,header inner,.app-header__inner,width,835.22,923.19,87.97,assets/css/components/shell/app-header.css :: .app-header__inner | assets/css/components/layout/responsive-page-contract.css :: .app-header__inner | assets/css/components/shell/doke-shell-contract.css :: .app-header__inner | assets/css/pages/comunidade/mobile-layout-contract.css :: .app-header__inner
comunidade.html,1280x800,header inner,.app-header__inner,aspect-ratio,17.4,19.23,1.83,assets/css/components/shell/app-header.css :: .app-header__inner | assets/css/components/layout/responsive-page-contract.css :: .app-header__inner | assets/css/components/shell/doke-shell-contract.css :: .app-header__inner | assets/css/pages/comunidade/mobile-layout-contract.css :: .app-header__inner
comunidade.html,1280x800,page,document,overflow horizontal da página,1280,1288,8,"verificar containers com largura fixa, rails sem overflow controlado ou cards com min-width excessivo"
configuracoes.html,390x844,section headers,.settings-section-heading,x,26,0,-26,assets/css/components/shell/doke-shell-contract.css :: .settings-section-heading | assets/css/pages/configuracoes.css :: .settings-section-heading
configuracoes.html,390x844,section headers,.settings-section-heading,y,1868.06,0,-1868.06,assets/css/components/shell/doke-shell-contract.css :: .settings-section-heading | assets/css/pages/configuracoes.css :: .settings-section-heading
configuracoes.html,390x844,section headers,.settings-section-heading,width,354,0,-354,assets/css/components/shell/doke-shell-contract.css :: .settings-section-heading | assets/css/pages/configuracoes.css :: .settings-section-heading
configuracoes.html,390x844,section headers,.settings-section-heading,height,64.91,0,-64.91,assets/css/components/shell/doke-shell-contract.css :: .settings-section-heading | assets/css/pages/configuracoes.css :: .settings-section-heading
configuracoes.html,390x844,section headers,.settings-section-heading,aspect-ratio,5.45,,,assets/css/components/shell/doke-shell-contract.css :: .settings-section-heading | assets/css/pages/configuracoes.css :: .settings-section-heading
configuracoes.html,390x844,section headers,.settings-section-heading,measured-child-gap-y,19.91,,,assets/css/components/shell/doke-shell-contract.css :: .settings-section-heading | assets/css/pages/configuracoes.css :: .settings-section-heading
configuracoes.html,390x844,section headers,.settings-section-heading,x,26,0,-26,assets/css/components/shell/doke-shell-contract.css :: .settings-section-heading | assets/css/pages/configuracoes.css :: .settings-section-heading
configuracoes.html,390x844,section headers,.settings-section-heading,y,2468.3,0,-2468.3,assets/css/components/shell/doke-shell-contract.css :: .settings-section-heading | assets/css/pages/configuracoes.css :: .settings-section-heading
configuracoes.html,390x844,section headers,.settings-section-heading,width,354,0,-354,assets/css/components/shell/doke-shell-contract.css :: .settings-section-heading | assets/css/pages/configuracoes.css :: .settings-section-heading
configuracoes.html,390x844,section headers,.settings-section-heading,height,64.91,0,-64.91,assets/css/components/shell/doke-shell-contract.css :: .settings-section-heading | assets/css/pages/configuracoes.css :: .settings-section-heading
configuracoes.html,390x844,section headers,.settings-section-heading,aspect-ratio,5.45,,,assets/css/components/shell/doke-shell-contract.css :: .settings-section-heading | assets/css/pages/configuracoes.css :: .settings-section-heading
configuracoes.html,390x844,section headers,.settings-section-heading,measured-child-gap-y,19.91,,,assets/css/components/shell/doke-shell-contract.css :: .settings-section-heading | assets/css/pages/configuracoes.css :: .settings-section-heading
configuracoes.html,390x844,section headers,.settings-section-heading,media.height,64.91,,,assets/css/components/shell/doke-shell-contract.css :: .settings-section-heading | assets/css/pages/configuracoes.css :: .settings-section-heading
configuracoes.html,390x844,section headers,.settings-section-heading,media.aspect-ratio,5.45,,,assets/css/components/shell/doke-shell-contract.css :: .settings-section-heading | assets/css/pages/configuracoes.css :: .settings-section-heading
configuracoes.html,390x844,section headers,.settings-section-heading,media.border-radius,0px,,,assets/css/components/shell/doke-shell-contract.css :: .settings-section-heading | assets/css/pages/configuracoes.css :: .settings-section-heading
configuracoes.html,390x844,page,document,overflow horizontal da página,390,398,8,"verificar containers com largura fixa, rails sem overflow controlado ou cards com min-width excessivo"
configuracoes.html,608x926,section headers,.settings-section-heading,x,26,0,-26,assets/css/components/shell/doke-shell-contract.css :: .settings-section-heading | assets/css/pages/configuracoes.css :: .settings-section-heading
configuracoes.html,608x926,section headers,.settings-section-heading,y,504.23,0,-504.23,assets/css/components/shell/doke-shell-contract.css :: .settings-section-heading | assets/css/pages/configuracoes.css :: .settings-section-heading
configuracoes.html,608x926,section headers,.settings-section-heading,width,572,0,-572,assets/css/components/shell/doke-shell-contract.css :: .settings-section-heading | assets/css/pages/configuracoes.css :: .settings-section-heading
configuracoes.html,608x926,section headers,.settings-section-heading,height,55.58,0,-55.58,assets/css/components/shell/doke-shell-contract.css :: .settings-section-heading | assets/css/pages/configuracoes.css :: .settings-section-heading
configuracoes.html,608x926,section headers,.settings-section-heading,aspect-ratio,10.29,,,assets/css/components/shell/doke-shell-contract.css :: .settings-section-heading | assets/css/pages/configuracoes.css :: .settings-section-heading
configuracoes.html,608x926,section headers,.settings-section-heading,gap,16px,12px,-4,assets/css/components/shell/doke-shell-contract.css :: .settings-section-heading | assets/css/pages/configuracoes.css :: .settings-section-heading
configuracoes.html,608x926,section headers,.settings-section-heading,row-gap,16px,12px,-4,assets/css/components/shell/doke-shell-contract.css :: .settings-section-heading | assets/css/pages/configuracoes.css :: .settings-section-heading
configuracoes.html,608x926,section headers,.settings-section-heading,column-gap,16px,12px,-4,assets/css/components/shell/doke-shell-contract.css :: .settings-section-heading | assets/css/pages/configuracoes.css :: .settings-section-heading
configuracoes.html,608x926,section headers,.settings-section-heading,measured-child-gap-x,328.19,,,assets/css/components/shell/doke-shell-contract.css :: .settings-section-heading | assets/css/pages/configuracoes.css :: .settings-section-heading
configuracoes.html,608x926,section headers,.settings-section-heading,x,26,0,-26,assets/css/components/shell/doke-shell-contract.css :: .settings-section-heading | assets/css/pages/configuracoes.css :: .settings-section-heading
configuracoes.html,608x926,section headers,.settings-section-heading,y,2396.38,0,-2396.38,assets/css/components/shell/doke-shell-contract.css :: .settings-section-heading | assets/css/pages/configuracoes.css :: .settings-section-heading
configuracoes.html,608x926,section headers,.settings-section-heading,width,572,0,-572,assets/css/components/shell/doke-shell-contract.css :: .settings-section-heading | assets/css/pages/configuracoes.css :: .settings-section-heading
configuracoes.html,608x926,section headers,.settings-section-heading,height,55.58,0,-55.58,assets/css/components/shell/doke-shell-contract.css :: .settings-section-heading | assets/css/pages/configuracoes.css :: .settings-section-heading
configuracoes.html,608x926,section headers,.settings-section-heading,aspect-ratio,10.29,,,assets/css/components/shell/doke-shell-contract.css :: .settings-section-heading | assets/css/pages/configuracoes.css :: .settings-section-heading
configuracoes.html,608x926,section headers,.settings-section-heading,gap,16px,12px,-4,assets/css/components/shell/doke-shell-contract.css :: .settings-section-heading | assets/css/pages/configuracoes.css :: .settings-section-heading
configuracoes.html,608x926,section headers,.settings-section-heading,row-gap,16px,12px,-4,assets/css/components/shell/doke-shell-contract.css :: .settings-section-heading | assets/css/pages/configuracoes.css :: .settings-section-heading
configuracoes.html,608x926,section headers,.settings-section-heading,column-gap,16px,12px,-4,assets/css/components/shell/doke-shell-contract.css :: .settings-section-heading | assets/css/pages/configuracoes.css :: .settings-section-heading
configuracoes.html,608x926,section headers,.settings-section-heading,measured-child-gap-x,419.81,,,assets/css/components/shell/doke-shell-contract.css :: .settings-section-heading | assets/css/pages/configuracoes.css :: .settings-section-heading
configuracoes.html,608x926,section headers,.settings-section-heading,media.height,55.58,,,assets/css/components/shell/doke-shell-contract.css :: .settings-section-heading | assets/css/pages/configuracoes.css :: .settings-section-heading
configuracoes.html,608x926,section headers,.settings-section-heading,media.aspect-ratio,10.29,,,assets/css/components/shell/doke-shell-contract.css :: .settings-section-heading | assets/css/pages/configuracoes.css :: .settings-section-heading
configuracoes.html,608x926,section headers,.settings-section-heading,media.border-radius,0px,,,assets/css/components/shell/doke-shell-contract.css :: .settings-section-heading | assets/css/pages/configuracoes.css :: .settings-section-heading
configuracoes.html,608x926,page,document,overflow horizontal da página,608,616,8,"verificar containers com largura fixa, rails sem overflow controlado ou cards com min-width excessivo"
configuracoes.html,810x1080,section headers,.settings-section-heading,x,32.3,0,-32.3,assets/css/components/shell/doke-shell-contract.css :: .settings-section-heading | assets/css/pages/configuracoes.css :: .settings-section-heading
configuracoes.html,810x1080,section headers,.settings-section-heading,y,562.67,0,-562.67,assets/css/components/shell/doke-shell-contract.css :: .settings-section-heading | assets/css/pages/configuracoes.css :: .settings-section-heading
configuracoes.html,810x1080,section headers,.settings-section-heading,width,761.39,0,-761.39,assets/css/components/shell/doke-shell-contract.css :: .settings-section-heading | assets/css/pages/configuracoes.css :: .settings-section-heading
configuracoes.html,810x1080,section headers,.settings-section-heading,height,64.91,0,-64.91,assets/css/components/shell/doke-shell-contract.css :: .settings-section-heading | assets/css/pages/configuracoes.css :: .settings-section-heading
configuracoes.html,810x1080,section headers,.settings-section-heading,aspect-ratio,11.73,,,assets/css/components/shell/doke-shell-contract.css :: .settings-section-heading | assets/css/pages/configuracoes.css :: .settings-section-heading
configuracoes.html,810x1080,section headers,.settings-section-heading,measured-child-gap-y,19.91,,,assets/css/components/shell/doke-shell-contract.css :: .settings-section-heading | assets/css/pages/configuracoes.css :: .settings-section-heading
configuracoes.html,810x1080,section headers,.settings-section-heading,x,32.3,0,-32.3,assets/css/components/shell/doke-shell-contract.css :: .settings-section-heading | assets/css/pages/configuracoes.css :: .settings-section-heading
configuracoes.html,810x1080,section headers,.settings-section-heading,y,1249.91,0,-1249.91,assets/css/components/shell/doke-shell-contract.css :: .settings-section-heading | assets/css/pages/configuracoes.css :: .settings-section-heading
configuracoes.html,810x1080,section headers,.settings-section-heading,width,761.39,0,-761.39,assets/css/components/shell/doke-shell-contract.css :: .settings-section-heading | assets/css/pages/configuracoes.css :: .settings-section-heading
configuracoes.html,810x1080,section headers,.settings-section-heading,height,33.45,0,-33.45,assets/css/components/shell/doke-shell-contract.css :: .settings-section-heading | assets/css/pages/configuracoes.css :: .settings-section-heading
configuracoes.html,810x1080,section headers,.settings-section-heading,padding.right,68,0,-68,assets/css/components/shell/doke-shell-contract.css :: .settings-section-heading | assets/css/pages/configuracoes.css :: .settings-section-heading
configuracoes.html,810x1080,section headers,.settings-section-heading,padding.left,68,0,-68,assets/css/components/shell/doke-shell-contract.css :: .settings-section-heading | assets/css/pages/configuracoes.css :: .settings-section-heading
configuracoes.html,810x1080,section headers,.settings-section-heading,aspect-ratio,22.76,,,assets/css/components/shell/doke-shell-contract.css :: .settings-section-heading | assets/css/pages/configuracoes.css :: .settings-section-heading
configuracoes.html,810x1080,section headers,.settings-section-heading,measured-child-gap-y,0,,,assets/css/components/shell/doke-shell-contract.css :: .settings-section-heading | assets/css/pages/configuracoes.css :: .settings-section-heading
configuracoes.html,810x1080,section headers,.settings-section-heading,media.height,33.45,,,assets/css/components/shell/doke-shell-contract.css :: .settings-section-heading | assets/css/pages/configuracoes.css :: .settings-section-heading
configuracoes.html,810x1080,section headers,.settings-section-heading,media.aspect-ratio,22.76,,,assets/css/components/shell/doke-shell-contract.css :: .settings-section-heading | assets/css/pages/configuracoes.css :: .settings-section-heading
configuracoes.html,810x1080,section headers,.settings-section-heading,media.border-radius,0px,,,assets/css/components/shell/doke-shell-contract.css :: .settings-section-heading | assets/css/pages/configuracoes.css :: .settings-section-heading
configuracoes.html,810x1080,page,document,overflow horizontal da página,810,818,8,"verificar containers com largura fixa, rails sem overflow controlado ou cards com min-width excessivo"
configuracoes.html,1024x768,section headers,.settings-section-heading,x,38.72,0,-38.72,assets/css/components/shell/doke-shell-contract.css :: .settings-section-heading | assets/css/pages/configuracoes.css :: .settings-section-heading
configuracoes.html,1024x768,section headers,.settings-section-heading,y,574.27,0,-574.27,assets/css/components/shell/doke-shell-contract.css :: .settings-section-heading | assets/css/pages/configuracoes.css :: .settings-section-heading
configuracoes.html,1024x768,section headers,.settings-section-heading,width,962.55,0,-962.55,assets/css/components/shell/doke-shell-contract.css :: .settings-section-heading | assets/css/pages/configuracoes.css :: .settings-section-heading
configuracoes.html,1024x768,section headers,.settings-section-heading,height,64.91,0,-64.91,assets/css/components/shell/doke-shell-contract.css :: .settings-section-heading | assets/css/pages/configuracoes.css :: .settings-section-heading
configuracoes.html,1024x768,section headers,.settings-section-heading,aspect-ratio,14.83,,,assets/css/components/shell/doke-shell-contract.css :: .settings-section-heading | assets/css/pages/configuracoes.css :: .settings-section-heading
configuracoes.html,1024x768,section headers,.settings-section-heading,measured-child-gap-y,19.91,,,assets/css/components/shell/doke-shell-contract.css :: .settings-section-heading | assets/css/pages/configuracoes.css :: .settings-section-heading
configuracoes.html,1024x768,section headers,.settings-section-heading,x,38.72,0,-38.72,assets/css/components/shell/doke-shell-contract.css :: .settings-section-heading | assets/css/pages/configuracoes.css :: .settings-section-heading
configuracoes.html,1024x768,section headers,.settings-section-heading,y,1261.5,0,-1261.5,assets/css/components/shell/doke-shell-contract.css :: .settings-section-heading | assets/css/pages/configuracoes.css :: .settings-section-heading
configuracoes.html,1024x768,section headers,.settings-section-heading,width,962.55,0,-962.55,assets/css/components/shell/doke-shell-contract.css :: .settings-section-heading | assets/css/pages/configuracoes.css :: .settings-section-heading
configuracoes.html,1024x768,section headers,.settings-section-heading,height,33.45,0,-33.45,assets/css/components/shell/doke-shell-contract.css :: .settings-section-heading | assets/css/pages/configuracoes.css :: .settings-section-heading
configuracoes.html,1024x768,section headers,.settings-section-heading,padding.right,68,0,-68,assets/css/components/shell/doke-shell-contract.css :: .settings-section-heading | assets/css/pages/configuracoes.css :: .settings-section-heading
configuracoes.html,1024x768,section headers,.settings-section-heading,padding.left,68,0,-68,assets/css/components/shell/doke-shell-contract.css :: .settings-section-heading | assets/css/pages/configuracoes.css :: .settings-section-heading
configuracoes.html,1024x768,section headers,.settings-section-heading,aspect-ratio,28.77,,,assets/css/components/shell/doke-shell-contract.css :: .settings-section-heading | assets/css/pages/configuracoes.css :: .settings-section-heading
configuracoes.html,1024x768,section headers,.settings-section-heading,measured-child-gap-y,0,,,assets/css/components/shell/doke-shell-contract.css :: .settings-section-heading | assets/css/pages/configuracoes.css :: .settings-section-heading
configuracoes.html,1024x768,section headers,.settings-section-heading,media.height,33.45,,,assets/css/components/shell/doke-shell-contract.css :: .settings-section-heading | assets/css/pages/configuracoes.css :: .settings-section-heading
configuracoes.html,1024x768,section headers,.settings-section-heading,media.aspect-ratio,28.77,,,assets/css/components/shell/doke-shell-contract.css :: .settings-section-heading | assets/css/pages/configuracoes.css :: .settings-section-heading
configuracoes.html,1024x768,section headers,.settings-section-heading,media.border-radius,0px,,,assets/css/components/shell/doke-shell-contract.css :: .settings-section-heading | assets/css/pages/configuracoes.css :: .settings-section-heading
configuracoes.html,1024x768,page,document,overflow horizontal da página,1024,1032,8,"verificar containers com largura fixa, rails sem overflow controlado ou cards com min-width excessivo"
configuracoes.html,1280x800,section headers,.settings-section-heading,x,356,731.41,375.41,assets/css/components/shell/doke-shell-contract.css :: .settings-section-heading | assets/css/pages/configuracoes.css :: .settings-section-heading
configuracoes.html,1280x800,section headers,.settings-section-heading,y,506.69,371.95,-134.74,assets/css/components/shell/doke-shell-contract.css :: .settings-section-heading | assets/css/pages/configuracoes.css :: .settings-section-heading
configuracoes.html,1280x800,section headers,.settings-section-heading,width,856,474.19,-381.81,assets/css/components/shell/doke-shell-contract.css :: .settings-section-heading | assets/css/pages/configuracoes.css :: .settings-section-heading
configuracoes.html,1280x800,section headers,.settings-section-heading,height,64.91,70.41,5.5,assets/css/components/shell/doke-shell-contract.css :: .settings-section-heading | assets/css/pages/configuracoes.css :: .settings-section-heading
configuracoes.html,1280x800,section headers,.settings-section-heading,aspect-ratio,13.19,6.74,-6.45,assets/css/components/shell/doke-shell-contract.css :: .settings-section-heading | assets/css/pages/configuracoes.css :: .settings-section-heading
configuracoes.html,1280x800,section headers,.settings-section-heading,measured-child-gap-y,19.91,6,-13.91,assets/css/components/shell/doke-shell-contract.css :: .settings-section-heading | assets/css/pages/configuracoes.css :: .settings-section-heading
configuracoes.html,1280x800,section headers,.settings-section-heading,x,328,0,-328,assets/css/components/shell/doke-shell-contract.css :: .settings-section-heading | assets/css/pages/configuracoes.css :: .settings-section-heading
configuracoes.html,1280x800,section headers,.settings-section-heading,y,2354.47,0,-2354.47,assets/css/components/shell/doke-shell-contract.css :: .settings-section-heading | assets/css/pages/configuracoes.css :: .settings-section-heading
configuracoes.html,1280x800,section headers,.settings-section-heading,width,912,0,-912,assets/css/components/shell/doke-shell-contract.css :: .settings-section-heading | assets/css/pages/configuracoes.css :: .settings-section-heading
configuracoes.html,1280x800,section headers,.settings-section-heading,height,33.45,0,-33.45,assets/css/components/shell/doke-shell-contract.css :: .settings-section-heading | assets/css/pages/configuracoes.css :: .settings-section-heading
configuracoes.html,1280x800,section headers,.settings-section-heading,padding.right,68,0,-68,assets/css/components/shell/doke-shell-contract.css :: .settings-section-heading | assets/css/pages/configuracoes.css :: .settings-section-heading
configuracoes.html,1280x800,section headers,.settings-section-heading,padding.left,68,0,-68,assets/css/components/shell/doke-shell-contract.css :: .settings-section-heading | assets/css/pages/configuracoes.css :: .settings-section-heading
configuracoes.html,1280x800,section headers,.settings-section-heading,aspect-ratio,27.26,,,assets/css/components/shell/doke-shell-contract.css :: .settings-section-heading | assets/css/pages/configuracoes.css :: .settings-section-heading
configuracoes.html,1280x800,section headers,.settings-section-heading,measured-child-gap-y,0,,,assets/css/components/shell/doke-shell-contract.css :: .settings-section-heading | assets/css/pages/configuracoes.css :: .settings-section-heading
configuracoes.html,1280x800,section headers,.settings-section-heading,media.height,33.45,,,assets/css/components/shell/doke-shell-contract.css :: .settings-section-heading | assets/css/pages/configuracoes.css :: .settings-section-heading
configuracoes.html,1280x800,section headers,.settings-section-heading,media.aspect-ratio,27.26,,,assets/css/components/shell/doke-shell-contract.css :: .settings-section-heading | assets/css/pages/configuracoes.css :: .settings-section-heading
configuracoes.html,1280x800,section headers,.settings-section-heading,media.border-radius,0px,,,assets/css/components/shell/doke-shell-contract.css :: .settings-section-heading | assets/css/pages/configuracoes.css :: .settings-section-heading
configuracoes.html,1280x800,page,document,overflow horizontal da página,1280,1288,8,"verificar containers com largura fixa, rails sem overflow controlado ou cards com min-width excessivo"
carteira.html,390x844,headers,.topbar.topbar--location.internal-page-topbar,padding.top,0,6,6,assets/css/components/shell/desktop-topbar.css :: .topbar | assets/css/components/shell/desktop-search.css :: .topbar | assets/css/components/shell/responsive-boundary.css :: .topbar | assets/css/components/shell/desktop-base-stability.css :: .topbar | assets/css/components/shell/mobile-base-stability.css :: .topbar | assets/css/components/shell/app-header.css :: .topbar | assets/css/components/layout/responsive-page-contract.css :: .topbar | assets/css/components/shell/doke-shell-contract.css :: .topbar
carteira.html,390x844,headers,.topbar.topbar--location.internal-page-topbar,padding.right,0,12,12,assets/css/components/shell/desktop-topbar.css :: .topbar | assets/css/components/shell/desktop-search.css :: .topbar | assets/css/components/shell/responsive-boundary.css :: .topbar | assets/css/components/shell/desktop-base-stability.css :: .topbar | assets/css/components/shell/mobile-base-stability.css :: .topbar | assets/css/components/shell/app-header.css :: .topbar | assets/css/components/layout/responsive-page-contract.css :: .topbar | assets/css/components/shell/doke-shell-contract.css :: .topbar
carteira.html,390x844,headers,.topbar.topbar--location.internal-page-topbar,padding.bottom,0,8,8,assets/css/components/shell/desktop-topbar.css :: .topbar | assets/css/components/shell/desktop-search.css :: .topbar | assets/css/components/shell/responsive-boundary.css :: .topbar | assets/css/components/shell/desktop-base-stability.css :: .topbar | assets/css/components/shell/mobile-base-stability.css :: .topbar | assets/css/components/shell/app-header.css :: .topbar | assets/css/components/layout/responsive-page-contract.css :: .topbar | assets/css/components/shell/doke-shell-contract.css :: .topbar
carteira.html,390x844,headers,.topbar.topbar--location.internal-page-topbar,padding.left,0,12,12,assets/css/components/shell/desktop-topbar.css :: .topbar | assets/css/components/shell/desktop-search.css :: .topbar | assets/css/components/shell/responsive-boundary.css :: .topbar | assets/css/components/shell/desktop-base-stability.css :: .topbar | assets/css/components/shell/mobile-base-stability.css :: .topbar | assets/css/components/shell/app-header.css :: .topbar | assets/css/components/layout/responsive-page-contract.css :: .topbar | assets/css/components/shell/doke-shell-contract.css :: .topbar
carteira.html,390x844,page,document,overflow horizontal da página,390,398,8,"verificar containers com largura fixa, rails sem overflow controlado ou cards com min-width excessivo"
carteira.html,608x926,headers,.topbar.topbar--location.internal-page-topbar,x,8,0,-8,assets/css/components/shell/desktop-topbar.css :: .topbar | assets/css/components/shell/desktop-search.css :: .topbar | assets/css/components/shell/responsive-boundary.css :: .topbar | assets/css/components/shell/desktop-base-stability.css :: .topbar | assets/css/components/shell/mobile-base-stability.css :: .topbar | assets/css/components/shell/app-header.css :: .topbar | assets/css/components/layout/responsive-page-contract.css :: .topbar | assets/css/components/shell/doke-shell-contract.css :: .topbar
carteira.html,608x926,headers,.topbar.topbar--location.internal-page-topbar,y,8,0,-8,assets/css/components/shell/desktop-topbar.css :: .topbar | assets/css/components/shell/desktop-search.css :: .topbar | assets/css/components/shell/responsive-boundary.css :: .topbar | assets/css/components/shell/desktop-base-stability.css :: .topbar | assets/css/components/shell/mobile-base-stability.css :: .topbar | assets/css/components/shell/app-header.css :: .topbar | assets/css/components/layout/responsive-page-contract.css :: .topbar | assets/css/components/shell/doke-shell-contract.css :: .topbar
carteira.html,608x926,headers,.topbar.topbar--location.internal-page-topbar,width,608,0,-608,assets/css/components/shell/desktop-topbar.css :: .topbar | assets/css/components/shell/desktop-search.css :: .topbar | assets/css/components/shell/responsive-boundary.css :: .topbar | assets/css/components/shell/desktop-base-stability.css :: .topbar | assets/css/components/shell/mobile-base-stability.css :: .topbar | assets/css/components/shell/app-header.css :: .topbar | assets/css/components/layout/responsive-page-contract.css :: .topbar | assets/css/components/shell/doke-shell-contract.css :: .topbar
carteira.html,608x926,headers,.topbar.topbar--location.internal-page-topbar,height,86,0,-86,assets/css/components/shell/desktop-topbar.css :: .topbar | assets/css/components/shell/desktop-search.css :: .topbar | assets/css/components/shell/responsive-boundary.css :: .topbar | assets/css/components/shell/desktop-base-stability.css :: .topbar | assets/css/components/shell/mobile-base-stability.css :: .topbar | assets/css/components/shell/app-header.css :: .topbar | assets/css/components/layout/responsive-page-contract.css :: .topbar | assets/css/components/shell/doke-shell-contract.css :: .topbar
carteira.html,608x926,headers,.topbar.topbar--location.internal-page-topbar,padding.top,18,0,-18,assets/css/components/shell/desktop-topbar.css :: .topbar | assets/css/components/shell/desktop-search.css :: .topbar | assets/css/components/shell/responsive-boundary.css :: .topbar | assets/css/components/shell/desktop-base-stability.css :: .topbar | assets/css/components/shell/mobile-base-stability.css :: .topbar | assets/css/components/shell/app-header.css :: .topbar | assets/css/components/layout/responsive-page-contract.css :: .topbar | assets/css/components/shell/doke-shell-contract.css :: .topbar
carteira.html,608x926,headers,.topbar.topbar--location.internal-page-topbar,padding.bottom,10,0,-10,assets/css/components/shell/desktop-topbar.css :: .topbar | assets/css/components/shell/desktop-search.css :: .topbar | assets/css/components/shell/responsive-boundary.css :: .topbar | assets/css/components/shell/desktop-base-stability.css :: .topbar | assets/css/components/shell/mobile-base-stability.css :: .topbar | assets/css/components/shell/app-header.css :: .topbar | assets/css/components/layout/responsive-page-contract.css :: .topbar | assets/css/components/shell/doke-shell-contract.css :: .topbar
carteira.html,608x926,headers,.topbar.topbar--location.internal-page-topbar,aspect-ratio,7.07,,,assets/css/components/shell/desktop-topbar.css :: .topbar | assets/css/components/shell/desktop-search.css :: .topbar | assets/css/components/shell/responsive-boundary.css :: .topbar | assets/css/components/shell/desktop-base-stability.css :: .topbar | assets/css/components/shell/mobile-base-stability.css :: .topbar | assets/css/components/shell/app-header.css :: .topbar | assets/css/components/layout/responsive-page-contract.css :: .topbar | assets/css/components/shell/doke-shell-contract.css :: .topbar
carteira.html,608x926,headers,.app-header.app-header--wallet.home-side-meta,padding.bottom,10,14,4,assets/css/core/responsive-audit.css :: .home-side-meta | assets/css/components/shell/mobile-app-shell.css :: .home-side-meta | assets/css/components/shell/desktop-topbar.css :: .home-side-meta | assets/css/components/shell/mobile-base-stability.css :: .home-side-meta | assets/css/components/shell/app-header.css :: .app-header | assets/css/components/layout/responsive-page-contract.css :: .app-header | assets/css/components/shell/doke-shell-contract.css :: .app-header | assets/css/pages/carteira.css :: .app-header
carteira.html,608x926,header inner,.app-header__inner,height,48,52,4,assets/css/components/shell/app-header.css :: .app-header__inner | assets/css/components/layout/responsive-page-contract.css :: .app-header__inner | assets/css/components/shell/doke-shell-contract.css :: .app-header__inner
carteira.html,608x926,header inner,.app-header__inner,aspect-ratio,11.92,11,-0.92,assets/css/components/shell/app-header.css :: .app-header__inner | assets/css/components/layout/responsive-page-contract.css :: .app-header__inner | assets/css/components/shell/doke-shell-contract.css :: .app-header__inner
carteira.html,608x926,page,document,overflow horizontal da página,608,616,8,"verificar containers com largura fixa, rails sem overflow controlado ou cards com min-width excessivo"
carteira.html,810x1080,headers,.topbar.topbar--location.internal-page-topbar,x,8,0,-8,assets/css/components/shell/desktop-topbar.css :: .topbar | assets/css/components/shell/desktop-search.css :: .topbar | assets/css/components/shell/responsive-boundary.css :: .topbar | assets/css/components/shell/desktop-base-stability.css :: .topbar | assets/css/components/shell/mobile-base-stability.css :: .topbar | assets/css/components/shell/app-header.css :: .topbar | assets/css/components/layout/responsive-page-contract.css :: .topbar | assets/css/components/shell/doke-shell-contract.css :: .topbar
carteira.html,810x1080,headers,.topbar.topbar--location.internal-page-topbar,y,8,0,-8,assets/css/components/shell/desktop-topbar.css :: .topbar | assets/css/components/shell/desktop-search.css :: .topbar | assets/css/components/shell/responsive-boundary.css :: .topbar | assets/css/components/shell/desktop-base-stability.css :: .topbar | assets/css/components/shell/mobile-base-stability.css :: .topbar | assets/css/components/shell/app-header.css :: .topbar | assets/css/components/layout/responsive-page-contract.css :: .topbar | assets/css/components/shell/doke-shell-contract.css :: .topbar
carteira.html,810x1080,headers,.topbar.topbar--location.internal-page-topbar,width,810,0,-810,assets/css/components/shell/desktop-topbar.css :: .topbar | assets/css/components/shell/desktop-search.css :: .topbar | assets/css/components/shell/responsive-boundary.css :: .topbar | assets/css/components/shell/desktop-base-stability.css :: .topbar | assets/css/components/shell/mobile-base-stability.css :: .topbar | assets/css/components/shell/app-header.css :: .topbar | assets/css/components/layout/responsive-page-contract.css :: .topbar | assets/css/components/shell/doke-shell-contract.css :: .topbar
carteira.html,810x1080,headers,.topbar.topbar--location.internal-page-topbar,height,96,0,-96,assets/css/components/shell/desktop-topbar.css :: .topbar | assets/css/components/shell/desktop-search.css :: .topbar | assets/css/components/shell/responsive-boundary.css :: .topbar | assets/css/components/shell/desktop-base-stability.css :: .topbar | assets/css/components/shell/mobile-base-stability.css :: .topbar | assets/css/components/shell/app-header.css :: .topbar | assets/css/components/layout/responsive-page-contract.css :: .topbar | assets/css/components/shell/doke-shell-contract.css :: .topbar
carteira.html,810x1080,headers,.topbar.topbar--location.internal-page-topbar,aspect-ratio,8.44,,,assets/css/components/shell/desktop-topbar.css :: .topbar | assets/css/components/shell/desktop-search.css :: .topbar | assets/css/components/shell/responsive-boundary.css :: .topbar | assets/css/components/shell/desktop-base-stability.css :: .topbar | assets/css/components/shell/mobile-base-stability.css :: .topbar | assets/css/components/shell/app-header.css :: .topbar | assets/css/components/layout/responsive-page-contract.css :: .topbar | assets/css/components/shell/doke-shell-contract.css :: .topbar
carteira.html,810x1080,headers,.topbar.topbar--location.internal-page-topbar,gap,16px,12px,-4,assets/css/components/shell/desktop-topbar.css :: .topbar | assets/css/components/shell/desktop-search.css :: .topbar | assets/css/components/shell/responsive-boundary.css :: .topbar | assets/css/components/shell/desktop-base-stability.css :: .topbar | assets/css/components/shell/mobile-base-stability.css :: .topbar | assets/css/components/shell/app-header.css :: .topbar | assets/css/components/layout/responsive-page-contract.css :: .topbar | assets/css/components/shell/doke-shell-contract.css :: .topbar
carteira.html,810x1080,headers,.topbar.topbar--location.internal-page-topbar,row-gap,16px,12px,-4,assets/css/components/shell/desktop-topbar.css :: .topbar | assets/css/components/shell/desktop-search.css :: .topbar | assets/css/components/shell/responsive-boundary.css :: .topbar | assets/css/components/shell/desktop-base-stability.css :: .topbar | assets/css/components/shell/mobile-base-stability.css :: .topbar | assets/css/components/shell/app-header.css :: .topbar | assets/css/components/layout/responsive-page-contract.css :: .topbar | assets/css/components/shell/doke-shell-contract.css :: .topbar
carteira.html,810x1080,headers,.topbar.topbar--location.internal-page-topbar,column-gap,16px,12px,-4,assets/css/components/shell/desktop-topbar.css :: .topbar | assets/css/components/shell/desktop-search.css :: .topbar | assets/css/components/shell/responsive-boundary.css :: .topbar | assets/css/components/shell/desktop-base-stability.css :: .topbar | assets/css/components/shell/mobile-base-stability.css :: .topbar | assets/css/components/shell/app-header.css :: .topbar | assets/css/components/layout/responsive-page-contract.css :: .topbar | assets/css/components/shell/doke-shell-contract.css :: .topbar
carteira.html,810x1080,headers,.app-header.app-header--wallet.home-side-meta,height,96,86,-10,assets/css/core/responsive-audit.css :: .home-side-meta | assets/css/components/shell/mobile-app-shell.css :: .home-side-meta | assets/css/components/shell/desktop-topbar.css :: .home-side-meta | assets/css/components/shell/mobile-base-stability.css :: .home-side-meta | assets/css/components/shell/app-header.css :: .app-header | assets/css/components/layout/responsive-page-contract.css :: .app-header | assets/css/components/shell/doke-shell-contract.css :: .app-header | assets/css/pages/carteira.css :: .app-header
carteira.html,810x1080,headers,.app-header.app-header--wallet.home-side-meta,aspect-ratio,8.44,9.42,0.98,assets/css/core/responsive-audit.css :: .home-side-meta | assets/css/components/shell/mobile-app-shell.css :: .home-side-meta | assets/css/components/shell/desktop-topbar.css :: .home-side-meta | assets/css/components/shell/mobile-base-stability.css :: .home-side-meta | assets/css/components/shell/app-header.css :: .app-header | assets/css/components/layout/responsive-page-contract.css :: .app-header | assets/css/components/shell/doke-shell-contract.css :: .app-header | assets/css/pages/carteira.css :: .app-header
carteira.html,810x1080,headers,.app-header.app-header--wallet.home-side-meta,texto cortado,false,true,,assets/css/core/responsive-audit.css :: .home-side-meta | assets/css/components/shell/mobile-app-shell.css :: .home-side-meta | assets/css/components/shell/desktop-topbar.css :: .home-side-meta | assets/css/components/shell/mobile-base-stability.css :: .home-side-meta | assets/css/components/shell/app-header.css :: .app-header | assets/css/components/layout/responsive-page-contract.css :: .app-header | assets/css/components/shell/doke-shell-contract.css :: .app-header | assets/css/pages/carteira.css :: .app-header
carteira.html,810x1080,header inner,.app-header__inner,x,32.3,42.02,9.72,assets/css/components/shell/app-header.css :: .app-header__inner | assets/css/components/layout/responsive-page-contract.css :: .app-header__inner | assets/css/components/shell/doke-shell-contract.css :: .app-header__inner
carteira.html,810x1080,header inner,.app-header__inner,width,761.39,741.95,-19.44,assets/css/components/shell/app-header.css :: .app-header__inner | assets/css/components/layout/responsive-page-contract.css :: .app-header__inner | assets/css/components/shell/doke-shell-contract.css :: .app-header__inner
carteira.html,810x1080,header inner,.app-header__inner,aspect-ratio,15.86,15.46,-0.4,assets/css/components/shell/app-header.css :: .app-header__inner | assets/css/components/layout/responsive-page-contract.css :: .app-header__inner | assets/css/components/shell/doke-shell-contract.css :: .app-header__inner
carteira.html,810x1080,header inner,.app-header__inner,gap,14px,11.34px,-2.66,assets/css/components/shell/app-header.css :: .app-header__inner | assets/css/components/layout/responsive-page-contract.css :: .app-header__inner | assets/css/components/shell/doke-shell-contract.css :: .app-header__inner
carteira.html,810x1080,header inner,.app-header__inner,row-gap,14px,11.34px,-2.66,assets/css/components/shell/app-header.css :: .app-header__inner | assets/css/components/layout/responsive-page-contract.css :: .app-header__inner | assets/css/components/shell/doke-shell-contract.css :: .app-header__inner
carteira.html,810x1080,header inner,.app-header__inner,column-gap,14px,11.34px,-2.66,assets/css/components/shell/app-header.css :: .app-header__inner | assets/css/components/layout/responsive-page-contract.css :: .app-header__inner | assets/css/components/shell/doke-shell-contract.css :: .app-header__inner
carteira.html,810x1080,header inner,.app-header__inner,measured-child-gap-x,,11.33,,assets/css/components/shell/app-header.css :: .app-header__inner | assets/css/components/layout/responsive-page-contract.css :: .app-header__inner | assets/css/components/shell/doke-shell-contract.css :: .app-header__inner
carteira.html,810x1080,header inner,.app-header__inner,texto cortado,false,true,,assets/css/components/shell/app-header.css :: .app-header__inner | assets/css/components/layout/responsive-page-contract.css :: .app-header__inner | assets/css/components/shell/doke-shell-contract.css :: .app-header__inner
carteira.html,810x1080,page,document,overflow horizontal da página,810,818,8,"verificar containers com largura fixa, rails sem overflow controlado ou cards com min-width excessivo"
carteira.html,1024x768,headers,.topbar.topbar--location.internal-page-topbar,x,8,0,-8,assets/css/components/shell/desktop-topbar.css :: .topbar | assets/css/components/shell/desktop-search.css :: .topbar | assets/css/components/shell/responsive-boundary.css :: .topbar | assets/css/components/shell/desktop-base-stability.css :: .topbar | assets/css/components/shell/mobile-base-stability.css :: .topbar | assets/css/components/shell/app-header.css :: .topbar | assets/css/components/layout/responsive-page-contract.css :: .topbar | assets/css/components/shell/doke-shell-contract.css :: .topbar
carteira.html,1024x768,headers,.topbar.topbar--location.internal-page-topbar,y,8,0,-8,assets/css/components/shell/desktop-topbar.css :: .topbar | assets/css/components/shell/desktop-search.css :: .topbar | assets/css/components/shell/responsive-boundary.css :: .topbar | assets/css/components/shell/desktop-base-stability.css :: .topbar | assets/css/components/shell/mobile-base-stability.css :: .topbar | assets/css/components/shell/app-header.css :: .topbar | assets/css/components/layout/responsive-page-contract.css :: .topbar | assets/css/components/shell/doke-shell-contract.css :: .topbar
carteira.html,1024x768,headers,.topbar.topbar--location.internal-page-topbar,width,1024,0,-1024,assets/css/components/shell/desktop-topbar.css :: .topbar | assets/css/components/shell/desktop-search.css :: .topbar | assets/css/components/shell/responsive-boundary.css :: .topbar | assets/css/components/shell/desktop-base-stability.css :: .topbar | assets/css/components/shell/mobile-base-stability.css :: .topbar | assets/css/components/shell/app-header.css :: .topbar | assets/css/components/layout/responsive-page-contract.css :: .topbar | assets/css/components/shell/doke-shell-contract.css :: .topbar
carteira.html,1024x768,headers,.topbar.topbar--location.internal-page-topbar,height,96,0,-96,assets/css/components/shell/desktop-topbar.css :: .topbar | assets/css/components/shell/desktop-search.css :: .topbar | assets/css/components/shell/responsive-boundary.css :: .topbar | assets/css/components/shell/desktop-base-stability.css :: .topbar | assets/css/components/shell/mobile-base-stability.css :: .topbar | assets/css/components/shell/app-header.css :: .topbar | assets/css/components/layout/responsive-page-contract.css :: .topbar | assets/css/components/shell/doke-shell-contract.css :: .topbar
carteira.html,1024x768,headers,.topbar.topbar--location.internal-page-topbar,padding.top,22.53,20,-2.53,assets/css/components/shell/desktop-topbar.css :: .topbar | assets/css/components/shell/desktop-search.css :: .topbar | assets/css/components/shell/responsive-boundary.css :: .topbar | assets/css/components/shell/desktop-base-stability.css :: .topbar | assets/css/components/shell/mobile-base-stability.css :: .topbar | assets/css/components/shell/app-header.css :: .topbar | assets/css/components/layout/responsive-page-contract.css :: .topbar | assets/css/components/shell/doke-shell-contract.css :: .topbar
carteira.html,1024x768,headers,.topbar.topbar--location.internal-page-topbar,aspect-ratio,10.67,,,assets/css/components/shell/desktop-topbar.css :: .topbar | assets/css/components/shell/desktop-search.css :: .topbar | assets/css/components/shell/responsive-boundary.css :: .topbar | assets/css/components/shell/desktop-base-stability.css :: .topbar | assets/css/components/shell/mobile-base-stability.css :: .topbar | assets/css/components/shell/app-header.css :: .topbar | assets/css/components/layout/responsive-page-contract.css :: .topbar | assets/css/components/shell/doke-shell-contract.css :: .topbar
carteira.html,1024x768,headers,.topbar.topbar--location.internal-page-topbar,gap,16px,12px,-4,assets/css/components/shell/desktop-topbar.css :: .topbar | assets/css/components/shell/desktop-search.css :: .topbar | assets/css/components/shell/responsive-boundary.css :: .topbar | assets/css/components/shell/desktop-base-stability.css :: .topbar | assets/css/components/shell/mobile-base-stability.css :: .topbar | assets/css/components/shell/app-header.css :: .topbar | assets/css/components/layout/responsive-page-contract.css :: .topbar | assets/css/components/shell/doke-shell-contract.css :: .topbar
carteira.html,1024x768,headers,.topbar.topbar--location.internal-page-topbar,row-gap,16px,12px,-4,assets/css/components/shell/desktop-topbar.css :: .topbar | assets/css/components/shell/desktop-search.css :: .topbar | assets/css/components/shell/responsive-boundary.css :: .topbar | assets/css/components/shell/desktop-base-stability.css :: .topbar | assets/css/components/shell/mobile-base-stability.css :: .topbar | assets/css/components/shell/app-header.css :: .topbar | assets/css/components/layout/responsive-page-contract.css :: .topbar | assets/css/components/shell/doke-shell-contract.css :: .topbar
carteira.html,1024x768,headers,.topbar.topbar--location.internal-page-topbar,column-gap,16px,12px,-4,assets/css/components/shell/desktop-topbar.css :: .topbar | assets/css/components/shell/desktop-search.css :: .topbar | assets/css/components/shell/responsive-boundary.css :: .topbar | assets/css/components/shell/desktop-base-stability.css :: .topbar | assets/css/components/shell/mobile-base-stability.css :: .topbar | assets/css/components/shell/app-header.css :: .topbar | assets/css/components/layout/responsive-page-contract.css :: .topbar | assets/css/components/shell/doke-shell-contract.css :: .topbar
carteira.html,1024x768,headers,.app-header.app-header--wallet.home-side-meta,height,96,86,-10,assets/css/core/responsive-audit.css :: .home-side-meta | assets/css/components/shell/mobile-app-shell.css :: .home-side-meta | assets/css/components/shell/desktop-topbar.css :: .home-side-meta | assets/css/components/shell/mobile-base-stability.css :: .home-side-meta | assets/css/components/shell/app-header.css :: .app-header | assets/css/components/layout/responsive-page-contract.css :: .app-header | assets/css/components/shell/doke-shell-contract.css :: .app-header | assets/css/pages/carteira.css :: .app-header
carteira.html,1024x768,headers,.app-header.app-header--wallet.home-side-meta,padding.top,22.53,20,-2.53,assets/css/core/responsive-audit.css :: .home-side-meta | assets/css/components/shell/mobile-app-shell.css :: .home-side-meta | assets/css/components/shell/desktop-topbar.css :: .home-side-meta | assets/css/components/shell/mobile-base-stability.css :: .home-side-meta | assets/css/components/shell/app-header.css :: .app-header | assets/css/components/layout/responsive-page-contract.css :: .app-header | assets/css/components/shell/doke-shell-contract.css :: .app-header | assets/css/pages/carteira.css :: .app-header
carteira.html,1024x768,headers,.app-header.app-header--wallet.home-side-meta,aspect-ratio,10.67,11.91,1.24,assets/css/core/responsive-audit.css :: .home-side-meta | assets/css/components/shell/mobile-app-shell.css :: .home-side-meta | assets/css/components/shell/desktop-topbar.css :: .home-side-meta | assets/css/components/shell/mobile-base-stability.css :: .home-side-meta | assets/css/components/shell/app-header.css :: .app-header | assets/css/components/layout/responsive-page-contract.css :: .app-header | assets/css/components/shell/doke-shell-contract.css :: .app-header | assets/css/pages/carteira.css :: .app-header
carteira.html,1024x768,header inner,.app-header__inner,x,38.72,60,21.28,assets/css/components/shell/app-header.css :: .app-header__inner | assets/css/components/layout/responsive-page-contract.css :: .app-header__inner | assets/css/components/shell/doke-shell-contract.css :: .app-header__inner
carteira.html,1024x768,header inner,.app-header__inner,y,30.52,28,-2.52,assets/css/components/shell/app-header.css :: .app-header__inner | assets/css/components/layout/responsive-page-contract.css :: .app-header__inner | assets/css/components/shell/doke-shell-contract.css :: .app-header__inner
carteira.html,1024x768,header inner,.app-header__inner,width,962.55,920,-42.55,assets/css/components/shell/app-header.css :: .app-header__inner | assets/css/components/layout/responsive-page-contract.css :: .app-header__inner | assets/css/components/shell/doke-shell-contract.css :: .app-header__inner
carteira.html,1024x768,header inner,.app-header__inner,aspect-ratio,20.05,19.17,-0.88,assets/css/components/shell/app-header.css :: .app-header__inner | assets/css/components/layout/responsive-page-contract.css :: .app-header__inner | assets/css/components/shell/doke-shell-contract.css :: .app-header__inner
carteira.html,1024x768,header inner,.app-header__inner,measured-child-gap-x,,12,,assets/css/components/shell/app-header.css :: .app-header__inner | assets/css/components/layout/responsive-page-contract.css :: .app-header__inner | assets/css/components/shell/doke-shell-contract.css :: .app-header__inner
carteira.html,1024x768,page,document,overflow horizontal da página,1024,1032,8,"verificar containers com largura fixa, rails sem overflow controlado ou cards com min-width excessivo"
carteira.html,1280x800,headers,.topbar.topbar--location.internal-page-topbar,x,280,0,-280,assets/css/components/shell/desktop-topbar.css :: .topbar | assets/css/components/shell/desktop-search.css :: .topbar | assets/css/components/shell/responsive-boundary.css :: .topbar | assets/css/components/shell/desktop-base-stability.css :: .topbar | assets/css/components/shell/mobile-base-stability.css :: .topbar | assets/css/components/shell/app-header.css :: .topbar | assets/css/components/layout/responsive-page-contract.css :: .topbar | assets/css/components/shell/doke-shell-contract.css :: .topbar
carteira.html,1280x800,headers,.topbar.topbar--location.internal-page-topbar,y,8,0,-8,assets/css/components/shell/desktop-topbar.css :: .topbar | assets/css/components/shell/desktop-search.css :: .topbar | assets/css/components/shell/responsive-boundary.css :: .topbar | assets/css/components/shell/desktop-base-stability.css :: .topbar | assets/css/components/shell/mobile-base-stability.css :: .topbar | assets/css/components/shell/app-header.css :: .topbar | assets/css/components/layout/responsive-page-contract.css :: .topbar | assets/css/components/shell/doke-shell-contract.css :: .topbar
carteira.html,1280x800,headers,.topbar.topbar--location.internal-page-topbar,width,1008,0,-1008,assets/css/components/shell/desktop-topbar.css :: .topbar | assets/css/components/shell/desktop-search.css :: .topbar | assets/css/components/shell/responsive-boundary.css :: .topbar | assets/css/components/shell/desktop-base-stability.css :: .topbar | assets/css/components/shell/mobile-base-stability.css :: .topbar | assets/css/components/shell/app-header.css :: .topbar | assets/css/components/layout/responsive-page-contract.css :: .topbar | assets/css/components/shell/doke-shell-contract.css :: .topbar
carteira.html,1280x800,headers,.topbar.topbar--location.internal-page-topbar,height,96,0,-96,assets/css/components/shell/desktop-topbar.css :: .topbar | assets/css/components/shell/desktop-search.css :: .topbar | assets/css/components/shell/responsive-boundary.css :: .topbar | assets/css/components/shell/desktop-base-stability.css :: .topbar | assets/css/components/shell/mobile-base-stability.css :: .topbar | assets/css/components/shell/app-header.css :: .topbar | assets/css/components/layout/responsive-page-contract.css :: .topbar | assets/css/components/shell/doke-shell-contract.css :: .topbar
carteira.html,1280x800,headers,.topbar.topbar--location.internal-page-topbar,padding.top,28.16,14,-14.16,assets/css/components/shell/desktop-topbar.css :: .topbar | assets/css/components/shell/desktop-search.css :: .topbar | assets/css/components/shell/responsive-boundary.css :: .topbar | assets/css/components/shell/desktop-base-stability.css :: .topbar | assets/css/components/shell/mobile-base-stability.css :: .topbar | assets/css/components/shell/app-header.css :: .topbar | assets/css/components/layout/responsive-page-contract.css :: .topbar | assets/css/components/shell/doke-shell-contract.css :: .topbar
carteira.html,1280x800,headers,.topbar.topbar--location.internal-page-topbar,padding.right,38.4,0,-38.4,assets/css/components/shell/desktop-topbar.css :: .topbar | assets/css/components/shell/desktop-search.css :: .topbar | assets/css/components/shell/responsive-boundary.css :: .topbar | assets/css/components/shell/desktop-base-stability.css :: .topbar | assets/css/components/shell/mobile-base-stability.css :: .topbar | assets/css/components/shell/app-header.css :: .topbar | assets/css/components/layout/responsive-page-contract.css :: .topbar | assets/css/components/shell/doke-shell-contract.css :: .topbar
carteira.html,1280x800,headers,.topbar.topbar--location.internal-page-topbar,padding.bottom,19.2,10,-9.2,assets/css/components/shell/desktop-topbar.css :: .topbar | assets/css/components/shell/desktop-search.css :: .topbar | assets/css/components/shell/responsive-boundary.css :: .topbar | assets/css/components/shell/desktop-base-stability.css :: .topbar | assets/css/components/shell/mobile-base-stability.css :: .topbar | assets/css/components/shell/app-header.css :: .topbar | assets/css/components/layout/responsive-page-contract.css :: .topbar | assets/css/components/shell/doke-shell-contract.css :: .topbar
carteira.html,1280x800,headers,.topbar.topbar--location.internal-page-topbar,padding.left,38.4,0,-38.4,assets/css/components/shell/desktop-topbar.css :: .topbar | assets/css/components/shell/desktop-search.css :: .topbar | assets/css/components/shell/responsive-boundary.css :: .topbar | assets/css/components/shell/desktop-base-stability.css :: .topbar | assets/css/components/shell/mobile-base-stability.css :: .topbar | assets/css/components/shell/app-header.css :: .topbar | assets/css/components/layout/responsive-page-contract.css :: .topbar | assets/css/components/shell/doke-shell-contract.css :: .topbar
carteira.html,1280x800,headers,.topbar.topbar--location.internal-page-topbar,aspect-ratio,10.5,,,assets/css/components/shell/desktop-topbar.css :: .topbar | assets/css/components/shell/desktop-search.css :: .topbar | assets/css/components/shell/responsive-boundary.css :: .topbar | assets/css/components/shell/desktop-base-stability.css :: .topbar | assets/css/components/shell/mobile-base-stability.css :: .topbar | assets/css/components/shell/app-header.css :: .topbar | assets/css/components/layout/responsive-page-contract.css :: .topbar | assets/css/components/shell/doke-shell-contract.css :: .topbar
carteira.html,1280x800,headers,.topbar.topbar--location.internal-page-topbar,gap,16px,12px,-4,assets/css/components/shell/desktop-topbar.css :: .topbar | assets/css/components/shell/desktop-search.css :: .topbar | assets/css/components/shell/responsive-boundary.css :: .topbar | assets/css/components/shell/desktop-base-stability.css :: .topbar | assets/css/components/shell/mobile-base-stability.css :: .topbar | assets/css/components/shell/app-header.css :: .topbar | assets/css/components/layout/responsive-page-contract.css :: .topbar | assets/css/components/shell/doke-shell-contract.css :: .topbar
carteira.html,1280x800,headers,.topbar.topbar--location.internal-page-topbar,row-gap,16px,12px,-4,assets/css/components/shell/desktop-topbar.css :: .topbar | assets/css/components/shell/desktop-search.css :: .topbar | assets/css/components/shell/responsive-boundary.css :: .topbar | assets/css/components/shell/desktop-base-stability.css :: .topbar | assets/css/components/shell/mobile-base-stability.css :: .topbar | assets/css/components/shell/app-header.css :: .topbar | assets/css/components/layout/responsive-page-contract.css :: .topbar | assets/css/components/shell/doke-shell-contract.css :: .topbar
carteira.html,1280x800,headers,.topbar.topbar--location.internal-page-topbar,column-gap,16px,12px,-4,assets/css/components/shell/desktop-topbar.css :: .topbar | assets/css/components/shell/desktop-search.css :: .topbar | assets/css/components/shell/responsive-boundary.css :: .topbar | assets/css/components/shell/desktop-base-stability.css :: .topbar | assets/css/components/shell/mobile-base-stability.css :: .topbar | assets/css/components/shell/app-header.css :: .topbar | assets/css/components/layout/responsive-page-contract.css :: .topbar | assets/css/components/shell/doke-shell-contract.css :: .topbar
carteira.html,1280x800,headers,.app-header.app-header--wallet.home-side-meta,x,280,326.41,46.41,assets/css/core/responsive-audit.css :: .home-side-meta | assets/css/components/shell/mobile-app-shell.css :: .home-side-meta | assets/css/components/shell/desktop-topbar.css :: .home-side-meta | assets/css/components/shell/mobile-base-stability.css :: .home-side-meta | assets/css/components/shell/app-header.css :: .app-header | assets/css/components/layout/responsive-page-contract.css :: .app-header | assets/css/components/shell/doke-shell-contract.css :: .app-header | assets/css/pages/carteira.css :: .app-header
carteira.html,1280x800,headers,.app-header.app-header--wallet.home-side-meta,width,1008,923.19,-84.81,assets/css/core/responsive-audit.css :: .home-side-meta | assets/css/components/shell/mobile-app-shell.css :: .home-side-meta | assets/css/components/shell/desktop-topbar.css :: .home-side-meta | assets/css/components/shell/mobile-base-stability.css :: .home-side-meta | assets/css/components/shell/app-header.css :: .app-header | assets/css/components/layout/responsive-page-contract.css :: .app-header | assets/css/components/shell/doke-shell-contract.css :: .app-header | assets/css/pages/carteira.css :: .app-header
carteira.html,1280x800,headers,.app-header.app-header--wallet.home-side-meta,padding.right,38.4,0,-38.4,assets/css/core/responsive-audit.css :: .home-side-meta | assets/css/components/shell/mobile-app-shell.css :: .home-side-meta | assets/css/components/shell/desktop-topbar.css :: .home-side-meta | assets/css/components/shell/mobile-base-stability.css :: .home-side-meta | assets/css/components/shell/app-header.css :: .app-header | assets/css/components/layout/responsive-page-contract.css :: .app-header | assets/css/components/shell/doke-shell-contract.css :: .app-header | assets/css/pages/carteira.css :: .app-header
carteira.html,1280x800,headers,.app-header.app-header--wallet.home-side-meta,padding.left,38.4,0,-38.4,assets/css/core/responsive-audit.css :: .home-side-meta | assets/css/components/shell/mobile-app-shell.css :: .home-side-meta | assets/css/components/shell/desktop-topbar.css :: .home-side-meta | assets/css/components/shell/mobile-base-stability.css :: .home-side-meta | assets/css/components/shell/app-header.css :: .app-header | assets/css/components/layout/responsive-page-contract.css :: .app-header | assets/css/components/shell/doke-shell-contract.css :: .app-header | assets/css/pages/carteira.css :: .app-header
carteira.html,1280x800,headers,.app-header.app-header--wallet.home-side-meta,aspect-ratio,10.5,9.62,-0.88,assets/css/core/responsive-audit.css :: .home-side-meta | assets/css/components/shell/mobile-app-shell.css :: .home-side-meta | assets/css/components/shell/desktop-topbar.css :: .home-side-meta | assets/css/components/shell/mobile-base-stability.css :: .home-side-meta | assets/css/components/shell/app-header.css :: .app-header | assets/css/components/layout/responsive-page-contract.css :: .app-header | assets/css/components/shell/doke-shell-contract.css :: .app-header | assets/css/pages/carteira.css :: .app-header
carteira.html,1280x800,header inner,.app-header__inner,x,366.39,326.41,-39.98,assets/css/components/shell/app-header.css :: .app-header__inner | assets/css/components/layout/responsive-page-contract.css :: .app-header__inner | assets/css/components/shell/doke-shell-contract.css :: .app-header__inner
carteira.html,1280x800,header inner,.app-header__inner,width,835.22,923.19,87.97,assets/css/components/shell/app-header.css :: .app-header__inner | assets/css/components/layout/responsive-page-contract.css :: .app-header__inner | assets/css/components/shell/doke-shell-contract.css :: .app-header__inner
carteira.html,1280x800,header inner,.app-header__inner,aspect-ratio,17.4,19.23,1.83,assets/css/components/shell/app-header.css :: .app-header__inner | assets/css/components/layout/responsive-page-contract.css :: .app-header__inner | assets/css/components/shell/doke-shell-contract.css :: .app-header__inner
carteira.html,1280x800,page,document,overflow horizontal da página,1280,1288,8,"verificar containers com largura fixa, rails sem overflow controlado ou cards com min-width excessivo"
